X,Y,ANGLE
100.0,500.0,0
100.00029088810611,499.80000021153984,0.08333333333333333
100.00203621182001,499.4000040192515,0.25
100.00465419739086,498.8000097308191,0.25
100.00814484481866,498.00001734624254,0.25
100.0125081541034,497.0000268655218,0.25
100.0177441252451,495.80003828865694,0.25
100.02385275824375,494.4000516156479,0.25
100.03083405309934,492.8000668464947,0.25
100.06224838468646,491.0003409952132,1.0
100.12623287083728,489.00136476085424,1.8333333333333333
100.23178475358424,486.80389831058733,2.75
100.38875226373658,484.4090368948147,3.75
100.6078219332155,481.8182824718879,4.833333333333334
100.90050163036493,479.03362116485675,6.000000000000001
101.27909853777241,476.0576063158176,7.250000000000001
101.68293523900707,472.8831904768425,7.250000000000001
102.11201173406889,469.5103736479315,7.250000000000001
102.56632802295788,465.9391558290845,7.250000000000001
103.04588410567403,462.16953702030156,7.250000000000001
103.55067998221735,458.2015172215827,7.250000000000001
104.08071565258783,454.0350964329279,7.250000000000001
104.63599111678548,449.67027465433716,7.250000000000001
105.36880270989609,445.12902073399727,9.166666666666668
106.29838809456334,440.4198943805626,11.166666666666668
107.44439004917541,435.5529980882603,13.250000000000002
108.82674011038614,430.5401038834849,15.41666666666667
110.46552548740047,425.3947776073306,17.66666666666667
112.16500661911903,420.05888369131867,17.66666666666667
113.92518350554181,414.5324221354492,17.66666666666667
115.74605614666883,408.8153929397222,17.66666666666667
117.56692878779586,403.09836374399515,17.66666666666667
119.38780142892288,397.3813345482681,17.66666666666667
121.20867407004991,391.6643053525411,17.66666666666667
123.02954671117693,385.94727615681404,17.66666666666667
125.10624905364189,380.31812814127915,20.250000000000004
127.4345600881426,374.788302852301,22.833333333333336
130.00974739716597,369.36903995745587,25.416666666666668
132.8265767738813,364.0713544003023,28.0
135.8793228609475,358.9060140119153,30.583333333333332
139.16178078760998,353.88351762469006,33.166666666666664
142.6672787814346,349.0140737329,35.75
146.1727767752592,344.1446298411099,35.75
149.6782747690838,339.27518594931985,35.75
153.1837727629084,334.4057420575298,35.75
156.689270756733,329.5362981657397,35.75
160.1947687505576,324.66685427394964,35.75
163.91618169816718,319.96036028443217,38.333333333333336
167.84594562741802,315.42638239957665,40.91666666666667
171.97607308158055,311.07413617350295,43.50000000000001
176.298169354275,306.9124677809516,46.08333333333334
180.80344955216398,302.94983603695755,48.66666666666668
185.48275645072127,299.1942952038532,51.250000000000014
190.32657910678344,295.6534786205466,53.83333333333335
195.17040176284561,292.11266203724,53.83333333333335
200.0142244189078,288.5718454539334,53.83333333333335
204.85804707496996,285.0310288706268,53.83333333333335
209.70186973103213,281.4902122873202,53.83333333333335
214.5456923870943,277.9493957040136,53.83333333333335
219.38951504315648,274.40857912070703,53.83333333333335
224.38800812642688,271.08968368750976,56.416666666666686
229.53101193063955,267.99945523804945,59.00000000000002
234.80807302370903,265.14417482799996,61.58333333333336
240.20846549489374,262.5296459684975,64.16666666666669
245.72121275578712,260.1611828301919,66.75000000000001
251.33510985082432,258.04359944190867,69.33333333333334
257.03874623195753,256.1811999058763,71.91666666666667
262.82052895120927,254.57776964940678,74.5
268.66870622396306,253.2365677308107,77.08333333333333
274.5713913150984,252.16032021518595,79.66666666666666
280.5165866994197,251.3512146335436,82.24999999999999
286.49220844727205,250.8108955365334,84.83333333333331
292.4861107857788,250.5404611518059,87.41666666666664
298.4861107857788,250.5404611518059,89.99999999999997
304.48001312428556,250.8108955365334,92.5833333333333
310.4556348721379,251.3512146335436,95.16666666666663
316.4008302564592,252.16032021518595,97.74999999999996
322.30351534759455,253.2365677308107,100.33333333333329
328.15169262034834,254.57776964940678,102.91666666666661
333.9334753396001,256.1811999058763,105.49999999999994
339.6371117207333,258.04359944190867,108.08333333333327
345.3407481018665,259.905998977941,108.08333333333327
351.0443844829997,261.76839851397335,108.08333333333327
356.7480208641329,263.6307980500057,108.08333333333327
362.4516572452661,265.49319758603804,108.08333333333327
368.1552936263993,267.3555971220704,108.08333333333327
373.85893000753254,269.2179966581027,108.08333333333327
379.56256638866574,271.08039619413506,108.08333333333327
385.26620276979895,272.9427957301674,108.08333333333327
390.96983915093216,274.80519526619975,108.08333333333327
396.67347553206537,276.6675948022321,108.08333333333327
402.3771119131986,278.52999433826443,108.08333333333327
408.0807482943318,280.3923938742968,108.08333333333327
413.784384675465,282.2547934103291,108.08333333333327
419.4880210565982,284.11719294636146,108.08333333333327
425.1916574377314,285.9795924823938,108.08333333333327
430.8952938188646,287.84199201842614,108.08333333333327
436.5989301999978,289.7043915544585,108.08333333333327
442.30256658113103,291.5667910904908,108.08333333333327
448.00620296226424,293.42919062652317,108.08333333333327
453.70983934339745,295.2915901625555,108.08333333333327
459.41347572453066,297.15398969858785,108.08333333333327
465.11711210566386,299.0163892346202,108.08333333333327
470.8207484867971,300.87878877065253,108.08333333333327
476.5243848679303,302.7411883066849,108.08333333333327
482.2280212490635,304.6035878427172,108.08333333333327
487.9316576301967,306.46598737874956,108.08333333333327
493.6352940113299,308.3283869147819,108.08333333333327
499.3389303924631,310.19078645081424,108.08333333333327
505.0425667735963,312.0531859868466,108.08333333333327
510.7462031547295,313.9155855228789,108.08333333333327
516.4498395358628,315.77798505891127,108.08333333333327
522.1534759169961,317.6403845949436,108.08333333333327
527.8571122981293,319.50278413097595,108.08333333333327
533.5607486792626,321.3651836670083,108.08333333333327
539.2643850603959,323.22758320304064,108.08333333333327
544.9680214415291,325.089982739073,108.08333333333327
550.6716578226624,326.9523822751053,108.08333333333327
556.3752942037956,328.81478181113766,108.08333333333327
562.0789305849289,330.67718134717,108.08333333333327
567.8607133041806,332.28061160363956,105.49999999999994
573.7088905769344,333.62181352223564,102.91666666666661
579.6115756680698,334.6980610378604,100.33333333333329
585.5567710523911,335.5071666195027,97.74999999999996
591.5323928002434,336.04748571651294,95.16666666666663
597.5262951387502,336.3179201012404,92.5833333333333
603.5262951387502,336.3179201012404,89.99999999999997
609.520197477257,336.04748571651294,87.41666666666664
615.4958192251094,335.5071666195027,84.83333333333331
621.4410146094307,334.6980610378604,82.24999999999999
627.343699700566,333.62181352223564,79.66666666666666
633.1918769733198,332.28061160363956,77.08333333333333
638.9736596925716,330.67718134717,74.5
644.6772960737048,328.81478181113766,71.91666666666667
650.291193168742,326.69719842285446,69.33333333333334
655.8039404296354,324.3287352845488,66.75000000000001
661.2043329008202,321.71420642504637,64.16666666666669
666.4813939938897,318.8589260149969,61.58333333333335
671.7584550869592,316.0036456049474,61.58333333333335
677.0355161800287,313.1483651948979,61.58333333333335
682.3125772730982,310.2930847848484,61.58333333333335
687.5896383661677,307.43780437479893,61.58333333333335
692.8666994592372,304.58252396474944,61.58333333333335
698.1437605523067,301.72724355469995,61.58333333333335
703.4208216453762,298.87196314465046,61.58333333333335
708.6978827384457,296.016682734601,61.58333333333335
713.9749438315152,293.1614023245515,61.58333333333335
719.2520049245848,290.306121914502,61.58333333333335
724.5290660176543,287.4508415044525,61.58333333333335
729.8061271107238,284.595561094403,61.58333333333335
735.0831882037933,281.74028068435354,61.58333333333335
740.3602492968628,278.88500027430405,61.58333333333335
745.6373103899323,276.02971986425456,61.58333333333335
750.9143714830018,273.17443945420507,61.58333333333335
756.1914325760713,270.3191590441556,61.58333333333335
761.4684936691408,267.4638786341061,61.58333333333335
766.7455547622103,264.6085982240566,61.58333333333335
772.0226158552798,261.7533178140071,61.58333333333335
777.2996769483493,258.89803740395763,61.58333333333335
782.442680752562,255.80780895449732,59.000000000000014
787.4411738358324,252.48891352130002,56.41666666666668
792.2849964918945,248.94809693799343,53.83333333333334
796.9643033904518,245.19255610488906,51.25000000000001
801.4695835883408,241.229924360895,48.66666666666667
805.9748637862298,237.26729261690096,48.66666666666667
810.4801439841187,233.3046608729069,48.66666666666667
814.9854241820077,229.34202912891286,48.66666666666667
819.4907043798967,225.3793973849188,48.66666666666667
823.9959845777856,221.41676564092475,48.66666666666667
828.5012647756746,217.4541338969307,48.66666666666667
833.0065449735636,213.49150215293665,48.66666666666667
837.5118251714525,209.5288704089426,48.66666666666667
842.0171053693415,205.56623866494854,48.66666666666667
846.5223855672305,201.6036069209545,48.66666666666667
851.0276657651194,197.64097517696044,48.66666666666667
855.5329459630084,193.6783434329664,48.66666666666667
860.0382261608974,189.71571168897233,48.66666666666667
864.5435063587863,185.75307994497828,48.66666666666667
869.0487865566753,181.79044820098423,48.66666666666667
873.7280934552326,178.03490736787987,51.25000000000001
878.5719161112947,174.49409078457327,53.83333333333334
883.5704091945652,171.17519535137598,56.41666666666668
888.7134129987778,168.08496690191566,59.000000000000014
893.9904740918473,165.22968649186615,61.58333333333335
899.3908665630321,162.61515763236366,64.16666666666669
904.9036138239255,160.24669449405806,66.75000000000001
910.5175109189627,158.12911110577485,69.33333333333334
916.1314080139998,156.01152771749165,69.33333333333334
921.745305109037,153.89394432920844,69.33333333333334
927.3592022040741,151.77636094092523,69.33333333333334
932.9730992991113,149.65877755264202,69.33333333333334
938.5869963941484,147.5411941643588,69.33333333333334
944.2008934891855,145.4236107760756,69.33333333333334
949.9045298703188,143.56121124004326,71.91666666666667
955.6863125895705,141.9577809835737,74.5
961.5344898623243,140.61657906497763,77.08333333333333
967.4371749534597,139.54033154935289,79.66666666666666
973.382370337781,138.73122596771054,82.24999999999999
979.3579920856333,138.19090687070033,84.83333333333331
985.3336138334856,137.65058777369012,84.83333333333331
991.3092355813379,137.1102686766799,84.83333333333331
997.2848573291902,136.5699495796697,84.83333333333331
1003.2604790770425,136.02963048265948,84.83333333333331
1009.2361008248948,135.48931138564927,84.83333333333331
1012.223911698821,135.21915183714415,84.83333333333331
1015.2117225727471,134.94899228863903,84.83333333333331
1018.1995334466733,134.6788327401339,84.83333333333331
1021.1873443205994,134.4086731916288,84.83333333333331
1024.1751551945256,134.13851364312367,84.83333333333331
1027.1629660684519,133.86835409461855,84.83333333333331
1030.1507769423781,133.59819454611343,84.83333333333331
1033.1385878163044,133.3280349976083,84.83333333333331
1036.1263986902306,133.0578754491032,84.83333333333331
1039.114209564157,132.78771590059807,84.83333333333331
1042.1020204380832,132.51755635209295,84.83333333333331
1045.0898313120094,132.24739680358783,84.83333333333331
1048.0776421859357,131.9772372550827,84.83333333333331
1051.065453059862,131.7070777065776,84.83333333333331
1054.058741288388,131.5065145470325,86.16666666666664
1057.25569559745,131.36693250746345,87.49999999999997
1060.6550878614955,131.30265004369713,88.91666666666664
1064.2549926689715,131.32882975172345,90.41666666666664
1068.0526778116441,131.46144783919294,91.99999999999997
1072.044489782708,131.7172547735593,93.66666666666664
1076.2358923523252,131.98585205464394,93.66666666666664
1080.6268855204955,132.26723968244693,93.66666666666664
1085.2174692872193,132.56141765696822,93.66666666666664
1090.0076436524962,132.86838597820784,93.66666666666664
1094.9974086163263,133.18814464616577,93.66666666666664
1100.1867641787096,133.520693660842,93.66666666666664
1105.575710339646,133.86603302223656,93.66666666666664
1111.1642470991358,134.22416273034943,93.66666666666664
1116.9523744571786,134.59508278518064,93.66666666666664
1122.9400924137747,134.97879318673014,93.66666666666664
1128.9278103703707,135.36250358827965,93.66666666666664
1134.9155283269668,135.74621398982916,93.66666666666664
1140.9032462835628,136.12992439137867,93.66666666666664
1146.8909642401588,136.51363479292817,93.66666666666664
1152.8786821967549,136.89734519447768,93.66666666666664
1158.866400153351,137.2810555960272,93.66666666666664
1164.8307381826849,137.93425684513898,96.24999999999997
1170.7595734466454,138.8556212751117,98.8333333333333
1176.640855268403,140.0432761631434,101.41666666666663
1182.462629626059,141.4948075367414,103.99999999999996
1188.2130634498392,143.2072650802514,106.58333333333329
1193.8804686734447,145.17716813153277,109.16666666666661
1199.4533259906764,147.40051275659178,111.74999999999994
1204.9203082690437,149.87277988779297,114.33333333333327
1210.2703035727725,152.58894450910742,116.9166666666666
1215.492437748412,155.54348586972822,119.49999999999993
1220.576096527137,158.73039870529377,122.08333333333326
1225.510947098821,162.14320544391086,124.66666666666659
1230.2869591140286,165.77496937216821,127.24999999999991
1234.8944250712414,169.6183087343799,129.83333333333326
1239.3239800478761,173.66541173640113,132.4166666666666
1243.5666207349955,177.90805242352042,134.99999999999994
1247.6137237370167,182.33760740015526,137.5833333333333
1251.4570630992284,186.945073357368,140.16666666666663
1255.0888270274859,191.72108537257571,142.74999999999997
1258.501633766103,196.65593594425968,145.33333333333331
1261.6885466016686,201.73959472298463,147.91666666666666
1264.6430879622894,206.96172889862405,150.5
1267.3592525836038,212.3117242023528,153.08333333333334
1269.8315197148052,217.7787064807201,155.66666666666669
1272.0548643398643,223.35156379795166,158.25000000000003
1274.0247673911456,229.0189690215573,160.83333333333337
1275.7372249346556,234.76940284533754,163.4166666666667
1277.1887563082537,240.59117720299352,166.00000000000006
1278.3764111962853,246.47245902475095,168.5833333333334
1279.297775626258,252.4012942887114,171.16666666666674
1279.9509768753699,258.3656323180453,173.75000000000009
1280.3346872769193,264.35335027464134,176.33333333333343
1280.4481269188598,270.35227779942744,178.91666666666677
1280.2910652290125,276.35022174928076,181.5000000000001
1279.863821443717,282.3349909802475,184.08333333333346
1279.4365776584214,288.3197602112142,184.08333333333346
1279.0093338731258,294.3045294421809,184.08333333333346
1278.5820900878302,300.28929867314764,184.08333333333346
1278.1548463025347,306.27406790411436,184.08333333333346
1277.7276025172391,312.2588371350811,184.08333333333346
1277.3003587319436,318.2436063660478,184.08333333333346
1276.873114946648,324.2283755970145,184.08333333333346
1276.4458711613524,330.21314482798124,184.08333333333346
1276.0186273760569,336.19791405894796,184.08333333333346
1275.5913835907613,342.1826832899147,184.08333333333346
1275.1641398054658,348.1674525208814,184.08333333333346
1274.7368960201702,354.1522217518481,184.08333333333346
1274.3096522348746,360.13699098281484,184.08333333333346
1273.882408449579,366.12176021378156,184.08333333333346
1273.4551646642835,372.1065294447483,184.08333333333346
1273.027920878988,378.091298675715,184.08333333333346
1272.6006770936924,384.0760679066817,184.08333333333346
1272.1734333083969,390.06083713764843,184.08333333333346
1271.7461895231013,396.04560636861515,184.08333333333346
1271.3189457378057,402.0303755995819,184.08333333333346
1270.8917019525102,408.0151448305486,184.08333333333346
1270.4644581672146,413.9999140615153,184.08333333333346
1270.037214381919,419.98468329248203,184.08333333333346
1269.6099705966235,425.96945252344875,184.08333333333346
1269.182726811328,431.95422175441547,184.08333333333346
1268.7554830260324,437.9389909853822,184.08333333333346
1268.3282392407368,443.9237602163489,184.08333333333346
1267.6316817559855,449.8831903628006,186.6666666666668
1266.6672263623625,455.80516856216195,189.25000000000014
1265.436833367373,461.6776580749564,191.83333333333348
1263.943003611013,467.48872275012684,194.41666666666683
1262.1887733826766,473.22655128590503,197.00000000000017
1260.177708249735,478.8794812369186,199.5833333333335
1257.9138958103285,484.4360227187388,202.16666666666686
1255.401937385104,489.88488176168926,204.7500000000002
1252.6469386647818,495.2149832664473,207.33333333333354
1249.6544993325658,500.4154935147793,209.91666666666688
1246.4307016824848,505.4758421896566,212.50000000000023
1242.9820982568033,510.38574385999345,215.08333333333357
1239.3156985276257,515.1352188863397,217.6666666666669
1235.438954649768,519.7146137050348,220.25000000000026
1231.359746313851,524.1146204495961,222.8333333333336
1227.0863647304059,528.3262958694584,225.41666666666694
1222.6274957775415,532.3410795076115,228.00000000000028
1217.9922023464303,536.1508111001909,230.58333333333363
1213.1899059204939,539.7477471626528,233.16666666666697
1208.2303674257307,543.1245767288232,235.7500000000003
1203.1236673911087,546.2744362108305,238.33333333333366
1197.8801854593473,549.1909233497172,240.916666666667
1192.5105792897352,551.868110228376,243.50000000000034
1187.0257628958636,554.3005553203602,246.08333333333368
1181.4368844623068,556.4833145500791,248.66666666666703
1175.7553036853362,558.411951341898,251.25000000000037
1169.9925686837266,560.082545637717,253.8333333333337
1164.1603925265829,561.4917018647,256.416666666667
1158.270629425897,562.6365558369592,259.00000000000034
1152.335250642223,563.5147805771674,261.58333333333366
1146.3663201524466,564.1245910462642,264.16666666666697
1140.3759701291026,564.4647477716444,266.7500000000003
1134.37637628108,564.5345593664528,269.3333333333336
1128.3797331058395,564.3338839348647,271.9166666666669
1122.3982291034406,563.8631293604976,274.5000000000002
1116.444022002759,563.1232524773651,277.08333333333354
1110.5292140502484,562.1157571250604,279.66666666666686
1104.6658274114723,560.8426910921218,282.25000000000017
1098.8657797354065,559.3066419537915,284.8333333333335
1093.1408599311756,557.5107318126305,287.4166666666668
1087.50270420646,555.4586109526765,290.0000000000001
1081.8645484817446,553.4064900927225,290.0000000000001
1076.226392757029,551.3543692327685,290.0000000000001
1070.5882370323136,549.3022483728145,290.0000000000001
1064.950081307598,547.2501275128604,290.0000000000001
1059.3119255828826,545.1980066529064,290.0000000000001
1053.6737698581671,543.1458857929524,290.0000000000001
1048.0356141334516,541.0937649329984,290.0000000000001
1042.3974584087362,539.0416440730444,290.0000000000001
1036.7593026840207,536.9895232130904,290.0000000000001
1031.1211469593052,534.9374023531363,290.0000000000001
1025.4829912345897,532.8852814931823,290.0000000000001
1019.8448355098742,530.8331606332283,290.0000000000001
1014.2066797851587,528.7810397732743,290.0000000000001
1008.5685240604432,526.7289189133203,290.0000000000001
1002.8436042562123,524.9330087721593,287.4166666666668
997.0435565801466,523.396959633829,284.8333333333335
991.1801699413705,522.1238936008904,282.25000000000017
985.2653619888598,521.1163982485857,279.66666666666686
979.3111548881783,520.3765213654532,277.08333333333354
973.3296508857795,519.9057667910861,274.5000000000002
967.3330077105392,519.705091359498,271.9166666666669
961.3334138625166,519.7749029543064,269.3333333333336
955.3430638391725,520.1150596796866,266.7500000000003
949.3527138158283,520.4552164050668,266.7500000000003
943.3623637924842,520.795373130447,266.7500000000003
937.37201376914,521.1355298558273,266.7500000000003
931.3816637457959,521.4756865812075,266.7500000000003
925.3913137224517,521.8158433065877,266.7500000000003
919.4009636991076,522.1560000319679,266.7500000000003
913.4106136757634,522.4961567573481,266.7500000000003
907.4416831859872,523.1059672264449,264.16666666666697
901.5063044023134,523.984191966653,261.58333333333366
895.6165413016274,525.1290459389123,259.00000000000034
889.7843651444838,526.5382021658953,256.416666666667
884.0216301428742,528.2087964617143,253.83333333333368
878.3400493659035,530.1374332535332,251.25000000000034
872.7511709323467,532.3201924832521,248.666666666667
867.2663545384751,534.7526375752362,246.08333333333366
861.8967483688629,537.4298244538951,243.5000000000003
856.6532664371015,540.3463115927818,240.91666666666697
851.5465664024795,543.4961710747891,238.33333333333363
846.4398663678575,546.6460305567964,238.33333333333363
841.3331663332355,549.7958900388037,238.33333333333363
836.2264662986134,552.945749520811,238.33333333333363
831.1197662639914,556.0956090028183,238.33333333333363
826.0130662293694,559.2454684848256,238.33333333333363
820.9063661947474,562.3953279668328,238.33333333333363
815.7996661601254,565.5451874488401,238.33333333333363
810.6929661255034,568.6950469308474,238.33333333333363
805.5862660908814,571.8449064128547,238.33333333333363
800.4795660562594,574.994765894862,238.33333333333363
795.3728660216374,578.1446253768693,238.33333333333363
790.2661659870154,581.2944848588766,238.33333333333363
785.1594659523934,584.4443443408838,238.33333333333363
780.0527659177714,587.5942038228911,238.33333333333363
774.9460658831493,590.7440633048984,238.33333333333363
769.8393658485273,593.8939227869057,238.33333333333363
764.7326658139053,597.043782268913,238.33333333333363
759.6259657792833,600.1936417509203,238.33333333333363
754.5192657446613,603.3435012329276,238.33333333333363
749.4125657100393,606.4933607149349,238.33333333333363
744.3058656754173,609.6432201969421,238.33333333333363
739.1991656407953,612.7930796789494,238.33333333333363
734.0924656061733,615.9429391609567,238.33333333333363
728.9857655715513,619.092798642964,238.33333333333363
723.8790655369293,622.2426581249713,238.33333333333363
718.7723655023073,625.3925176069786,238.33333333333363
713.6656654676852,628.5423770889859,238.33333333333363
708.5589654330632,631.6922365709931,238.33333333333363
703.4522653984412,634.8420960530004,238.33333333333363
698.3455653638192,637.9919555350077,238.33333333333363
693.2388653291972,641.141815017015,238.33333333333363
688.1321652945752,644.2916744990223,238.33333333333363
683.0254652599532,647.4415339810296,238.33333333333363
677.9187652253312,650.5913934630369,238.33333333333363
672.8120651907092,653.7412529450442,238.33333333333363
667.7053651560872,656.8911124270514,238.33333333333363
662.5986651214652,660.0409719090587,238.33333333333363
657.4919650868432,663.190831391066,238.33333333333363
652.3852650522211,666.3406908730733,238.33333333333363
647.2785650175991,669.4905503550806,238.33333333333363
642.0350830858378,672.4070374939673,240.91666666666697
636.6654769162255,675.0842243726262,243.5000000000003
631.180660522354,677.5166694646103,246.08333333333366
625.5917820887971,679.6994286943292,248.666666666667
619.9102013118264,681.6280654861481,251.25000000000034
614.1474663102168,683.2986597819671,253.83333333333368
608.3152901530732,684.7078160089501,256.416666666667
602.4255270523872,685.8526699812094,259.00000000000034
596.4901482687134,686.7308947214175,261.58333333333366
590.5212177789372,687.3407051905143,264.16666666666697
584.530867755593,687.6808619158945,266.7500000000003
578.5312739075705,687.7506735107029,269.3333333333336
572.5346307323301,687.5499980791149,271.9166666666669
566.5379875570898,687.3493226475268,271.9166666666669
560.5413443818494,687.1486472159388,271.9166666666669
554.544701206609,686.9479717843508,271.9166666666669
548.5480580313687,686.7472963527628,271.9166666666669
542.5514148561283,686.5466209211747,271.9166666666669
536.5547716808879,686.3459454895867,271.9166666666669
530.5581285056476,686.1452700579987,271.9166666666669
524.5614853304072,685.9445946264107,271.9166666666669
518.5648421551668,685.7439191948226,271.9166666666669
512.5681989799265,685.5432437632346,271.9166666666669
506.5715558046861,685.3425683316466,271.9166666666669
500.57491262944575,685.1418929000586,271.9166666666669
494.5782694542054,684.9412174684705,271.9166666666669
488.581626278965,684.7405420368825,271.9166666666669
482.58498310372465,684.5398666052945,271.9166666666669
476.5883399284843,684.3391911737065,271.9166666666669
470.5916967532439,684.1385157421184,271.9166666666669
464.59505357800356,683.9378403105304,271.9166666666669
458.6135495756048,683.4670857361633,274.5000000000002
452.6593424749233,682.7272088530308,277.08333333333354
446.74453452241255,681.7197135007261,279.66666666666686
440.88114788363646,680.4466474677874,282.25000000000017
435.0811002075708,678.9105983294572,284.8333333333335
429.2810525315051,677.374549191127,284.8333333333335
423.48100485543944,675.8385000527968,284.8333333333335
417.68095717937376,674.3024509144666,284.8333333333335
411.8809095033081,672.7664017761364,284.8333333333335
406.0808618272424,671.2303526378062,284.8333333333335
400.28081415117674,669.694303499476,284.8333333333335
394.48076647511107,668.1582543611457,284.8333333333335
388.6807187990454,666.6222052228155,284.8333333333335
382.8806711229797,665.0861560844853,284.8333333333335
377.08062344691405,663.5501069461551,284.8333333333335
371.2805757708484,662.0140578078249,284.8333333333335
365.4805280947827,660.4780086694947,284.8333333333335
359.680480418717,658.9419595311645,284.8333333333335
353.88043274265135,657.4059103928342,284.8333333333335
348.0803850665857,655.869861254504,284.8333333333335
342.28033739052,654.3338121161738,284.8333333333335
336.48028971445433,652.7977629778436,284.8333333333335
330.68024203838866,651.2617138395134,284.8333333333335
324.880194362323,649.7256647011832,284.8333333333335
319.0801466862573,648.189615562853,284.8333333333335
313.28009901019163,646.6535664245228,284.8333333333335
307.48005133412596,645.1175172861925,284.8333333333335
301.6800036580603,643.5814681478623,284.8333333333335
295.8799559819946,642.0454190095321,284.8333333333335
290.07990830592894,640.5093698712019,284.8333333333335
284.27986062986326,638.9733207328717,284.8333333333335
278.4798129537976,637.4372715945415,284.8333333333335
272.6797652777319,635.9012224562113,284.8333333333335
266.87971760166624,634.365173317881,284.8333333333335
261.07966992560057,632.8291241795508,284.8333333333335
255.35475012136968,631.0332140383898,287.4166666666668
249.71659439665422,628.9810931784358,290.0000000000001
244.1766626064727,626.6769326458044,292.5833333333334
238.74621496040908,624.1254157708138,295.16666666666674
233.43628913563083,621.3317286488631,297.75000000000006
228.12636331085258,618.5380415269124,297.75000000000006
222.81643748607434,615.7443544049617,297.75000000000006
217.5065116612961,612.950667283011,297.75000000000006
212.19658583651784,610.1569801610602,297.75000000000006
206.8866600117396,607.3632930391095,297.75000000000006
201.57673418696135,604.5696059171588,297.75000000000006
196.2668083621831,601.7759187952081,297.75000000000006
190.95688253740485,598.9822316732574,297.75000000000006
185.77827124398985,595.9520526238092,300.33333333333337
180.74150028816214,592.6915406488994,302.9166666666667
175.85680717802424,589.2073229146338,305.5
171.13412031527076,585.5064812811164,308.0833333333333
166.58303881517753,581.5965379081877,310.66666666666663
162.21281299588313,577.4854399662295,313.24999999999994
158.0323255766192,573.1815434831137,315.83333333333326
154.0500736231055,568.6935963601258,318.4166666666666
150.27415127680646,564.0307205913839,320.9999999999999
146.71223330315289,559.2023937228959,323.5833333333332
143.37155949216807,554.2184295889358,326.1666666666665
140.25891994320494,549.0889583648982,328.74999999999983
137.38064126370344,543.8244059771707,331.33333333333314
134.7425737100205,538.435472911878,333.91666666666646
132.350079296469,532.9331124655673,336.4999999999998
130.208020896735,527.3285084820437,339.0833333333331
128.3207523598253,521.6330526206056,341.6666666666664
126.69210966063481,515.8583212018837,344.2499999999997
125.32540310312126,510.0160516783466,346.83333333333303
124.22341059193405,504.1181187772967,349.41666666666634
123.12141808074685,498.2201858762467,349.41666666666634
122.01942556955964,492.32225297519676,349.41666666666634
120.91743305837244,486.4243200741468,349.41666666666634
119.81544054718523,480.52638717309685,349.41666666666634
118.71344803599803,474.6284542720469,349.41666666666634
117.61145552481082,468.73052137099694,349.41666666666634
116.77641691905039,462.78891295854754,351.99999999999966
116.21002947963397,456.8157056736401,354.583333333333
115.91344441952143,450.82304038162533,357.1666666666663
115.8872645638129,444.8230974973009,359.7499999999996
116.13154312447443,438.8280722275626,362.3333333333329
116.6457835921817,432.8501497839897,364.91666666666623
117.42894074550196,426.90148061574683,367.49999999999955
118.4794227753629,420.99415571314165,370.08333333333286
119.79509452049027,415.14018203203636,372.6666666666662
121.37328180723806,409.3514580890635,375.2499999999995
123.21077688499045,403.6397497772503,377.8333333333328
125.30384494608758,398.016666451208,380.4166666666661
127.64823171702317,392.4936373304933,382.99999999999943
130.23917210548444,387.0818882691047,385.58333333333275
133.07139988565874,381.7924189383297,388.16666666666606
136.13915840212098,376.63598046932094,390.7499999999994
139.43621227054575,371.62305360084326,393.3333333333327
142.95586005146154,366.7638273766081,395.916666666666
146.6909478712872,362.06817843549356,398.4999999999993
150.42603569111284,357.372529494379,398.4999999999993
154.1611235109385,352.6768805532645,398.4999999999993
157.89621133076415,347.98123161214994,398.4999999999993
161.6312991505898,343.2855826710354,398.4999999999993
165.36638697041545,338.58993372992086,398.4999999999993
169.1014747902411,333.8942847888063,398.4999999999993
172.83656261006675,329.1986358476918,398.4999999999993
176.7794987017447,324.6761083489425,401.08333333333263
180.92226883541613,320.3358945731522,403.66666666666595
185.2564526077746,316.1868162384585,406.24999999999926
189.77324055698904,312.2373065699261,408.8333333333326
194.4634520684091,308.49539315856254,411.4166666666659
199.31755403465874,304.96868164480765,413.9999999999992
204.17165600090837,301.44197013105276,413.9999999999992
209.025757967158,297.91525861729787,413.9999999999992
213.87985993340763,294.388547103543,413.9999999999992
218.73396189965726,290.8618355897881,413.9999999999992
223.5880638659069,287.3351240760332,413.9999999999992
228.44216583215652,283.8084125622783,413.9999999999992
233.4502920296878,280.50407117713047,416.5833333333325
238.60226317241143,277.4288161723312,419.16666666666583
243.8876076016437,274.5888981692221,421.74999999999915
249.29558257031644,271.9900894540202,424.33333333333246
254.8151960781887,269.6376722453359,426.9166666666658
260.43522921367907,267.53642795777904,429.4999999999991
266.1442589569072,265.6906274834762,432.0833333333324
271.9306813975968,264.1040225112529,434.6666666666657
277.7827353206479,262.77983790112376,437.24999999999903
283.68852611143944,261.7207651295912,439.83333333333235
289.63604993227415,260.9289568190744,442.41666666666566
295.58357375310885,260.13714850855763,442.41666666666566
301.53109757394355,259.34534019804084,442.41666666666566
307.47862139477826,258.55353188752406,442.41666666666566
313.42614521561296,257.7617235770073,442.41666666666566
319.40331340416344,257.23878912052123,444.999999999999
325.397977044329,256.98579141049885,447.5833333333323
331.39795165956195,257.0032446784049,450.1666666666656
337.39104197847166,257.2911134495328,452.7499999999989
343.3650667223705,257.84881261510907,455.33333333333223
349.3078833643783,258.675208621558,457.91666666666555
355.20741280976205,259.76862177451073,460.49999999999886
361.05166394734596,261.12682965287433,463.0833333333322
366.8287580220906,262.7470716260222,465.6666666666655
372.5269527793019,264.6260544649246,468.2499999999988
378.13466633139586,266.7599590358137,470.8333333333321
383.64050069870865,269.1444480627789,473.41666666666544
389.0332649765037,271.7746749435133,475.99999999999875
394.30199808108813,274.64529360029377,478.58333333333206
399.57073118567257,277.51591225707426,478.58333333333206
404.839464290257,280.38653091385476,478.58333333333206
410.10819739484145,283.25714957063525,478.58333333333206
415.3769304994259,286.12776822741574,478.58333333333206
420.64566360401034,288.99838688419624,478.58333333333206
425.9143967085948,291.86900554097673,478.58333333333206
431.1831298131792,294.7396241977572,478.58333333333206
436.45186291776366,297.6102428545377,478.58333333333206
441.7205960223481,300.4808615113182,478.58333333333206
446.98932912693255,303.3514801680987,478.58333333333206
452.258062231517,306.2220988248792,478.58333333333206
457.52679533610143,309.0927174816597,478.58333333333206
462.79552844068587,311.9633361384402,478.58333333333206
468.0642615452703,314.8339547952207,478.58333333333206
473.33299464985475,317.70457345200117,478.58333333333206
478.6017277544392,320.57519210878166,478.58333333333206
483.99449203223423,323.20541898951603,475.99999999999875
489.500326399547,325.5899080164812,473.41666666666544
495.108039951641,327.72381258737033,470.8333333333321
500.8062347088523,329.60279542627273,468.2499999999988
506.5833287835969,331.2230373994206,465.6666666666655
512.4275799211808,332.5812452777842,463.0833333333322
518.3271093665646,333.67465843073694,460.49999999999886
524.2699260085725,334.50105443718587,457.91666666666555
530.2439507524714,335.0587536027621,455.33333333333223
536.2370410713811,335.34662237389006,452.7499999999989
542.237015686614,335.3640756417961,450.1666666666656
548.2316793267796,335.1110779317737,447.5833333333323
554.20884751533,334.58814347528767,444.999999999999
560.1563713361647,333.7963351647709,442.41666666666566
566.0621621269563,332.7372623932383,439.83333333333235
571.9142160500073,331.4130777831092,437.24999999999903
577.700638490697,329.8264728108859,434.6666666666657
583.4096682339251,327.98067233658304,432.0833333333324
589.0297013694154,325.87942804902616,429.4999999999991
594.6497345049057,323.7781837614693,429.4999999999991
600.269767640396,321.6769394739124,429.4999999999991
605.8898007758863,319.5756951863555,429.4999999999991
611.5098339113766,317.47445089879864,429.4999999999991
617.1298670468669,315.37320661124176,429.4999999999991
622.7499001823572,313.2719623236849,429.4999999999991
628.3699333178475,311.170718036128,429.4999999999991
633.8895468257198,308.8183008274437,426.9166666666658
639.2975217943925,306.2194921122418,424.33333333333246
644.5828662236248,303.3795741091327,421.74999999999915
649.7348373663484,300.30431910433344,419.16666666666583
654.886808509072,297.2290640995342,419.16666666666583
660.0387796517956,294.1538090947349,419.16666666666583
665.1907507945192,291.07855408993566,419.16666666666583
670.3427219372428,288.0032990851364,419.16666666666583
675.4946930799664,284.92804408033714,419.16666666666583
680.64666422269,281.8527890755379,419.16666666666583
685.7986353654136,278.7775340707386,419.16666666666583
690.9506065081372,275.70227906593936,419.16666666666583
696.1025776508608,272.6270240611401,419.16666666666583
701.2545487935844,269.55176905634085,419.16666666666583
706.406519936308,266.4765140515416,419.16666666666583
711.5584910790316,263.4012590467423,419.16666666666583
716.7104622217552,260.32600404194307,419.16666666666583
721.8624333644788,257.2507490371438,419.16666666666583
727.0144045072024,254.17549403234455,419.16666666666583
732.166375649926,251.10023902754529,419.16666666666583
737.3183467926495,248.02498402274603,419.16666666666583
742.4703179353731,244.94972901794677,419.16666666666583
747.6222890780967,241.8744740131475,419.16666666666583
752.7742602208203,238.79921900834825,419.16666666666583
757.9262313635439,235.72396400354899,419.16666666666583
763.0782025062675,232.64870899874973,419.16666666666583
768.2301736489911,229.57345399395047,419.16666666666583
773.3821447917147,226.4981989891512,419.16666666666583
778.5341159344383,223.42294398435195,419.16666666666583
783.6860870771619,220.3476889795527,419.16666666666583
788.8380582198855,217.27243397475343,419.16666666666583
793.9900293626091,214.19717896995417,419.16666666666583
799.1420005053327,211.1219239651549,419.16666666666583
804.2939716480563,208.04666896035565,419.16666666666583
809.4459427907799,204.9714139555564,419.16666666666583
814.5979139335035,201.89615895075713,419.16666666666583
819.7498850762271,198.82090394595787,419.16666666666583
824.9018562189507,195.7456489411586,419.16666666666583
830.0538273616743,192.67039393635935,419.16666666666583
835.2057985043979,189.5951389315601,419.16666666666583
840.3577696471215,186.51988392676083,419.16666666666583
845.5097407898451,183.44462892196157,419.16666666666583
850.6617119325687,180.3693739171623,419.16666666666583
855.8136830752923,177.29411891236305,419.16666666666583
860.9656542180159,174.2188639075638,419.16666666666583
866.1176253607395,171.14360890276453,419.16666666666583
871.269596503463,168.06835389796527,419.16666666666583
876.4215676461866,164.993098893166,419.16666666666583
881.5735387889102,161.91784388836675,419.16666666666583
886.7255099316338,158.8425888835675,419.16666666666583
891.8774810743574,155.76733387876823,419.16666666666583
897.029452217081,152.69207887396897,419.16666666666583
902.1814233598046,149.6168238691697,419.16666666666583
907.3333945025282,146.54156886437045,419.16666666666583
912.4853656452518,143.4663138595712,419.16666666666583
917.6373367879754,140.39105885477193,419.16666666666583
922.789307930699,137.31580384997267,419.16666666666583
927.9412790734226,134.2405488451734,419.16666666666583
933.2266235026549,131.40063084206426,421.74999999999915
938.6345984713276,128.8018221268624,424.33333333333246
944.1542119791999,126.44940491817812,426.9166666666658
949.7742451146902,124.34816063062122,429.4999999999991
955.4832748579183,122.5023601563184,432.0833333333324
961.269697298608,120.91575518409509,434.6666666666657
967.0561197392976,119.32915021187178,434.6666666666657
972.8425421799873,117.74254523964846,434.6666666666657
978.6289646206769,116.15594026742515,434.6666666666657
984.4153870613666,114.56933529520184,434.6666666666657
990.2018095020562,112.98273032297853,434.6666666666657
995.9882319427459,111.39612535075521,434.6666666666657
1001.8402858657969,110.0719407406261,437.24999999999903
1007.7460766565885,109.01286796909356,439.83333333333235
1013.6936004774232,108.22105965857676,442.41666666666566
1019.6707686659736,107.69812520209071,444.999999999999
1025.665432306139,107.44512749206832,447.5833333333323
1031.665406921372,107.46258075997439,450.1666666666656
1037.6584972402818,107.75044953110233,452.7499999999989
1043.6325219841806,108.30814869667857,455.33333333333223
1049.5753386261883,109.13454470312752,457.91666666666555
1055.518155268196,109.96094070957646,457.91666666666555
1061.4609719102039,110.78733671602541,457.91666666666555
1067.4037885522116,111.61373272247435,457.91666666666555
1073.3466051942194,112.4401287289233,457.91666666666555
1079.2894218362271,113.26652473537224,457.91666666666555
1085.2322384782349,114.09292074182119,457.91666666666555
1091.1750551202426,114.91931674827013,457.91666666666555
1097.0745845656263,116.0127299012229,460.49999999999886
1102.9188357032103,117.37093777958651,463.0833333333322
1108.695929777955,118.9911797527344,465.6666666666655
1114.3941245351662,120.87016259163677,468.2499999999988
1120.0923192923774,122.74914543053914,468.2499999999988
1125.7905140495886,124.62812826944152,468.2499999999988
1131.4887088067999,126.50711110834389,468.2499999999988
1137.1869035640111,128.38609394724628,468.2499999999988
1142.8850983212224,130.26507678614865,468.2499999999988
1148.5832930784336,132.14405962505103,468.2499999999988
1154.2814878356448,134.0230424639534,468.2499999999988
1159.979682592856,135.90202530285578,468.2499999999988
1165.5873961449502,138.03592987374492,470.8333333333321
1171.0932305122628,140.4204189007101,473.41666666666544
1176.485994790058,143.05064578144444,475.99999999999875
1181.7547278946424,145.9212644382249,478.58333333333206
1186.8887208423596,149.0264401841031,481.1666666666654
1191.877538516175,152.35986158222062,483.7499999999987
1196.7110408756132,155.9147532741441,486.333333333332
1201.379403566936,159.68388975114607,488.9166666666653
1205.87313789167,163.65961004044038,491.49999999999864
1210.183110092898,167.83383327652177,494.08333333333195
1214.3005599201106,172.19807512595997,496.66666666666526
1218.217118434887,176.74346503226417,499.2499999999986
1221.9248250212136,181.4607642457666,501.8333333333319
1225.4161435658636,186.34038460187855,504.4166666666652
1228.683977775954,191.372408009551,506.9999999999985
1231.7216856025414,196.54660661032867,509.58333333333184
1234.5230927409452,201.8524635670228,512.1666666666652
1237.082505180354,207.27919443974895,514.7499999999985
1239.394720777209,212.81576910588154,517.3333333333319
1241.7069363740638,218.35234377201414,517.3333333333319
1244.0191519709188,223.88891843814673,517.3333333333319
1246.3313675677737,229.42549310427933,517.3333333333319
1248.6435831646286,234.96206777041192,517.3333333333319
1250.9557987614835,240.49864243654451,517.3333333333319
1253.2680143583384,246.0352171026771,517.3333333333319
1255.5802299551933,251.5717917688097,517.3333333333319
1257.6405490068244,257.2069568423001,519.9166666666653
1259.4447838038502,262.9292585467894,522.4999999999986
1260.9892671419218,268.72706599602566,525.083333333332
1262.2708597755134,274.5885948342661,527.6666666666654
1263.2869567986077,280.5019311886145,530.2499999999987
1264.0354929393077,286.4550558846095,532.8333333333321
1264.5149467576127,292.4358688758435,535.4166666666655
1264.9944005759178,298.41668186707744,535.4166666666655
1265.4738543942228,304.3974948583114,535.4166666666655
1265.9533082125279,310.37830784954537,535.4166666666655
1266.432762030833,316.3591208407793,535.4166666666655
1266.912215849138,322.3399338320133,535.4166666666655
1267.391669667443,328.32074682324725,535.4166666666655
1267.871123485748,334.3015598144812,535.4166666666655
1268.350577304053,340.28237280571517,535.4166666666655
1268.8300311223582,346.26318579694913,535.4166666666655
1269.3094849406632,352.2439987881831,535.4166666666655
1269.7889387589682,358.22481177941705,535.4166666666655
1270.2683925772733,364.205624770651,535.4166666666655
1270.7478463955783,370.186437761885,535.4166666666655
1271.2273002138834,376.16725075311894,535.4166666666655
1271.7067540321884,382.1480637443529,535.4166666666655
1272.1862078504935,388.12887673558686,535.4166666666655
1272.3956048307086,394.1252216977014,537.9999999999989
1272.3345193621994,400.1249107367714,540.5833333333322
1272.003075604469,406.1157491618553,543.1666666666656
1271.4019472347966,412.0855602713608,545.749999999999
1270.5323560789532,418.0222101028465,548.3333333333323
1269.396069627774,423.91363209595363,550.9166666666657
1267.9953974446387,429.7478516183397,553.4999999999991
1266.333186471159,435.51301030476316,556.0833333333325
1264.4128152406172,441.19739015984914,558.6666666666658
1262.4924440100754,446.8817700149351,558.6666666666658
1260.5720727795335,452.5661498700211,558.6666666666658
1258.6517015489917,458.25052972510707,558.6666666666658
1256.7313303184499,463.93490958019305,558.6666666666658
1254.810959087908,469.61928943527903,558.6666666666658
1252.8905878573662,475.303669290365,558.6666666666658
1250.715959627664,480.89571650606183,561.2499999999992
1248.291494447741,486.38406494537765,563.8333333333326
1245.6221201735866,491.7575592446659,566.416666666666
1242.7132624521087,497.0052774875023,568.9999999999993
1239.5708336932128,502.11655340406804,571.5833333333327
1236.2012210525118,507.0809980509171,574.1666666666661
1232.6112734490878,511.8885209270635,576.7499999999994
1228.8082876446956,516.5293504834673,579.3333333333328
1224.7999934127013,520.9940539842343,581.9166666666662
1220.5945378269023,525.2735566791594,584.4999999999995
1216.2004687021608,529.3591602486449,587.0833333333329
1211.6267172205103,533.2425604835036,589.6666666666663
1206.8825797780473,536.9158641637102,592.2499999999997
1201.9776990895054,540.3716051017972,594.833333333333
1196.9220445889193,543.6027593182814,597.4166666666664
1191.7258921662128,546.6027593182814,599.9999999999998
1186.3998032808993,549.365507440304,602.5833333333331
1180.9546034953473,551.8853882500695,605.1666666666665
1175.401360471242,554.1572799541841,607.7499999999999
1169.7513614739667,556.1765648104608,610.3333333333333
1164.016090430629,557.9391385137291,612.9166666666666
1158.2072045883604,559.4414185380557,615.5
1152.3365108203336,560.680351418422,618.0833333333334
1146.4159416276582,561.6534189570554,620.6666666666667
1140.4575308859287,562.3586433418023,623.2500000000001
1134.4733893857253,562.794591166138,625.8333333333335
1128.47568021678,562.9603763426418,628.4166666666669
1122.4765940458415,562.855661904018,631.0000000000002
1116.4883243384897,562.4806606880002,633.5833333333336
1110.52304257526,561.8361349047465,636.166666666667
1104.5928735124535,560.9233945876069,638.7500000000003
1098.7098705379176,559.7442949304099,641.3333333333337
1092.8859911718864,558.3012325166808,643.9166666666671
1087.0621118058552,556.8581701029517,643.9166666666671
1081.238232439824,555.4151076892226,643.9166666666671
1075.4143530737929,553.9720452754935,643.9166666666671
1069.5904737077617,552.5289828617645,643.9166666666671
1063.7665943417305,551.0859204480354,643.9166666666671
1057.9427149756993,549.6428580343063,643.9166666666671
1052.1188356096682,548.1997956205772,643.9166666666671
1046.294956243637,546.7567332068481,643.9166666666671
1040.4710768776058,545.3136707931191,643.9166666666671
1034.6471975115746,543.87060837939,643.9166666666671
1028.8233181455435,542.4275459656609,643.9166666666671
1022.9994387795124,540.9844835519318,643.9166666666671
1017.1755594134813,539.5414211382027,643.9166666666671
1011.3516800474503,538.0983587244737,643.9166666666671
1005.5278006814192,536.6552963107446,643.9166666666671
999.7039213153881,535.2122338970155,643.9166666666671
993.8800419493571,533.7691714832864,643.9166666666671
988.056162583326,532.3261090695573,643.9166666666671
982.2322832172949,530.8830466558283,643.9166666666671
976.4084038512639,529.4399842420992,643.9166666666671
970.5845244852328,527.9969218283701,643.9166666666671
964.7606451192017,526.553859414641,643.9166666666671
958.9367657531707,525.1107970009119,643.9166666666671
953.1128863871396,523.6677345871828,643.9166666666671
947.2890070211085,522.2246721734538,643.9166666666671
941.4651276550775,520.7816097597247,643.9166666666671
935.5821246805416,519.6025101025276,641.3333333333337
929.651955617735,518.6897697853881,638.7500000000003
923.6866738545052,518.0452440021344,636.166666666667
917.6984041471536,517.6702427861165,633.5833333333336
911.6993179762153,517.5655283474928,631.0000000000002
905.70160880727,517.7313135239965,628.4166666666669
899.7174673070665,518.1672613483322,625.8333333333335
893.7590565653369,518.8724857330792,623.2500000000001
887.8384873726615,519.8455532717126,620.6666666666667
881.9677936046347,521.0844861520789,618.0833333333334
876.1589077623661,522.5867661764055,615.5
870.4236367190284,524.3493398796737,612.9166666666666
864.7736377217532,526.3686247359504,610.3333333333333
859.2203946976477,528.6405164400651,607.7499999999999
853.7751949120957,531.1603972498306,605.1666666666665
848.4491060267821,533.9231453718531,602.5833333333331
843.2529536040755,536.9231453718531,599.9999999999998
838.1972991034894,540.1542995883374,597.4166666666664
833.2924184149476,543.6100405264243,594.833333333333
828.3875377264059,547.0657814645112,594.833333333333
823.4826570378641,550.5215224025982,594.833333333333
818.5777763493223,553.9772633406851,594.833333333333
813.6728956607806,557.433004278772,594.833333333333
808.7680149722388,560.888745216859,594.833333333333
803.863134283697,564.3444861549459,594.833333333333
798.9582535951553,567.8002270930328,594.833333333333
794.0533729066135,571.2559680311198,594.833333333333
789.1484922180717,574.7117089692067,594.833333333333
784.24361152953,578.1674499072936,594.833333333333
779.3387308409882,581.6231908453806,594.833333333333
774.4338501524464,585.0789317834675,594.833333333333
769.5289694639047,588.5346727215544,594.833333333333
764.6240887753629,591.9904136596414,594.833333333333
759.7192080868211,595.4461545977283,594.833333333333
754.8143273982794,598.9018955358152,594.833333333333
749.9094467097376,602.3576364739022,594.833333333333
745.0045660211958,605.8133774119891,594.833333333333
740.0996853326541,609.269118350076,594.833333333333
735.1948046441123,612.724859288163,594.833333333333
730.2899239555705,616.1806002262499,594.833333333333
725.3850432670288,619.6363411643368,594.833333333333
720.480162578487,623.0920821024238,594.833333333333
715.5752818899452,626.5478230405107,594.833333333333
710.6704012014035,630.0035639785976,594.833333333333
705.7655205128617,633.4593049166846,594.833333333333
700.86063982432,636.9150458547715,594.833333333333
695.9557591357782,640.3707867928584,594.833333333333
691.0508784472364,643.8265277309454,594.833333333333
686.1459977586946,647.2822686690323,594.833333333333
681.2411170701529,650.7380096071192,594.833333333333
676.3362363816111,654.1937505452062,594.833333333333
671.4313556930693,657.6494914832931,594.833333333333
666.5264750045276,661.10523242138,594.833333333333
661.6215943159858,664.560973359467,594.833333333333
656.716713627444,668.0167142975539,594.833333333333
651.6610591268579,671.2478685140381,597.4166666666664
646.4649067041513,674.2478685140381,599.9999999999998
641.1388178188378,677.0106166360607,602.5833333333331
635.6936180332857,679.5304974458262,605.1666666666665
630.1403750091803,681.8023891499408,607.7499999999999
624.490376011905,683.8216740062176,610.3333333333333
618.7551049685674,685.5842477094858,612.9166666666666
612.9462191262987,687.0865277338124,615.5
607.075525358272,688.3254606141787,618.0833333333334
601.1549561655966,689.2985281528121,620.6666666666667
595.196545423867,690.0037525375591,623.2500000000001
589.2124039236635,690.4397003618948,625.8333333333335
583.2146947547182,690.6054855383985,628.4166666666669
577.2156085837798,690.5007710997747,631.0000000000002
571.2165224128415,690.396056661151,631.0000000000002
565.2174362419032,690.2913422225272,631.0000000000002
559.2183500709649,690.1866277839034,631.0000000000002
553.2192639000266,690.0819133452796,631.0000000000002
547.2201777290883,689.9771989066559,631.0000000000002
541.22109155815,689.8724844680321,631.0000000000002
535.2220053872117,689.7677700294083,631.0000000000002
529.2229192162733,689.6630555907846,631.0000000000002
523.223833045335,689.5583411521608,631.0000000000002
517.2247468743967,689.453626713537,631.0000000000002
511.22566070345835,689.3489122749132,631.0000000000002
505.22657453252,689.2441978362895,631.0000000000002
499.2274883615816,689.1394833976657,631.0000000000002
493.22840219064324,689.0347689590419,631.0000000000002
487.22931601970487,688.9300545204181,631.0000000000002
481.2302298487665,688.8253400817944,631.0000000000002
475.23114367782813,688.7206256431706,631.0000000000002
469.23205750688976,688.6159112045468,631.0000000000002
463.2329713359514,688.511196765923,631.0000000000002
457.2447016285998,688.1361955499052,633.5833333333336
451.2794198653701,687.4916697666515,636.166666666667
445.3492508025635,686.578929449512,638.7500000000003
439.46624782802763,685.3998297923149,641.3333333333337
433.64236846199657,683.9567673785858,643.9166666666671
427.8184890959655,682.5137049648567,643.9166666666671
421.99460972993444,681.0706425511277,643.9166666666671
416.1707303639034,679.6275801373986,643.9166666666671
410.3468509978723,678.1845177236695,643.9166666666671
404.52297163184124,676.7414553099404,643.9166666666671
398.6990922658102,675.2983928962113,643.9166666666671
392.8752128997791,673.8553304824823,643.9166666666671
387.05133353374805,672.4122680687532,643.9166666666671
381.227454167717,670.9692056550241,643.9166666666671
375.4035748016859,669.526143241295,643.9166666666671
369.57969543565486,668.0830808275659,643.9166666666671
363.7558160696238,666.6400184138369,643.9166666666671
357.9319367035927,665.1969560001078,643.9166666666671
352.10805733756166,663.7538935863787,643.9166666666671
346.2841779715306,662.3108311726496,643.9166666666671
340.46029860549953,660.8677687589205,643.9166666666671
334.63641923946847,659.4247063451915,643.9166666666671
328.8125398734374,657.9816439314624,643.9166666666671
322.98866050740634,656.5385815177333,643.9166666666671
317.1647811413753,655.0955191040042,643.9166666666671
311.3409017753442,653.6524566902751,643.9166666666671
305.51702240931314,652.209394276546,643.9166666666671
299.6931430432821,650.766331862817,643.9166666666671
293.869263677251,649.3232694490879,643.9166666666671
288.04538431121995,647.8802070353588,643.9166666666671
282.2215049451889,646.4371446216297,643.9166666666671
276.3976255791578,644.9940822079006,643.9166666666671
270.57374621312675,643.5510197941716,643.9166666666671
264.7498668470957,642.1079573804425,643.9166666666671
258.9259874810646,640.6648949667134,643.9166666666671
253.10210811503356,639.2218325529843,643.9166666666671
247.2782287490025,637.7787701392552,643.9166666666671
241.45434938297143,636.3357077255262,643.9166666666671
235.63047001694036,634.8926453117971,643.9166666666671
229.8065906509093,633.449582898068,643.9166666666671
224.05367224170016,631.7454908298445,646.5000000000005
218.38340790566542,629.7838327659881,649.0833333333338
212.80732276030452,627.5685958821119,651.6666666666672
207.336750498842,625.104282766431,654.2500000000006
201.9828103538861,622.3959022680095,656.8333333333339
196.75638449698977,619.4489593160057,659.4166666666673
191.66809592005126,616.2694437306064,662.0000000000007
186.72828684351123,612.8638180483958,664.583333333334
181.94699769523297,609.2390043869015,667.1666666666674
177.33394670279228,605.4023703750179,669.7500000000008
172.89851014065675,601.3617141779044,672.3333333333342
168.64970327240326,597.1252486467946,674.9166666666675
164.59616202670935,592.7015846259338,677.5000000000009
160.7461254443634,588.0997134505751,680.0833333333343
157.1074189319706,583.328988671606,682.6666666666677
153.68743835639287,578.399107043953,685.250000000001
150.4931350122513,573.3200888174051,687.8333333333344
147.5310014930456,568.1022573699167,690.4166666666678
144.80705849460844,562.7562182247865,693.0000000000011
142.08311549617127,557.4101790796562,693.0000000000011
139.3591724977341,552.064139934526,693.0000000000011
136.63522949929694,546.7181007893957,693.0000000000011
133.91128650085977,541.3720616442655,693.0000000000011
131.1873435024226,536.0260224991353,693.0000000000011
128.46340050398544,530.679983354005,693.0000000000011
125.73945750554826,525.3339442088748,693.0000000000011
123.25924158865669,519.870563478448,695.5833333333345
121.02779392567449,514.3009457781592,698.1666666666679
119.04965005409788,508.6364116558024,700.7500000000013
117.32883065783147,502.88847458190946,703.3333333333346
115.86883339493171,497.0688175480006,705.916666666668
114.67262578842868,491.18926932027557,708.5000000000014
113.7426391946757,485.2617803970097,711.0833333333347
113.08076386148679,479.2983987185226,713.6666666666681
112.68834508610608,473.311245179091,716.2500000000015
112.56618048081889,467.31248899057863,718.8333333333348
112.44401587553169,461.3137328020663,718.8333333333348
112.3218512702445,455.31497661355394,718.8333333333348
112.1996866649573,449.3162204250416,718.8333333333348
112.0775220596701,443.31746423652925,718.8333333333348
111.9553574543829,437.3187080480169,718.8333333333348
112.1036953253257,431.3205420052965,721.4166666666682
112.52223416779061,425.33515770373754,724.0000000000016
113.21012327904995,419.37472075913263,726.583333333335
114.16596448745526,413.45134608042844,729.1666666666683
115.38781499429649,407.577073245521,731.7500000000017
116.87319132264498,401.7638420301656,734.3333333333351
118.61907436515396,396.02346813974003,736.9166666666684
120.62191552055677,390.367619193187,739.5000000000018
122.87764390638996,384.80779100795087,742.0833333333352
125.38167463328105,379.35528423410955,744.6666666666686
128.12891812398297,374.02118138519523,747.2500000000019
131.1137904582138,368.81632431238876,749.8333333333353
134.33022472227535,363.7512921678737,752.4166666666687
137.7716833403818,358.83637990213987,755.000000000002
141.43117136263444,354.0815773389424,757.5833333333354
145.30125068263388,349.49654887044704,760.1666666666688
149.37405515583168,345.0906138138331,762.7500000000022
153.64130658789267,340.8727274692793,765.3333333333355
158.09433156057045,336.85146291783434,767.9166666666689
162.7240790608969,333.0349935961679,770.5000000000023
167.35382656122337,329.2185242745015,770.5000000000023
171.98357406154983,325.40205495283504,770.5000000000023
176.6133215618763,321.5855856311686,770.5000000000023
181.24306906220275,317.7691163095022,770.5000000000023
185.8728165625292,313.95264698783575,770.5000000000023
190.50256406285567,310.1361776661693,770.5000000000023
195.13231156318213,306.3197083445029,770.5000000000023
199.7620590635086,302.50323902283645,770.5000000000023
204.39180656383505,298.68676970117,770.5000000000023
209.0215540641615,294.8703003795036,770.5000000000023
213.65130156448797,291.05383105783716,770.5000000000023
218.28104906481443,287.2373617361707,770.5000000000023
222.91079656514088,283.4208924145043,770.5000000000023
227.54054406546734,279.60442309283786,770.5000000000023
232.1702915657938,275.78795377117143,770.5000000000023
236.96735138275028,272.18403685862455,773.0833333333356
241.92197323402794,268.79999751032466,775.666666666669
247.02408658400145,265.64271396841366,778.2500000000024
252.26332111263474,262.7186035816504,780.8333333333358
257.6290277937148,260.0336097618041,783.4166666666691
263.1103005395705,257.5931899033495,786.0000000000025
268.6959983682832,255.4023042910195,788.5833333333359
274.3747680483318,253.4654060177588,791.1666666666692
280.1350671746475,251.7864319335731,793.7500000000026
285.9651876291728,250.36879464366953,796.333333333336
291.8532793782424,249.21537557215274,798.9166666666694
297.78737455841394,248.32851910537536,801.5000000000027
303.75541180179505,247.71002782684656,804.0833333333361
309.7452607514227,247.36115885338398,806.6666666666695
315.7447467168667,247.2826212799562,809.2500000000028
321.74167541994365,247.474574738409,811.8333333333362
327.72385778024335,247.93662907300495,814.4166666666696
333.67913469009125,248.66784513343615,817.000000000003
339.5954017285891,249.6667366836976,819.5833333333363
345.4606337645022,250.93127342294198,822.1666666666697
351.26290939798577,252.45888511217547,824.7500000000031
356.99043519147205,254.24646679840666,827.3333333333364
362.6315696404669,256.29038512563085,829.9166666666698
368.17484683553454,258.58648571982167,832.5000000000032
373.6089997673753,261.1301016329199,835.0833333333366
378.92298322762895,263.91606282865655,837.6666666666699
384.10599625885516,266.93870669093,840.2500000000033
389.1475041080608,270.19188953337806,842.8333333333367
394.0372596391525,273.66899908675106,845.41666666667
398.92701517024426,277.14610864012406,845.41666666667
403.816770701336,280.62321819349705,845.41666666667
408.70652623242773,284.10032774687005,845.41666666667
413.59628176351947,287.57743730024305,845.41666666667
418.4860372946112,291.05454685361605,845.41666666667
423.37579282570294,294.53165640698904,845.41666666667
428.2655483567947,298.00876596036204,845.41666666667
433.1553038878864,301.48587551373504,845.41666666667
438.04505941897816,304.96298506710804,845.41666666667
442.9348149500699,308.44009462048103,845.41666666667
447.82457048116163,311.91720417385403,845.41666666667
452.71432601225337,315.39431372722703,845.41666666667
457.6040815433451,318.8714232806,845.41666666667
462.64558939255073,322.12460612304807,842.8333333333367
467.82860242377694,325.14724998532154,840.2500000000033
473.1425858840306,327.9332111810582,837.6666666666699
478.57673881587135,330.4768270941564,835.0833333333366
484.12001601093897,332.77292768834724,832.5000000000032
489.76115045993384,334.81684601557146,829.9166666666698
495.4886762534201,336.60442770180265,827.3333333333364
501.2909518869037,338.13203939103613,824.7500000000031
507.1561839228168,339.39657613028055,822.1666666666697
513.0724509613146,340.395467680542,819.5833333333363
519.0277278711625,341.1266837409732,817.000000000003
525.0099102314622,341.58873807556915,814.4166666666696
531.0068389345391,341.7806915340219,811.8333333333362
537.0063248999832,341.70215396059416,809.2500000000028
542.9961738496107,341.3532849871316,806.6666666666695
548.9642110929918,340.7347937086028,804.0833333333361
554.8983062731634,339.84793724182543,801.5000000000027
560.7863980222329,338.69451817030864,798.9166666666694
566.6165184767583,337.27688088040503,796.333333333336
572.376817603074,335.5979067962193,793.7500000000026
578.0555872831226,333.6610085229586,791.1666666666692
583.6412851118353,331.47012291062856,788.5833333333359
589.1225578576909,329.029703052174,786.0000000000025
594.488264538771,326.34470923232766,783.4166666666691
599.853971219851,323.6597154124813,783.4166666666691
605.2196779009311,320.974721592635,783.4166666666691
610.5853845820111,318.28972777278864,783.4166666666691
615.9510912630911,315.6047339529423,783.4166666666691
621.3167979441712,312.91974013309596,783.4166666666691
626.6825046252512,310.2347463132496,783.4166666666691
632.0482113063313,307.5497524934033,783.4166666666691
637.4139179874113,304.86475867355693,783.4166666666691
642.7796246684914,302.1797648537106,783.4166666666691
648.1453313495714,299.49477103386425,783.4166666666691
653.5110380306514,296.8097772140179,783.4166666666691
658.8767447117315,294.1247833941716,783.4166666666691
664.2424513928115,291.43978957432523,783.4166666666691
669.6081580738916,288.7547957544789,783.4166666666691
674.9738647549716,286.06980193463255,783.4166666666691
680.3395714360516,283.3848081147862,783.4166666666691
685.7052781171317,280.69981429493987,783.4166666666691
691.0709847982117,278.01482047509353,783.4166666666691
696.4366914792918,275.3298266552472,783.4166666666691
701.8023981603718,272.64483283540085,783.4166666666691
707.1681048414519,269.9598390155545,783.4166666666691
712.5338115225319,267.27484519570817,783.4166666666691
717.8995182036119,264.5898513758618,783.4166666666691
723.265224884692,261.9048575560155,783.4166666666691
728.630931565772,259.21986373616915,783.4166666666691
733.9966382468521,256.5348699163228,783.4166666666691
739.3623449279321,253.84987609647644,783.4166666666691
744.7280516090121,251.16488227663007,783.4166666666691
750.0937582900922,248.4798884567837,783.4166666666691
755.4594649711722,245.79489463693733,783.4166666666691
760.8251716522523,243.10990081709096,783.4166666666691
766.1908783333323,240.4249069972446,783.4166666666691
771.5565850144123,237.73991317739822,783.4166666666691
776.9222916954924,235.05491935755185,783.4166666666691
782.2879983765724,232.36992553770548,783.4166666666691
787.6537050576525,229.68493171785911,783.4166666666691
792.8929395862858,226.76082133109588,780.8333333333358
797.9950529362593,223.60353778918488,778.2500000000024
802.949674787537,220.219498440885,775.666666666669
807.7467346044934,216.6155815283381,773.0833333333356
812.5437944214499,213.01166461579123,773.0833333333356
817.3408542384063,209.40774770324435,773.0833333333356
822.1379140553628,205.80383079069748,773.0833333333356
826.9349738723192,202.1999138781506,773.0833333333356
831.7320336892757,198.59599696560372,773.0833333333356
836.5290935062321,194.99208005305684,773.0833333333356
841.3261533231886,191.38816314050996,773.0833333333356
846.123213140145,187.78424622796308,773.0833333333356
850.9202729571015,184.1803293154162,773.0833333333356
855.7173327740579,180.57641240286932,773.0833333333356
860.5143925910144,176.97249549032244,773.0833333333356
865.3114524079708,173.36857857777557,773.0833333333356
870.1085122249273,169.7646616652287,773.0833333333356
874.9055720418837,166.1607447526818,773.0833333333356
879.7026318588402,162.55682784013493,773.0833333333356
884.4996916757966,158.95291092758805,773.0833333333356
889.2967514927531,155.34899401504117,773.0833333333356
894.0938113097095,151.7450771024943,773.0833333333356
898.890871126666,148.1411601899474,773.0833333333356
903.6879309436224,144.53724327740053,773.0833333333356
908.6425527949001,141.15320392910064,775.666666666669
913.7446661448736,137.99592038718964,778.2500000000024
918.9839006735069,135.0718100004264,780.8333333333358
924.349607354587,132.38681618058004,783.4166666666691
929.8308801004426,129.94639632212548,786.0000000000025
935.4165779291553,127.75551070979544,788.5833333333359
941.0953476092039,125.81861243653474,791.1666666666692
946.8556467355196,124.13963835234904,793.7500000000026
952.6159458618353,122.46066426816334,793.7500000000026
958.3762449881509,120.78169018397764,793.7500000000026
964.1365441144666,119.10271609979195,793.7500000000026
969.8968432407822,117.42374201560625,793.7500000000026
975.6571423670979,115.74476793142055,793.7500000000026
981.4174414934135,114.06579384723486,793.7500000000026
987.1777406197292,112.38681976304916,793.7500000000026
992.9380397460449,110.70784567886346,793.7500000000026
998.7681602005703,109.29020838895988,796.333333333336
1004.6562519496398,108.13678931744307,798.9166666666694
1010.5903471298113,107.2499328506657,801.5000000000027
1016.5583843731924,106.63144157213691,804.0833333333361
1022.54823332282,106.28257259867434,806.6666666666695
1028.547719288264,106.20403502524657,809.2500000000028
1034.544647991341,106.39598848369934,811.8333333333362
1040.5268303516407,106.8580428182953,814.4166666666696
1046.4821072614886,107.58925887872648,817.000000000003
1052.3983742999865,108.58815042898793,819.5833333333363
1058.2636063358996,109.85268716823234,822.1666666666697
1064.1288383718127,111.11722390747674,822.1666666666697
1069.9940704077258,112.38176064672115,822.1666666666697
1075.8593024436389,113.64629738596555,822.1666666666697
1081.724534479552,114.91083412520996,822.1666666666697
1087.589766515465,116.17537086445437,822.1666666666697
1093.4549985513781,117.43990760369877,822.1666666666697
1099.3202305872912,118.70444434294318,822.1666666666697
1105.1225062207748,120.23205603217666,824.7500000000031
1110.8500320142612,122.01963771840786,827.3333333333364
1116.4911664632561,124.06355604563208,829.9166666666698
1122.0344436583237,126.35965663982293,832.5000000000032
1127.4685965901645,128.90327255292115,835.0833333333366
1132.7825800504181,131.68923374865778,837.6666666666699
1137.9655930816443,134.71187761093125,840.2500000000033
1143.00710093085,137.9650604533793,842.8333333333367
1148.0486087800555,141.21824329582734,842.8333333333367
1153.090116629261,144.47142613827538,842.8333333333367
1158.1316244784666,147.72460898072342,842.8333333333367
1163.1731323276722,150.97779182317146,842.8333333333367
1168.2146401768778,154.2309746656195,842.8333333333367
1173.1043957079694,157.70808421899252,845.41666666667
1177.8324602296095,161.40205307094675,848.0000000000034
1182.389223696141,165.3053730309403,850.5833333333368
1186.7654242405226,169.41011039103455,853.1666666666702
1190.9521669995725,173.70792205158273,855.7500000000035
1194.9409421932558,178.19007247902894,858.3333333333369
1198.7236424212715,182.84745146135046,860.9166666666703
1202.2925791417792,187.67059262505398,863.5000000000036
1205.640498298775,192.64969267608944,866.083333333337
1208.7605950663499,197.77463132557278,868.6666666666704
1211.6465276798658,203.034991859818,871.2500000000038
1214.5324602933817,208.29535239406323,871.2500000000038
1217.4183929068977,213.55571292830845,871.2500000000038
1220.3043255204136,218.81607346255367,871.2500000000038
1223.1902581339295,224.0764339967989,871.2500000000038
1226.0761907474455,229.33679453104412,871.2500000000038
1228.9621233609614,234.59715506528934,871.2500000000038
1231.6080260070287,239.98224551833977,873.8333333333371
1234.0085207460872,245.48112040396433,876.4166666666705
1236.1587284433588,251.08260296294767,879.0000000000039
1238.0542786859505,256.7753078804549,881.5833333333372
1239.9498289285423,262.46801279796205,881.5833333333372
1241.845379171134,268.1607177154692,881.5833333333372
1243.7409294137258,273.8534226329764,881.5833333333372
1245.6364796563175,279.54612755048356,881.5833333333372
1247.5320298989093,285.23883246799073,881.5833333333372
1249.427580141501,290.9315373854979,881.5833333333372
1251.3231303840928,296.6242423030051,881.5833333333372
1253.2186806266845,302.31694722051225,881.5833333333372
1255.1142308692763,308.0096521380194,881.5833333333372
1257.009781111868,313.7023570555266,881.5833333333372
1258.6468210918724,319.4747136023684,884.1666666666706
1260.0220234374065,325.3149891531312,886.750000000004
1261.1325929756742,331.2113130333698,889.3333333333374
1261.9762724143063,337.1517006473921,891.9166666666707
1262.5513469294272,343.1240778375952,894.5000000000041
1262.8566476511282,349.1163054258406,897.0833333333375
1262.8915540392577,355.1162038869871,899.6666666666708
1262.655995144703,361.1115781044314,902.2500000000042
1262.1504497535973,367.09024215733916,904.8333333333376
1261.6449043624916,373.06890621024695,904.8333333333376
1261.139358971386,379.04757026315474,904.8333333333376
1260.6338135802803,385.0262343160625,904.8333333333376
1260.1282681891746,391.0048983689703,904.8333333333376
1259.622722798069,396.9835624218781,904.8333333333376
1259.1171774069633,402.9622264747859,904.8333333333376
1258.3426730675283,408.91202840663175,907.416666666671
1257.3007840015262,414.8208749247049,910.0000000000043
1255.9936279045698,420.6767559803779,912.5833333333377
1254.4238616417917,426.4677691801767,915.1666666666711
1252.5946758476232,432.1821439780362,917.7500000000044
1250.7654900534546,437.89651877589574,917.7500000000044
1248.936304259286,443.6108935737553,917.7500000000044
1247.1071184651175,449.3252683716148,917.7500000000044
1245.277932670949,455.03964316947435,917.7500000000044
1243.4487468767804,460.7540179673339,917.7500000000044
1241.6195610826119,466.4683927651934,917.7500000000044
1239.7903752884433,472.18276756305295,917.7500000000044
1237.9611894942748,477.8971423609125,917.7500000000044
1235.8763020873096,483.5232639824452,920.3333333333378
1233.539950713434,489.04969703259513,922.9166666666712
1230.9568841325838,494.4652087386941,925.5000000000045
1228.1323525666337,499.7587917816766,928.0833333333379
1225.0720970280393,504.9196866690486,930.6666666666713
1221.7823376509193,509.9374036041349,933.2500000000047
1218.2697610482992,514.8017438071558,935.833333333338
1214.5415067212095,519.5028202447962,938.4166666666714
1210.605152547266,524.0310777261325,941.0000000000048
1206.4686993782254,528.3773123240729,943.5833333333381
1202.1405547778236,532.5326900828347,946.1666666666715
1197.6295159329493,536.4887649734347,948.7500000000049
1192.944751772889,540.237496060698,951.3333333333383
1188.0957843329838,543.7712638468917,953.9166666666716
1183.0924694005805,547.0828857587636,956.500000000005
1177.944976482613,550.1656307465098,959.0833333333384
1172.6637681355319,553.0132329649952,961.6666666666717
1167.2595786995962,555.6199045094212,964.2500000000051
1161.7433924807474,557.9803471795539,966.8333333333385
1156.1264214244177,560.089763248601,969.4166666666719
1150.4200823266467,561.9438652148501,972.0000000000052
1144.6359736288289,563.5388845162466,974.5833333333386
1138.7858518432572,564.8715791901988,977.166666666672
1132.8816076573794,565.9392404630413,979.7500000000053
1126.935241765335,566.7396982557639,982.3333333333387
1120.9588404758986,567.2713255948132,984.9166666666721
1114.9645511464073,567.5330419190046,987.5000000000055
1108.9645574926024,567.5243152758208,990.0833333333388
1102.9710548245712,567.2451634026337,992.6666666666722
1096.9962252591233,566.6961536906527,995.2500000000056
1091.052212958982,565.8784020316712,997.8333333333389
1085.1510994491196,564.7935705499564,1000.4166666666723
1079.2499859392572,563.7087390682416,1000.4166666666723
1073.3488724293948,562.6239075865268,1000.4166666666723
1067.4477589195324,561.539076104812,1000.4166666666723
1061.54664540967,560.4542446230972,1000.4166666666723
1055.6455318998076,559.3694131413824,1000.4166666666723
1049.7444183899452,558.2845816596677,1000.4166666666723
1043.8433048800828,557.1997501779529,1000.4166666666723
1037.9421913702204,556.1149186962381,1000.4166666666723
1032.041077860358,555.0300872145233,1000.4166666666723
1026.1399643504956,553.9452557328085,1000.4166666666723
1020.2388508406332,552.8604242510937,1000.4166666666723
1014.3377373307708,551.7755927693789,1000.4166666666723
1008.4366238209084,550.6907612876641,1000.4166666666723
1002.535510311046,549.6059298059494,1000.4166666666723
996.6343968011836,548.5210983242346,1000.4166666666723
990.7332832913212,547.4362668425198,1000.4166666666723
984.8321697814588,546.351435360805,1000.4166666666723
978.9310562715964,545.2666038790902,1000.4166666666723
973.029942761734,544.1817723973754,1000.4166666666723
967.1288292518716,543.0969409156606,1000.4166666666723
961.2277157420092,542.0121094339459,1000.4166666666723
955.3266022321468,540.9272779522311,1000.4166666666723
949.4254887222844,539.8424464705163,1000.4166666666723
943.524375212422,538.7576149888015,1000.4166666666723
937.6232617025596,537.6727835070867,1000.4166666666723
931.7221481926972,536.5879520253719,1000.4166666666723
925.8210346828348,535.5031205436571,1000.4166666666723
919.9199211729724,534.4182890619423,1000.4166666666723
914.01880766311,533.3334575802276,1000.4166666666723
908.1176941532476,532.2486260985128,1000.4166666666723
902.1736818531061,531.4308744395312,997.8333333333389
896.1988522876583,530.8818647275502,995.2500000000056
890.2053496196271,530.6027128543632,992.6666666666722
884.2053559658223,530.5939862111793,990.0833333333388
878.2110666363311,530.8557025353707,987.5000000000055
872.2346653468949,531.3873298744201,984.9166666666721
866.2882994548504,532.1877876671426,982.3333333333387
860.3840552689726,533.2554489399852,979.7500000000053
854.5339334834009,534.5881436139373,977.166666666672
848.749824785583,536.1831629153338,974.5833333333386
843.0434856878119,538.0372648815829,972.0000000000052
837.4265146314822,540.1466809506301,969.4166666666719
831.9103284126335,542.5071236207627,966.8333333333385
826.5061389766977,545.1137951651888,964.2500000000051
821.2249306296168,547.9613973836741,961.6666666666717
816.0774377116493,551.0441423714203,959.0833333333384
811.074122779246,554.3557642832923,956.500000000005
806.2251553393409,557.8895320694859,953.9166666666716
801.5403911792806,561.6382631567492,951.3333333333383
797.0293523344064,565.5943380473492,948.7500000000049
792.7012077340046,569.749715806111,946.1666666666715
788.564754564964,574.0959504040515,943.5833333333381
784.6284003910206,578.6242078853877,941.0000000000048
780.900146063931,583.3252843230281,938.4166666666714
777.1718917368413,588.0263607606685,938.4166666666714
773.4436374097517,592.7274371983088,938.4166666666714
769.715383082662,597.4285136359492,938.4166666666714
765.9871287555724,602.1295900735896,938.4166666666714
762.2588744284827,606.83066651123,938.4166666666714
758.5306201013931,611.5317429488704,938.4166666666714
754.8023657743034,616.2328193865108,938.4166666666714
751.0741114472138,620.9338958241511,938.4166666666714
747.3458571201242,625.6349722617915,938.4166666666714
743.6176027930345,630.3360486994319,938.4166666666714
739.8893484659449,635.0371251370723,938.4166666666714
735.9529942920014,639.5653826184085,941.0000000000048
731.8165411229609,643.911617216349,943.5833333333381
727.488396522559,648.0669949751108,946.1666666666715
722.9773576776848,652.0230698657108,948.7500000000049
718.2925935176246,655.7718009529741,951.3333333333383
713.4436260777195,659.3055687391677,953.9166666666716
708.4403111453162,662.6171906510397,956.500000000005
703.2928182273487,665.6999356387859,959.0833333333384
698.0116098802678,668.5475378572712,961.6666666666717
692.607420444332,671.1542094016972,964.2500000000051
687.0912342254833,673.5146520718299,966.8333333333385
681.5750480066346,675.8750947419626,966.8333333333385
676.0588617877859,678.2355374120953,966.8333333333385
670.5426755689372,680.5959800822279,966.8333333333385
665.0264893500885,682.9564227523606,966.8333333333385
659.5103031312398,685.3168654224933,966.8333333333385
653.9941169123911,687.6773080926259,966.8333333333385
648.4779306935424,690.0377507627586,966.8333333333385
642.9617444746937,692.3981934328913,966.8333333333385
637.445558255845,694.758636103024,966.8333333333385
631.9293720369963,697.1190787731566,966.8333333333385
626.4131858181476,699.4795214432893,966.8333333333385
620.8969995992989,701.839964113422,966.8333333333385
615.3808133804501,704.2004067835546,966.8333333333385
609.7638423241204,706.3098228526018,969.4166666666719
604.0575032263494,708.1639248188509,972.0000000000052
598.2733945285314,709.7589441202474,974.5833333333386
592.4232727429597,711.0916387941995,977.166666666672
586.5190285570819,712.1593000670421,979.7500000000053
580.5726626650375,712.9597578597646,982.3333333333387
574.5962613756012,713.491385198814,984.9166666666721
568.6019720461101,713.7531015230054,987.5000000000055
562.6076827166189,714.0148178471968,987.5000000000055
556.6133933871278,714.2765341713882,987.5000000000055
550.6191040576366,714.5382504955796,987.5000000000055
544.6248147281455,714.799966819771,987.5000000000055
538.6305253986543,715.0616831439625,987.5000000000055
532.6362360691631,715.3233994681539,987.5000000000055
526.641946739672,715.5851157923453,987.5000000000055
520.6419530858672,715.5763891491614,990.0833333333388
514.648450417836,715.2972372759743,992.6666666666722
508.67362085238807,714.7482275639934,995.2500000000056
502.7296085522466,713.9304759050118,997.8333333333389
496.8284950423842,712.845644423297,1000.4166666666723
490.9822746536729,711.4959380972332,1003.0000000000057
485.2028301437611,709.8841002775843,1005.583333333339
479.5019085447289,708.0134071114857,1008.1666666666724
473.89109728661305,705.8876608834988,1010.7500000000058
468.3818006453316,703.5111822872633,1013.3333333333392
462.8725040040502,701.1347036910278,1013.3333333333392
457.3632073627688,698.7582250947922,1013.3333333333392
451.85391072148735,696.3817464985567,1013.3333333333392
446.34461408020593,694.0052679023212,1013.3333333333392
440.8353174389245,691.6287893060857,1013.3333333333392
435.3260207976431,689.2523107098501,1013.3333333333392
429.81672415636166,686.8758321136146,1013.3333333333392
424.30742751508024,684.4993535173791,1013.3333333333392
418.7981308737988,682.1228749211435,1013.3333333333392
413.2888342325174,679.746396324908,1013.3333333333392
407.77953759123596,677.3699177286725,1013.3333333333392
402.27024094995454,674.993439132437,1013.3333333333392
396.7609443086731,672.6169605362014,1013.3333333333392
391.2516476673917,670.2404819399659,1013.3333333333392
385.74235102611027,667.8640033437304,1013.3333333333392
380.23305438482885,665.4875247474948,1013.3333333333392
374.7237577435474,663.1110461512593,1013.3333333333392
369.214461102266,660.7345675550238,1013.3333333333392
363.7051644609846,658.3580889587882,1013.3333333333392
358.19586781970315,655.9816103625527,1013.3333333333392
352.68657117842173,653.6051317663172,1013.3333333333392
347.1772745371403,651.2286531700817,1013.3333333333392
341.6679778958589,648.8521745738461,1013.3333333333392
336.15868125457746,646.4756959776106,1013.3333333333392
330.64938461329604,644.0992173813751,1013.3333333333392
325.1400879720146,641.7227387851395,1013.3333333333392
319.6307913307332,639.346260188904,1013.3333333333392
314.12149468945177,636.9697815926685,1013.3333333333392
308.61219804817034,634.593302996433,1013.3333333333392
303.1029014068889,632.2168244001974,1013.3333333333392
297.5936047656075,629.8403458039619,1013.3333333333392
292.08430812432607,627.4638672077264,1013.3333333333392
286.57501148304465,625.0873886114908,1013.3333333333392
281.0657148417632,622.7109100152553,1013.3333333333392
275.5564182004818,620.3344314190198,1013.3333333333392
270.0471215592004,617.9579528227843,1013.3333333333392
264.53782491791895,615.5814742265487,1013.3333333333392
259.02852827663753,613.2049956303132,1013.3333333333392
253.51923163535614,610.8285170340777,1013.3333333333392
248.00993499407474,608.4520384378421,1013.3333333333392
242.50063835279335,606.0755598416066,1013.3333333333392
236.99134171151195,603.6990812453711,1013.3333333333392
231.48204507023055,601.3226026491355,1013.3333333333392
225.97274842894916,598.9461240529,1013.3333333333392
220.57616434649697,596.3237434090911,1015.9166666666725
215.30326167052547,593.4607908475328,1018.5000000000059
210.1647578595696,590.3630854734225,1021.0833333333393
205.17109719923627,587.0369235396857,1023.6666666666727
200.33242957363174,583.4890656495038,1026.250000000006
195.65858983517572,579.7267230150234,1028.8333333333392
191.1590778147344,575.75754280018,1031.4166666666724
186.8430390127029,571.5895925774256,1034.0000000000057
182.71924601028334,567.2313439299531,1036.583333333339
178.79608063874136,562.6916552327478,1039.1666666666722
175.08151694288279,557.979753647463,1041.7500000000055
171.58310497337843,553.1052163677175,1044.3333333333387
168.30795544087957,548.077951152934,1046.916666666672
165.2627252631158,542.9081761902846,1049.5000000000052
162.45360403435149,537.6063993256754,1052.0833333333385
159.88630144470204,532.183396705984,1054.6666666666717
157.5660356748816,526.6501908759611,1057.250000000005
155.4975227899697,521.0180283743146,1059.8333333333383
153.68496715375522,515.2983568745143,1062.4166666666715
152.13205288314057,509.50280191677973,1065.0000000000048
150.84193635997582,503.64314327854345,1067.583333333338
149.81723981554265,497.7312910314193,1070.1666666666713
149.06004600072814,491.77926133334097,1072.7500000000045
148.57189395272144,485.7991520050739,1075.3333333333378
148.08374190471474,479.8190426768068,1075.3333333333378
147.59558985670805,473.83893334853974,1075.3333333333378
147.10743780870135,467.85882402027266,1075.3333333333378
146.61928576069465,461.8787146920056,1075.3333333333378
146.13113371268796,455.8986053637385,1075.3333333333378
145.64298166468126,449.91849603547143,1075.3333333333378
