1156.0107288710299,1093.7952809453752,3.0,0
1156.0107288710299,1093.3852809453751,0.0,0
1156.0429154841192,1092.771123781501,3.0,0
1156.0429154841192,1091.951123781501,0.0,0
1156.0965598392684,1090.9275285083777,3.0,0
1156.0965598392684,1089.6975285083777,0.0,0
1156.171661936477,1088.264495126005,3.0,0
1156.171661936477,1086.6244951260048,0.0,0
1156.2682217757451,1084.7820236343825,3.0,0
1156.2682217757451,1082.7320236343826,0.0,0
1156.386239357073,1080.480114033511,3.0,0
1156.386239357073,1078.020114033511,0.0,0
1156.5257146804604,1075.35876632339,3.0,0
1156.5257146804604,1072.48876632339,0.0,0
1156.6866477459075,1069.4179805040199,3.0,0
1156.6866477459075,1066.1379805040199,0.0,0
1156.8690385534142,1062.6577565754003,3.0,0
1156.8690385534142,1058.9677565754002,0.0,0
1157.0728871029805,1055.0780945375311,3.0,0
1157.0728871029805,1050.9780945375312,0.0,0
1157.2981933946064,1046.6789943904128,3.0,0
1157.2981933946064,1042.1689943904128,0.0,0
1157.5449574282918,1037.460456134045,3.0,0
1157.5449574282918,1032.540456134045,0.0,0
1157.813179204037,1027.4224797684278,3.0,0
1157.813179204037,1022.0924797684278,0.0,0
1158.1028587218416,1016.5650652935612,3.0,0
1158.1028587218416,1010.8250652935612,0.0,2.61744
1158.413995981706,1004.8882127094453,3.0,5.32836
1159.056846030802,998.7719030529304,6.0,8.132760000000001
1160.0345614373034,992.5988509242108,9.0,11.030640000000002
1161.3340095049143,986.4854284196244,12.0,13.974120000000001
1162.9516285368052,980.4483920053177,15.0,16.9176
1164.8829847516486,974.504288778473,18.0,19.86108
1167.1227844363068,968.6694111128654,21.0,19.86108
1169.0541406511502,962.7253078860207,18.0,19.86108
1171.2939403358084,956.8904302204131,21.0,19.86108
1173.2252965506518,950.9463269935684,18.0,19.86108
1175.46509623531,945.1114493279608,21.0,19.86108
1177.3964524501534,939.1673461011161,18.0,19.86108
1179.6362521348117,933.3324684355085,21.0,19.86108
1181.567608349655,927.3883652086638,18.0,19.86108
1183.8074080343133,921.5534875430562,21.0,22.804560000000002
1186.349512053537,915.84382843279,24.0,25.748040000000003
1189.1869526769092,910.2750376566128,27.0,28.691520000000004
1192.3119526769092,904.86237888296,30.0,31.635000000000005
1195.715946645753,899.6206878333011,33.0,34.578480000000006
1199.3896044725811,894.5643316184577,36.0,37.52196000000001
1203.3228569166426,889.7071693593516,39.0,40.46544000000001
1207.5049232063855,885.0625142001179,42.0,43.40892000000001
1211.9243405888014,880.643096817702,45.0,46.35240000000001
1216.5689957480351,876.4610305279591,48.0,46.35240000000001
1220.9884131304511,872.0416131455432,45.0,46.35240000000001
1225.6330682896848,867.8595468558003,48.0,46.35240000000001
1230.0524856721008,863.4401294733844,45.0,46.35240000000001
1234.6971408313345,859.2580631836415,48.0,46.35240000000001
1239.1165582137505,854.8386458012257,45.0,46.35240000000001
1243.7612133729842,850.6565795114827,48.0,46.35240000000001
1248.1806307554002,846.2371621290669,45.0,46.35240000000001
1252.825285914634,842.0550958393239,48.0,49.29588000000001
1257.6824481737399,838.1218433952624,51.0,52.23936000000001
1262.7388043885833,834.4481855684345,54.0,55.18284000000001
1267.980495438242,831.0441915995906,57.0,58.126320000000014
1273.3931542118949,827.9191915995906,60.0,61.069800000000015
1278.9619449880722,825.0817509762185,63.0,64.01328000000001
1284.6716040983385,822.5396469569947,66.0,66.95676
1290.506481763946,820.2998472723366,69.0,69.90024
1296.4505849907907,818.3684910574932,72.0,72.84371999999999
1302.4876214050973,816.7508720256025,75.0,75.78719999999998
1308.6010439096835,815.4514239579914,78.0,78.73067999999998
1314.774096038403,814.47370855149,81.0,81.67415999999997
1320.9898578844548,813.8204056560671,84.0,81.67415999999997
1327.1629100131743,812.8426902495656,81.0,81.67415999999997
1333.378671859226,812.1893873541428,84.0,81.67415999999997
1339.5517239879455,811.2116719476413,81.0,81.67415999999997
1345.7674858339972,810.5583690522185,84.0,81.67415999999997
1351.9405379627167,809.580653645717,81.0,81.67415999999997
1358.1562998087684,808.9273507502942,84.0,81.67415999999997
1364.329351937488,807.9496353437927,81.0,81.67415999999997
1370.5451137835396,807.2963324483699,84.0,81.67415999999997
1376.718165912259,806.3186170418684,81.0,81.67415999999997
1382.9339277583108,805.6653141464456,84.0,81.67415999999997
1389.1069798870303,804.6875987399441,81.0,81.67415999999997
1395.322741733082,804.0342958445212,84.0,84.61763999999997
1401.5641763252981,803.7071961180028,87.0,87.56111999999996
1407.8141763252981,803.7071961180028,90.0,90.50459999999995
1414.0556109175143,804.0342958445212,93.0,93.44807999999995
1420.271372763566,804.6875987399441,96.0,96.39155999999994
1426.4444248922855,805.6653141464456,99.0,99.33503999999994
1432.5578473968717,806.9647622140566,102.0,102.27851999999993
1438.5948838111783,808.5823812459473,105.0,105.22199999999992
1444.538987038023,810.5137374607907,108.0,108.16547999999992
1450.3738647036305,812.7535371454488,111.0,111.10895999999991
1456.0835238138968,815.2956411646726,114.0,114.0524399999999
1461.6523145900742,818.1330817880447,117.0,116.9959199999999
1467.064973363727,821.2580817880447,120.0,119.93939999999989
1472.3066644133858,824.6620757568886,123.0,122.88287999999989
1477.3630206282292,828.3357335837165,126.0,125.82635999999988
1482.220182887335,832.268986027778,129.0,128.76983999999987
1486.8648380465688,836.451052317521,132.0,131.71331999999987
1491.2842554289848,840.8704696999368,135.0,134.65679999999986
1495.4663217187276,845.5151248591706,138.0,137.60027999999986
1499.3995741627891,850.3722871182766,141.0,140.54375999999985
1503.0732319896172,855.42864333312,144.0,143.48723999999984
1507.0064844336787,860.2858055922261,141.0,143.48723999999984
1510.6801422605067,865.3421618070695,144.0,143.48723999999984
1514.6133947045682,870.1993240661756,141.0,143.48723999999984
1518.2870525313963,875.255680281019,144.0,143.48723999999984
1522.2203049754578,880.112842540125,141.0,143.48723999999984
1525.8939628022858,885.1691987549684,144.0,143.48723999999984
1529.8272152463474,890.0263610140745,141.0,143.48723999999984
1533.5008730731754,895.0827172289179,144.0,143.48723999999984
1537.434125517237,899.939879488024,141.0,143.48723999999984
1541.107783344065,904.9962357028674,144.0,143.48723999999984
1545.0410357881265,909.8533979619734,141.0,143.48723999999984
1549.2231020778693,914.4980531212071,138.0,140.54375999999985
1553.6425194602853,918.917470503623,135.0,137.60027999999986
1558.287174619519,923.0995367933659,132.0,134.65679999999986
1563.144336878625,927.0327892374274,129.0,131.71331999999987
1568.2006930934683,930.7064470642554,126.0,128.76983999999987
1573.4423841431271,934.1104410330993,123.0,125.82635999999988
1578.85504291678,937.2354410330993,120.0,122.88287999999989
1584.4238336929573,940.0728816564714,117.0,119.93939999999989
1590.1334928032236,942.6149856756952,114.0,116.9959199999999
1595.702283579401,945.4524262990673,117.0,114.0524399999999
1601.4119426896673,947.994530318291,114.0,111.10895999999991
1607.2468203552748,950.2343300029492,111.0,108.16547999999992
1613.1909235821195,952.1656862177925,108.0,105.22199999999992
1619.227959996426,953.7833052496833,105.0,102.27851999999993
1625.3413825010123,955.0827533172943,102.0,99.33503999999994
1631.5144346297318,956.0604687237958,99.0,96.39155999999994
1637.7301964757835,956.7137716192186,96.0,93.44807999999995
1643.9716310679996,957.0408713457371,93.0,90.50459999999995
1650.2216310679996,957.0408713457371,90.0,87.56111999999996
1656.4630656602158,956.7137716192186,87.0,84.61763999999997
1662.6788275062675,956.0604687237958,84.0,81.67415999999997
1668.851879634987,955.0827533172943,81.0,78.73067999999998
1674.9653021395732,953.7833052496833,78.0,75.78719999999998
1681.0023385538798,952.1656862177925,75.0,72.84371999999999
1686.9464417807244,950.2343300029492,72.0,69.90024
1692.781319446332,947.994530318291,69.0,66.95676
1698.4909785565983,945.4524262990673,66.0,64.01328000000001
1704.0597693327757,942.6149856756952,63.0,61.06980000000001
1709.4724281064284,939.4899856756952,60.0,58.12632000000001
1714.7141191560872,936.0859917068512,57.0,55.182840000000006
1719.7704753709306,932.4123338800233,54.0,52.239360000000005
1724.6276376300366,928.4790814359618,51.0,49.295880000000004
1729.2722927892703,924.2970151462189,48.0,49.295880000000004
1734.1294550483763,920.3637627021574,51.0,49.295880000000004
1738.77411020761,916.1816964124145,48.0,49.295880000000004
1743.631272466716,912.248443968353,51.0,49.295880000000004
1748.2759276259496,908.06637767861,48.0,49.295880000000004
1753.1330898850556,904.1331252345485,51.0,49.295880000000004
1757.7777450442893,899.9510589448056,48.0,49.295880000000004
1762.6349073033953,896.0178065007441,51.0,49.295880000000004
1767.279562462629,891.8357402110012,48.0,49.295880000000004
1772.136724721735,887.9024877669397,51.0,49.295880000000004
1776.7813798809686,883.7204214771967,48.0,49.295880000000004
1781.6385421400746,879.7871690331352,51.0,49.295880000000004
1786.2831972993083,875.6051027433923,48.0,49.295880000000004
1791.1403595584143,871.6718502993308,51.0,49.295880000000004
1795.785014717648,867.4897840095879,48.0,49.295880000000004
1800.642176976754,863.5565315655264,51.0,49.295880000000004
1805.2868321359877,859.3744652757835,48.0,49.295880000000004
1810.1439943950936,855.4412128317219,51.0,49.295880000000004
1814.7886495543273,851.259146541979,48.0,49.295880000000004
1819.2080669367433,846.8397291595631,45.0,46.3524
1823.3901332264861,842.1950740003294,42.0,43.40892
1827.3233856705476,837.3379117412234,39.0,40.46544
1830.9970434973757,832.28155552638,36.0,37.52196
1834.4010374662196,827.039864476721,33.0,34.57848
1837.5260374662196,821.6272057030683,30.0,31.634999999999998
1840.9300314350635,816.3855146534094,33.0,31.634999999999998
1844.0550314350635,810.9728558797566,30.0,31.634999999999998
1847.4590254039074,805.7311648300977,33.0,31.634999999999998
1850.5840254039074,800.3185060564449,30.0,31.634999999999998
1853.9880193727513,795.076815006786,33.0,31.634999999999998
1857.1130193727513,789.6641562331332,30.0,31.634999999999998
1860.5170133415952,784.4224651834743,33.0,31.634999999999998
1863.6420133415952,779.0098064098215,30.0,31.634999999999998
1867.046007310439,773.7681153601626,33.0,31.634999999999998
1870.171007310439,768.3554565865098,30.0,31.634999999999998
1873.575001279283,763.1137655368509,33.0,31.634999999999998
1876.700001279283,757.7011067631981,30.0,31.634999999999998
1880.103995248127,752.4594157135392,33.0,31.634999999999998
1883.228995248127,747.0467569398864,30.0,31.634999999999998
1886.6329892169708,741.8050658902275,33.0,31.634999999999998
1889.7579892169708,736.3924071165748,30.0,31.634999999999998
1893.1619831858147,731.1507160669158,33.0,31.634999999999998
1896.2869831858147,725.7380572932631,30.0,31.634999999999998
1899.6909771546586,720.4963662436041,33.0,31.634999999999998
1902.8159771546586,715.0837074699514,30.0,31.634999999999998
1906.2199711235025,709.8420164202925,33.0,31.634999999999998
1909.3449711235025,704.4293576466397,30.0,31.634999999999998
1912.7489650923465,699.1876665969808,33.0,31.634999999999998
1915.8739650923465,693.775007823328,30.0,31.634999999999998
1919.2779590611904,688.5333167736691,33.0,31.634999999999998
1922.9516168880184,683.4769605588257,36.0,34.57848
1926.88486933208,678.6197982997196,39.0,37.52196
1931.0669356218227,673.9751431404859,42.0,40.46544
1935.4863530042387,669.55572575807,45.0,43.40892
1940.1310081634724,665.3736594683271,48.0,46.3524
1944.9881704225784,661.4404070242656,51.0,49.295880000000004
1950.0445266374218,657.7667491974377,54.0,52.239360000000005
1955.2862176870806,654.3627552285938,57.0,55.182840000000006
1960.6988764607333,651.2377552285938,60.0,58.12632000000001
1966.2676672369107,648.4003146052216,63.0,61.06980000000001
1971.977326347177,645.8582105859979,66.0,64.01328000000001
1977.8122040127846,643.6184109013398,69.0,66.95676
1983.7563072396292,641.6870546864964,72.0,69.90024
1989.7933436539358,640.0694356546056,75.0,72.84371999999999
1995.906766158522,638.7699875869946,78.0,75.78719999999998
2002.0798182872416,637.7922721804931,81.0,78.73067999999998
2008.2955801332932,637.1389692850703,84.0,81.67415999999997
2014.5370147255094,636.8118695585518,87.0,84.61763999999997
2020.752776571561,636.158566663129,84.0,84.61763999999997
2026.9942111637772,635.8314669366106,87.0,84.61763999999997
2033.209973009829,635.1781640411878,84.0,84.61763999999997
2039.451407602045,634.8510643146693,87.0,84.61763999999997
2045.6671694480967,634.1977614192465,84.0,84.61763999999997
2051.9086040403126,633.870661692728,87.0,84.61763999999997
2058.1243658863646,633.2173587973052,84.0,84.61763999999997
2064.3658004785807,632.8902590707868,87.0,84.61763999999997
2070.5815623246326,632.236956175364,84.0,84.61763999999997
2076.8229969168488,631.9098564488455,87.0,84.61763999999997
2083.0387587629007,631.2565535534227,84.0,84.61763999999997
2089.280193355117,630.9294538269043,87.0,84.61763999999997
2095.4959552011687,630.2761509314814,84.0,84.61763999999997
2101.737389793385,629.949051204963,87.0,87.56111999999996
2107.987389793385,629.949051204963,90.0,90.50459999999995
2114.228824385601,630.2761509314814,93.0,93.44807999999995
2120.444586231653,630.9294538269043,96.0,96.39155999999994
2126.6176383603724,631.9071692334057,99.0,99.33503999999994
2132.7310608649586,633.2066173010168,102.0,102.27851999999993
2138.7680972792655,634.8242363329075,105.0,105.22199999999992
2144.71220050611,636.7555925477509,108.0,108.16547999999992
2150.5470781717177,638.995392232409,111.0,111.10895999999991
2156.256737281984,641.5374962516328,114.0,114.0524399999999
2161.825528058161,644.3749368750049,117.0,116.9959199999999
2167.238186831814,647.4999368750049,120.0,119.93939999999989
2172.479877881473,650.9039308438488,123.0,122.88287999999989
2177.8925366551257,654.0289308438488,120.0,122.88287999999989
2183.1342277047847,657.4329248126927,123.0,122.88287999999989
2188.5468864784375,660.5579248126927,120.0,122.88287999999989
2193.7885775280965,663.9619187815366,123.0,122.88287999999989
2199.2012363017493,667.0869187815366,120.0,122.88287999999989
2204.4429273514083,670.4909127503805,123.0,122.88287999999989
2209.855586125061,673.6159127503805,120.0,122.88287999999989
2215.09727717472,677.0199067192244,123.0,122.88287999999989
2220.509935948373,680.1449067192244,120.0,122.88287999999989
2225.751626998032,683.5489006880683,123.0,122.88287999999989
2231.1642857716847,686.6739006880683,120.0,122.88287999999989
2236.4059768213438,690.0778946569122,123.0,122.88287999999989
2241.8186355949965,693.2028946569122,120.0,122.88287999999989
2247.0603266446556,696.6068886257561,123.0,122.88287999999989
2252.4729854183083,699.7318886257561,120.0,122.88287999999989
2257.7146764679674,703.1358825946,123.0,122.88287999999989
2263.12733524162,706.2608825946,120.0,122.88287999999989
2268.369026291279,709.664876563444,123.0,122.88287999999989
2273.425382506123,713.3385343902719,126.0,125.82635999999988
2278.282544765229,717.2717868343334,129.0,128.76983999999987
2282.927199924463,721.4538531240763,132.0,131.71331999999987
2287.3466173068787,725.8732705064922,135.0,134.65679999999986
2291.5286835966217,730.5179256657259,138.0,137.60027999999986
2295.461936040683,735.375087924832,141.0,140.54375999999985
2299.135593867511,740.4314441396754,144.0,143.48723999999984
2302.539587836355,745.6731351893343,147.0,146.43071999999984
2305.664587836355,751.085793962987,150.0,149.37419999999983
2308.502028459727,756.6545847391643,153.0,152.31767999999983
2311.044132478951,762.3642438494305,156.0,155.26115999999982
2313.283932163609,768.1991215150381,159.0,158.2046399999998
2315.2152883784524,774.1432247418828,162.0,161.1481199999998
2316.832907410343,780.1802611561895,165.0,164.0915999999998
2318.132355477954,786.2936836607759,168.0,167.0350799999998
2319.749974509845,792.3307200750826,165.0,167.0350799999998
2321.049422577456,798.4441425796689,168.0,167.0350799999998
2322.6670416093466,804.4811789939756,165.0,167.0350799999998
2323.9664896769577,810.5946014985619,168.0,167.0350799999998
2325.5841087088484,816.6316379128687,165.0,167.0350799999998
2326.8835567764595,822.745060417455,168.0,167.0350799999998
2328.50117580835,828.7820968317617,165.0,167.0350799999998
2329.8006238759613,834.895519336348,168.0,167.0350799999998
2331.418242907852,840.9325557506547,165.0,167.0350799999998
2332.717690975463,847.045978255241,168.0,167.0350799999998
2334.3353100073537,853.0830146695478,165.0,167.0350799999998
2335.634758074965,859.1964371741341,168.0,167.0350799999998
2337.2523771068554,865.2334735884408,165.0,167.0350799999998
2338.5518251744666,871.3468960930271,168.0,167.0350799999998
2340.169444206357,877.3839325073338,165.0,167.0350799999998
2341.4688922739683,883.4973550119201,168.0,167.0350799999998
2343.086511305859,889.5343914262269,165.0,167.0350799999998
2344.38595937347,895.6478139308132,168.0,167.0350799999998
2346.0035784053607,901.6848503451199,165.0,167.0350799999998
2347.303026472972,907.7982728497062,168.0,167.0350799999998
2348.9206455048625,913.835309264013,165.0,167.0350799999998
2350.2200935724736,919.9487317685993,168.0,167.0350799999998
2351.8377126043642,925.985768182906,165.0,167.0350799999998
2353.1371606719754,932.0991906874923,168.0,167.0350799999998
2354.754779703866,938.136227101799,165.0,167.0350799999998
2356.054227771477,944.2496496063853,168.0,167.0350799999998
2357.6718468033678,950.2866860206921,165.0,167.0350799999998
2358.971294870979,956.4001085252784,168.0,167.0350799999998
2360.5889139028695,962.4371449395851,165.0,167.0350799999998
2361.8883619704807,968.5505674441714,168.0,167.0350799999998
2363.5059810023713,974.5876038584781,165.0,167.0350799999998
2364.8054290699824,980.7010263630644,168.0,167.0350799999998
2366.423048101873,986.7380627773712,165.0,167.0350799999998
2367.722496169484,992.8514852819575,168.0,167.0350799999998
2369.340115201375,998.8885216962642,165.0,167.0350799999998
2370.639563268986,1005.0019442008505,168.0,167.0350799999998
2372.2571823008766,1011.0389806151572,165.0,167.0350799999998
2373.5566303684877,1017.1524031197436,168.0,167.0350799999998
2375.1742494003784,1023.1894395340503,165.0,167.0350799999998
2376.4736974679895,1029.3028620386365,168.0,169.9785599999998
2377.451412874491,1035.475914167356,171.0,172.92203999999978
2378.1047157699136,1041.6916760134077,174.0,175.86551999999978
2378.431815496432,1047.9331106056238,177.0,178.80899999999977
2378.431815496432,1054.1831106056238,180.0,181.75247999999976
2378.1047157699136,1060.42454519784,183.0,184.69595999999976
2377.451412874491,1066.6403070438917,186.0,187.63943999999975
2376.4736974679895,1072.8133591726112,189.0,190.58291999999975
2375.1742494003784,1078.9267816771974,192.0,193.52639999999974
2373.5566303684877,1084.963818091504,195.0,196.46987999999973
2371.625274153644,1090.9079213183486,198.0,199.41335999999973
2369.385474468986,1096.7427989839562,201.0,202.35683999999972
2366.8433704497625,1102.4524580942225,204.0,205.30031999999972
2364.0059298263905,1108.0212488703999,207.0,208.2437999999997
2360.8809298263905,1113.4339076440526,210.0,211.1872799999997
2357.4769358575463,1118.6755986937114,213.0,214.1307599999997
2353.8032780307185,1123.7319549085548,216.0,217.0742399999997
2349.870025586657,1128.5891171676608,219.0,220.01771999999968
2345.687959296914,1133.2337723268945,222.0,222.96119999999968
2341.268541914498,1137.6531897093105,225.0,225.90467999999967
2336.6238867552643,1141.8352559990533,228.0,228.84815999999967
2331.766724496158,1145.7685084431148,231.0,231.79163999999966
2326.7103682813145,1149.4421662699428,234.0,234.73511999999965
2321.4686772316554,1152.8461602387868,237.0,237.67859999999965
2316.0560184580027,1155.9711602387868,240.0,240.62207999999964
2310.4872276818255,1158.808600862159,243.0,243.56555999999964
2304.777568571559,1161.3507048813826,246.0,243.56555999999964
2299.208777795382,1164.1881455047549,243.0,243.56555999999964
2293.4991186851157,1166.7302495239785,246.0,243.56555999999964
2287.9303279089386,1169.5676901473507,243.0,243.56555999999964
2282.2206687986722,1172.1097941665744,246.0,243.56555999999964
2276.651878022495,1174.9472347899466,243.0,243.56555999999964
2270.942218912229,1177.4893388091702,246.0,243.56555999999964
2265.3734281360516,1180.3267794325425,243.0,243.56555999999964
2259.6637690257853,1182.8688834517661,246.0,243.56555999999964
2254.094978249608,1185.7063240751384,243.0,243.56555999999964
2248.385319139342,1188.248428094362,246.0,243.56555999999964
2242.8165283631647,1191.0858687177342,243.0,243.56555999999964
2237.1068692528984,1193.6279727369579,246.0,243.56555999999964
2231.5380784767212,1196.46541336033,243.0,243.56555999999964
2225.828419366455,1199.0075173795537,246.0,243.56555999999964
2220.2596285902778,1201.844958002926,243.0,243.56555999999964
2214.5499694800114,1204.3870620221496,246.0,243.56555999999964
2208.9811787038343,1207.2245026455219,243.0,243.56555999999964
2203.271519593568,1209.7666066647455,246.0,243.56555999999964
2197.702728817391,1212.6040472881177,243.0,243.56555999999964
2191.9930697071245,1215.1461513073414,246.0,243.56555999999964
2186.4242789309474,1217.9835919307136,243.0,243.56555999999964
2180.714619820681,1220.5256959499372,246.0,243.56555999999964
2174.8797421550735,1222.7654956345955,249.0,246.50903999999963
2168.935638928229,1224.6968518494389,252.0,249.45251999999962
2162.898602513922,1226.3144708813297,255.0,252.39599999999962
2156.785180009336,1227.6139189489406,258.0,255.3394799999996
2150.6121278806163,1228.591634355442,261.0,258.2829599999996
2144.3963660345644,1229.244937250865,264.0,261.2264399999996
2138.1549314423482,1229.5720369773833,267.0,264.16991999999965
2131.9049314423482,1229.5720369773833,270.0,267.1133999999997
2125.663496850132,1229.244937250865,273.0,270.0568799999997
2119.44773500408,1228.591634355442,276.0,273.0003599999997
2113.206300411864,1228.2645346289237,273.0,275.94383999999974
2106.990538565812,1227.6112317335007,276.0,278.88731999999976
2100.8174864370926,1226.6335163269994,279.0,281.8307999999998
2094.7040639325064,1225.3340682593885,282.0,284.7742799999998
2088.6670275181996,1223.7164492274976,285.0,287.7177599999998
2082.722924291355,1221.7850930126542,288.0,290.66123999999985
2076.8880466257474,1219.545293327996,291.0,293.6047199999999
2071.178387515481,1217.0031893087723,294.0,296.5481999999999
2065.609596739304,1214.1657486854,297.0,299.4916799999999
2060.196937965651,1211.0407486854,300.0,302.43515999999994
2054.955246915992,1207.6367547165562,303.0,305.37863999999996
2049.8988907011485,1203.9630968897281,306.0,308.32212
2045.0417284420425,1200.0298444456666,309.0,311.2656
2040.3970732828088,1195.8477781559238,312.0,314.20908000000003
2035.9776559003928,1191.4283607735078,315.0,317.15256000000005
2031.79558961065,1186.7837056142741,318.0,320.0960400000001
2027.8623371665885,1181.9265433551682,321.0,323.0395200000001
2024.1886793397605,1176.8701871403248,324.0,325.9830000000001
2020.7846853709166,1171.628496090666,327.0,328.92648000000014
2017.6596853709166,1166.2158373170132,330.0,331.86996000000016
2014.8222447475443,1160.6470465408358,333.0,334.8134400000002
2012.2801407283207,1154.9373874305695,336.0,337.7569200000002
2010.0403410436625,1149.102509764962,339.0,337.7569200000002
2007.4982370244388,1143.3928506546956,336.0,337.7569200000002
2004.6607964010666,1137.8240598785183,333.0,334.8134400000002
2001.5357964010666,1132.4114011048655,330.0,331.86996000000016
1998.1318024322227,1127.1697100552067,327.0,328.92648000000014
1994.4581446053946,1122.1133538403633,324.0,325.9830000000001
1990.587824200438,1117.333906177403,321.0,323.17860000000013
1986.539584031967,1112.8378799832647,318.0,320.4198000000001
1982.332298683907,1108.6305946352047,315.0,317.70660000000015
1978.4178846367079,1104.283197406162,318.0,315.03900000000016
1974.3520206448852,1100.2173334143392,315.0,312.41700000000014
1970.1532523809378,1096.4367454884116,312.0,309.84060000000017
1965.8400922948517,1092.944017318085,309.0,307.30980000000017
1961.4309496755084,1089.740587693091,306.0,304.82460000000015
1956.9440621370004,1086.8267688557605,303.0,302.38500000000016
1952.3974287671322,1084.2017688557605,300.0,299.99100000000016
1947.8087451675622,1081.863717782102,297.0,297.64260000000013
1943.195340606467,1079.8096977345692,294.0,295.33980000000014
1938.574117495306,1078.03577638432,291.0,293.0826000000001
1933.9614933912744,1076.5370439616013,288.0,290.87100000000015
1929.242244335331,1074.72549397665,291.0,288.5659200000002
1924.2396870596185,1073.1000645862377,288.0,286.1673600000002
1918.9609024189488,1071.6856185047525,285.0,283.6753200000002
1913.4148055227881,1070.506759217816,282.0,281.08980000000025
1907.6121365217916,1069.5877067357046,279.0,278.4108000000002
1901.5654433979525,1068.9521736790373,276.0,275.6383200000002
1895.3240088057364,1068.625073952519,273.0,272.77236000000016
1889.0740088057364,1068.625073952519,270.0,269.82888000000014
1882.8325742135203,1068.9521736790373,267.0,266.8854000000001
1876.6168123674686,1069.6054765744602,264.0,263.9419200000001
1870.443760238749,1070.5831919809616,261.0,260.9984400000001
1864.3303377341629,1071.8826400485725,258.0,258.05496000000005
1858.2933013198563,1073.5002590804634,255.0,255.11148000000006
1852.3491980930116,1075.4316152953068,252.0,252.16800000000006
1846.514320427404,1077.671414979965,249.0,249.22452000000007
1840.8046613171377,1080.2135189991886,246.0,246.28104000000008
1835.2358705409604,1083.0509596225609,243.0,243.33756000000008
1829.8232117673076,1086.1759596225609,240.0,240.3940800000001
1824.5815207176488,1089.5799535914048,237.0,237.4506000000001
1819.5251645028054,1093.2536114182328,234.0,234.5071200000001
1814.6680022436994,1097.1868638622943,231.0,231.5636400000001
1810.0233470844657,1101.3689301520371,228.0,228.6201600000001
1805.6039297020498,1105.7883475344531,225.0,225.67668000000012
1801.421863412307,1110.4330026936868,222.0,222.73320000000012
1797.4886109682454,1115.2901649527928,219.0,219.78972000000013
1793.8149531414174,1120.3465211676362,216.0,216.84624000000014
1790.4109591725735,1125.588212217295,213.0,213.90276000000014
1787.2859591725735,1131.0008709909478,210.0,210.95928000000015
1784.4485185492013,1136.5696617671251,207.0,208.01580000000016
1781.3235185492013,1141.982320540778,210.0,208.01580000000016
1778.486077925829,1147.5511113169553,207.0,208.01580000000016
1775.361077925829,1152.963770090608,210.0,208.01580000000016
1772.5236373024568,1158.5325608667854,207.0,208.01580000000016
1769.3986373024568,1163.9452196404382,210.0,208.01580000000016
1766.5611966790846,1169.5140104166155,207.0,208.01580000000016
1763.4361966790846,1174.9266691902683,210.0,208.01580000000016
1760.691824108159,1180.312803628987,207.0,208.01580000000016
1757.7718241081589,1185.3703919870882,210.0,208.01580000000016
1755.2135876421264,1190.3912137508896,207.0,208.01580000000016
1752.4985876421265,1195.0937316934392,210.0,210.67884000000015
1749.652848684173,1199.475785410954,213.0,213.24840000000015
1746.7021667176648,1203.5370507227162,216.0,215.72448000000014
1744.0797297640675,1207.5752495073734,213.0,215.72448000000014
1741.3700397509992,1211.3048178514418,216.0,215.72448000000014
1738.970904801758,1214.9991617032415,213.0,215.72448000000014
1736.5022067421296,1218.3970330796162,216.0,215.72448000000014
1734.3263737972445,1221.747521998558,213.0,215.72448000000014
1732.098667691056,1224.8136964072391,216.0,215.72448000000014
1730.1461367505271,1227.8203303933235,213.0,215.72448000000014
1728.1594225977785,1230.5548078343109,216.0,215.72448000000014
1726.430193661606,1233.2175868875377,213.0,215.72448000000014
1724.593364748192,1235.7457649949595,216.0,215.72448000000014
1722.89136776377,1238.366610519789,213.0,215.72448000000014
1721.054538850356,1240.8947886272108,216.0,215.72448000000014
1719.240890863756,1243.687561618469,213.0,215.72448000000014
1717.163069996902,1246.5474366935846,216.0,217.33644000000015
1714.8094117343758,1249.4539625894336,219.0,219.04188000000016
1712.16969149229,1252.385668925942,222.0,220.84080000000017
1709.2351983503659,1255.320162067866,225.0,222.73320000000018
1706.321134559673,1258.5565577828202,222.0,224.7190800000002
1703.0967276374624,1261.7809647050308,225.0,226.7984400000002
1699.5556425440627,1264.9693720443308,228.0,228.9712800000002
1695.6932271156215,1268.0970943878485,231.0,231.2376000000002
1691.5065641697313,1271.138883068462,234.0,233.59740000000022
1686.9945165141849,1274.069041076843,237.0,236.05068000000023
1682.1577646340488,1276.861541076843,240.0,238.59744000000023
1676.9988368589982,1279.490146070335,243.0,241.23768000000024
1671.5221318404308,1281.9285322455744,246.0,243.97140000000024
1665.7339331961482,1284.1504135327552,249.0,246.79860000000025
1659.7898299693036,1286.0817697475986,252.0,249.71928000000025
1653.954952303696,1288.3215694322569,249.0,249.71928000000025
1648.0108490768514,1290.2529256471003,252.0,249.71928000000025
1642.1759714112438,1292.4927253317585,249.0,249.71928000000025
1636.2318681843992,1294.4240815466019,252.0,249.71928000000025
1630.3969905187917,1296.6638812312601,249.0,249.71928000000025
1624.452887291947,1298.5952374461035,252.0,249.71928000000025
1618.6180096263395,1300.8350371307617,249.0,249.71928000000025
1612.6739063994949,1302.7663933456051,252.0,249.71928000000025
1606.6368699851882,1304.384012377496,255.0,252.66276000000025
1600.523447480602,1305.683460445107,258.0,255.60624000000024
1594.3503953518825,1306.6611758516083,261.0,258.54972000000026
1588.1346335058308,1307.3144787470312,264.0,261.4932000000003
1581.8931989136147,1307.6415784735495,267.0,264.4366800000003
1575.6431989136147,1307.6415784735495,270.0,267.38016000000033
1569.4017643213986,1307.3144787470312,273.0,270.32364000000035
1563.1517643213986,1307.3144787470312,270.0,270.32364000000035
1556.9103297291824,1306.987379020513,273.0,270.32364000000035
1550.6603297291824,1306.987379020513,270.0,270.32364000000035
1544.4188951369663,1306.6602792939946,273.0,270.32364000000035
1538.1688951369663,1306.6602792939946,270.0,270.32364000000035
1531.9274605447501,1306.3331795674762,273.0,270.32364000000035
1525.6774605447501,1306.3331795674762,270.0,270.32364000000035
1519.436025952534,1306.006079840958,273.0,270.32364000000035
1513.2202641064823,1305.352776945535,276.0,273.2671200000004
1507.0472119777628,1304.3750615390336,279.0,276.2106000000004
1500.9337894731766,1303.0756134714227,282.0,279.1540800000004
1494.89675305887,1301.4579944395318,285.0,282.09756000000044
1488.7833305542838,1300.158546371921,282.0,282.09756000000044
1482.7462941399772,1298.54092734003,285.0,282.09756000000044
1476.632871635391,1297.2414792724192,282.0,282.09756000000044
1470.5958352210844,1295.6238602405283,285.0,282.09756000000044
1464.4824127164982,1294.3244121729174,282.0,282.09756000000044
1458.4453763021916,1292.7067931410265,285.0,282.09756000000044
1452.3319537976054,1291.4073450734156,282.0,282.09756000000044
1446.2949173832988,1289.7897260415248,285.0,282.09756000000044
1440.1814948787126,1288.4902779739139,282.0,282.09756000000044
1434.144458464406,1286.872658942023,285.0,282.09756000000044
1428.0310359598197,1285.573210874412,282.0,282.09756000000044
1421.9939995455131,1283.9555918425212,285.0,282.09756000000044
1415.880577040927,1282.6561437749103,282.0,282.09756000000044
1409.8435406266203,1281.0385247430195,285.0,282.09756000000044
1403.7301181220341,1279.7390766754086,282.0,282.09756000000044
1397.6930817077275,1278.1214576435177,285.0,282.09756000000044
1391.5796592031413,1276.8220095759068,282.0,282.09756000000044
1385.5426227888347,1275.204390544016,285.0,282.09756000000044
1379.4292002842485,1273.904942476405,282.0,282.09756000000044
1373.392163869942,1272.2873234445142,285.0,282.09756000000044
1367.2787413653557,1270.9878753769033,282.0,282.09756000000044
1361.241704951049,1269.3702563450124,285.0,282.09756000000044
1355.128282446463,1268.0708082774015,282.0,282.09756000000044
1349.0912460321563,1266.4531892455107,285.0,282.09756000000044
1342.97782352757,1265.1537411778997,282.0,282.09756000000044
1336.9407871132635,1263.536122146009,285.0,282.09756000000044
1330.9966838864189,1261.6047659311655,288.0,285.04104000000046
1324.9596474721122,1259.9871468992746,285.0,287.9845200000005
1319.0155442452676,1258.0557906844313,288.0,290.9280000000005
1313.18066657966,1255.815990999773,291.0,293.87148000000053
1307.4710074693937,1253.2738869805494,294.0,296.81496000000055
1301.9022166932164,1250.4364463571771,297.0,299.7584400000006
1296.4895579195636,1247.3114463571771,300.0,302.7019200000006
1291.2478668699048,1243.9074523883332,303.0,305.6454000000006
1286.1915106550614,1240.2337945615052,306.0,308.58888000000064
1281.3343483959554,1236.3005421174437,309.0,311.53236000000066
1276.6896932367217,1232.1184758277009,312.0,314.4758400000007
1272.2702758543057,1227.699058445285,315.0,317.4193200000007
1268.088209564563,1223.0544032860512,318.0,320.36280000000073
1264.1549571205014,1218.1972410269452,321.0,323.30628000000075
1260.4812992936734,1213.1408848121018,324.0,323.30628000000075
1256.5480468496119,1208.2837225529959,321.0,323.30628000000075
1252.8743890227838,1203.2273663381525,324.0,323.30628000000075
1248.9411365787223,1198.3702040790465,321.0,323.30628000000075
1245.2674787518943,1193.3138478642031,324.0,323.30628000000075
1241.3342263078328,1188.4566856050972,321.0,323.30628000000075
1237.6605684810047,1183.4003293902538,324.0,323.30628000000075
1233.7273160369432,1178.5431671311478,321.0,323.30628000000075
1230.0536582101151,1173.4868109163044,324.0,323.30628000000075
1226.1204057660536,1168.6296486571985,321.0,323.30628000000075
1222.4467479392256,1163.573292442355,324.0,323.30628000000075
1218.513495495164,1158.716130183249,321.0,323.30628000000075
1214.839837668336,1153.6597739684057,324.0,323.30628000000075
1210.9065852242745,1148.8026117092998,321.0,323.30628000000075
1207.2329273974465,1143.7462554944564,324.0,323.30628000000075
1203.299674953385,1138.8890932353504,321.0,323.30628000000075
1199.626017126557,1133.832737020507,324.0,323.30628000000075
1195.6927646824954,1128.975574761401,321.0,323.30628000000075
1192.0191068556674,1123.9192185465577,324.0,326.2497600000008
1188.6151128868235,1118.6775274968988,327.0,329.1932400000008
1185.4901128868235,1113.264868723246,330.0,332.1367200000008
1182.6526722634512,1107.6960779470687,333.0,335.08020000000084
1180.1105682442276,1101.9864188368024,336.0,338.02368000000087
1177.8707685595693,1096.1515411711948,339.0,340.9671600000009
1175.939412344726,1090.2074379443502,342.0,343.9106400000009
1174.321793312835,1084.1704015300436,345.0,346.85412000000093
1173.0223452452242,1078.0569790254574,348.0,349.79760000000095
1172.0446298387228,1071.8839268967379,351.0,352.741080000001
1171.3913269432999,1065.6681650506862,354.0,355.684560000001
1171.0642272167815,1059.42673045847,357.0,355.684560000001
1170.4109243213586,1053.2109686124184,354.0,355.684560000001
1170.0838245948403,1046.9695340202022,357.0,355.684560000001
1169.4305216994173,1040.7537721741505,354.0,355.684560000001
1169.103421972899,1034.5123375819344,357.0,355.684560000001
1168.450119077476,1028.2965757358827,354.0,355.684560000001
1168.1230193509577,1022.0551411436666,357.0,355.684560000001
1167.4697164555348,1015.8393792976149,354.0,355.684560000001
1167.1426167290165,1009.5979447053987,357.0,355.684560000001
1166.4893138335935,1003.382182859347,354.0,355.684560000001
1166.1622141070752,997.1407482671309,357.0,355.684560000001
1166.1622141070752,990.8907482671309,360.0,358.628040000001
1166.4893138335935,984.6493136749148,363.0,361.57152000000104
1167.1426167290165,978.4335518288631,366.0,364.51500000000107
1168.1203321355179,972.2604997001434,369.0,367.4584800000011
1169.4197802031288,966.1470771955571,372.0,370.4019600000011
1171.0373992350196,960.1100407812504,375.0,373.34544000000113
1172.968755449863,954.1659375544057,378.0,376.28892000000116
1175.2085551345212,948.3310598887981,381.0,379.2324000000012
1177.750659153745,942.6214007785319,384.0,382.1758800000012
1180.5880997771171,937.0526100023546,387.0,385.1193600000012
1183.7130997771171,931.6399512287019,390.0,388.06284000000124
1187.117093745961,926.398260179043,393.0,391.00632000000127
1190.790751572789,921.3419039641996,396.0,393.9498000000013
1194.7240040168506,916.4847417050935,399.0,396.8932800000013
1198.9060703065934,911.8400865458598,402.0,399.83676000000133
1203.3254876890094,907.4206691634439,405.0,402.78024000000136
1207.970142848243,903.238602873701,408.0,405.7237200000014
1212.827305107349,899.3053504296395,411.0,408.6672000000014
1217.4719602665828,895.1232841398966,408.0,408.6672000000014
1222.3291225256887,891.190031695835,411.0,408.6672000000014
1226.9737776849224,887.0079654060921,408.0,408.6672000000014
1231.8309399440284,883.0747129620306,411.0,408.6672000000014
1236.475595103262,878.8926466722877,408.0,408.6672000000014
1241.332757362368,874.9593942282262,411.0,408.6672000000014
1245.9774125216018,870.7773279384833,408.0,408.6672000000014
1250.8345747807077,866.8440754944218,411.0,408.6672000000014
1255.4792299399414,862.6620092046788,408.0,408.6672000000014
1260.3363921990474,858.7287567606173,411.0,408.6672000000014
1264.981047358281,854.5466904708744,408.0,408.6672000000014
1269.838209617387,850.6134380268129,411.0,408.6672000000014
1274.4828647766208,846.43137173707,408.0,408.6672000000014
1279.3400270357267,842.4981192930085,411.0,408.6672000000014
1283.9846821949604,838.3160530032656,408.0,408.6672000000014
1288.8418444540664,834.382800559204,411.0,408.6672000000014
1293.4864996133,830.2007342694611,408.0,408.6672000000014
1298.343661872406,826.2674818253996,411.0,408.6672000000014
1303.4000180872495,822.5938239985717,414.0,411.6106800000014
1308.6417091369083,819.1898300297278,417.0,414.55416000000145
1314.054367910561,816.0648300297278,420.0,417.49764000000147
1319.6231586867384,813.2273894063557,423.0,420.4411200000015
1325.3328177970047,810.6852853871319,426.0,423.3846000000015
1331.1676954626123,808.4454857024738,429.0,426.32808000000153
1337.111798689457,806.5141294876304,432.0,429.27156000000156
1343.1488351037635,804.8965104557396,435.0,432.2150400000016
1349.2622576083497,803.5970623881286,438.0,435.1585200000016
1355.4353097370692,802.6193469816271,441.0,438.1020000000016
1361.651071583121,801.9660440862043,444.0,441.04548000000165
1367.8241237118405,800.9883286797028,441.0,443.98896000000167
1374.0398855578921,800.33502578428,444.0,446.9324400000017
1380.2813201501083,800.0079260577616,447.0,449.8759200000017
1386.5313201501083,800.0079260577616,450.0,452.81940000000174
1392.7727547423244,800.33502578428,453.0,455.76288000000176
1398.9885165883761,800.9883286797028,456.0,458.7063600000018
1405.1615687170956,801.9660440862043,459.0,461.6498400000018
1411.2749912216818,803.2654921538153,462.0,464.5933200000018
1417.3120276359884,804.8831111857061,465.0,467.53680000000185
1423.256130862833,806.8144674005495,468.0,470.48028000000187
1429.0910085284406,809.0542670852076,471.0,473.4237600000019
1434.800667638707,811.5963711044313,474.0,476.3672400000019
1440.3694584148843,814.4338117278035,477.0,479.31072000000194
1445.782117188537,817.5588117278035,480.0,482.25420000000196
1451.023808238196,820.9628056966474,483.0,485.197680000002
1456.0801644530393,824.6364635234753,486.0,488.141160000002
1460.9373267121452,828.5697159675368,489.0,491.084640000002
1465.581981871379,832.7517822572797,492.0,494.02812000000205
1470.001399253795,837.1711996396956,495.0,496.97160000000207
1474.1834655435377,841.8158547989293,498.0,499.9150800000021
1478.1167179875993,846.6730170580354,501.0,502.8585600000021
1481.7903758144273,851.7293732728788,504.0,502.8585600000021
1485.7236282584888,856.5865355319849,501.0,502.8585600000021
1489.3972860853169,861.6428917468282,504.0,502.8585600000021
1493.3305385293784,866.5000540059343,501.0,502.8585600000021
1497.0041963562064,871.5564102207777,504.0,502.8585600000021
1500.937448800268,876.4135724798838,501.0,502.8585600000021
1504.611106627096,881.4699286947272,504.0,502.8585600000021
1508.5443590711575,886.3270909538332,501.0,502.8585600000021
1512.2180168979855,891.3834471686766,504.0,502.8585600000021
1516.151269342047,896.2406094277827,501.0,502.8585600000021
1519.824927168875,901.2969656426261,504.0,502.8585600000021
1523.7581796129366,906.1541279017322,501.0,502.8585600000021
1527.4318374397646,911.2104841165756,504.0,502.8585600000021
1531.3650898838262,916.0676463756816,501.0,502.8585600000021
1535.0387477106542,921.124002590525,504.0,502.8585600000021
1538.9720001547157,925.9811648496311,501.0,502.8585600000021
1542.6456579815438,931.0375210644745,504.0,502.8585600000021
1546.5789104256053,935.8946833235806,501.0,499.9150800000021
1550.760976715348,940.5393384828143,498.0,496.97160000000207
1555.180394097764,944.9587558652302,495.0,494.02812000000205
1559.8250492569978,949.1408221549731,492.0,491.084640000002
1564.6822115161037,953.0740745990346,489.0,488.141160000002
1569.7385677309471,956.7477324258625,486.0,485.197680000002
1574.980258780606,960.1517263947064,483.0,482.25420000000196
1580.3929175542587,963.2767263947064,480.0,479.31072000000194
1585.961708330436,966.1141670180785,477.0,476.3672400000019
1591.6713674407024,968.6562710373023,474.0,473.4237600000019
1597.50624510631,970.8960707219604,471.0,470.48028000000187
1603.4503483331546,972.8274269368038,468.0,467.53680000000185
1609.4873847474612,974.4450459686946,465.0,464.5933200000018
1615.6008072520474,975.7444940363056,462.0,461.6498400000018
1621.773859380767,976.7222094428071,459.0,458.7063600000018
1627.9896212268186,977.3755123382299,456.0,455.76288000000176
1634.2310558190347,977.7026120647483,453.0,452.81940000000174
1640.4810558190347,977.7026120647483,450.0,449.8759200000017
1646.7224904112509,977.3755123382299,447.0,446.9324400000017
1652.9382522573026,976.7222094428071,444.0,443.98896000000167
1659.111304386022,975.7444940363056,441.0,441.04548000000165
1665.2247268906083,974.4450459686946,438.0,438.1020000000016
1671.261763304915,972.8274269368038,435.0,435.1585200000016
1677.2058665317595,970.8960707219604,432.0,432.2150400000016
1683.040744197367,968.6562710373023,429.0,429.27156000000156
1688.7504033076334,966.1141670180785,426.0,426.32808000000153
1694.3191940838108,963.2767263947064,423.0,423.3846000000015
1699.7318528574635,960.1517263947064,420.0,420.4411200000015
1704.9735439071223,956.7477324258625,417.0,417.49764000000147
1710.0299001219657,953.0740745990346,414.0,414.55416000000145
1714.8870623810717,949.1408221549731,411.0,411.6106800000014
1719.5317175403054,944.9587558652302,408.0,408.6672000000014
1723.9511349227214,940.5393384828143,405.0,405.7237200000014
1728.1332012124642,935.8946833235806,402.0,402.78024000000136
1732.0664536565257,931.0375210644745,399.0,399.83676000000133
1735.7401114833538,925.9811648496311,396.0,396.8932800000013
1739.1441054521977,920.7394737999722,393.0,393.9498000000013
1742.2691054521977,915.3268150263194,390.0,391.00632000000127
1745.6730994210416,910.0851239766605,393.0,391.00632000000127
1748.7980994210416,904.6724652030077,390.0,391.00632000000127
1752.2020933898855,899.4307741533488,393.0,391.00632000000127
1755.3270933898855,894.018115379696,390.0,391.00632000000127
1758.7310873587294,888.7764243300371,393.0,391.00632000000127
1761.8560873587294,883.3637655563844,390.0,391.00632000000127
1765.2600813275733,878.1220745067254,393.0,391.00632000000127
1768.3850813275733,872.7094157330727,390.0,391.00632000000127
1771.7890752964172,867.4677246834137,393.0,391.00632000000127
1774.9140752964172,862.055065909761,390.0,391.00632000000127
1778.318069265261,856.813374860102,393.0,391.00632000000127
1781.443069265261,851.4007160864493,390.0,391.00632000000127
1784.847063234105,846.1590250367904,393.0,391.00632000000127
1787.972063234105,840.7463662631376,390.0,391.00632000000127
1791.376057202949,835.5046752134787,393.0,391.00632000000127
1794.501057202949,830.0920164398259,390.0,391.00632000000127
1797.9050511717928,824.850325390167,393.0,391.00632000000127
1801.0300511717928,819.4376666165142,390.0,391.00632000000127
1804.4340451406367,814.1959755668553,393.0,391.00632000000127
1808.1077029674648,809.1396193520119,396.0,393.9498000000013
1812.0409554115263,804.2824570929058,399.0,396.8932800000013
1816.223021701269,799.6378019336721,402.0,399.83676000000133
1820.642439083685,795.2183845512562,405.0,402.78024000000136
1825.2870942429188,791.0363182615133,408.0,405.7237200000014
1830.1442565020247,787.1030658174518,411.0,408.6672000000014
1835.2006127168681,783.4294079906239,414.0,411.6106800000014
1840.442303766527,780.02541402178,417.0,414.55416000000145
1845.8549625401797,776.90041402178,420.0,417.49764000000147
1851.423753316357,774.0629733984078,423.0,420.4411200000015
1856.8364120900098,770.9379733984078,420.0,420.4411200000015
1862.4052028661872,768.1005327750357,423.0,420.4411200000015
1867.81786163984,764.9755327750357,420.0,420.4411200000015
1873.3866524160173,762.1380921516636,423.0,420.4411200000015
1878.79931118967,759.0130921516636,420.0,420.4411200000015
1884.3681019658475,756.1756515282915,423.0,420.4411200000015
1889.7807607395002,753.0506515282915,420.0,420.4411200000015
1895.3495515156776,750.2132109049194,423.0,420.4411200000015
1900.7622102893304,747.0882109049194,420.0,420.4411200000015
1906.3310010655077,744.2507702815473,423.0,420.4411200000015
1911.7436598391605,741.1257702815473,420.0,420.4411200000015
1917.3124506153379,738.2883296581751,423.0,420.4411200000015
1922.7251093889906,735.1633296581751,420.0,420.4411200000015
1928.293900165168,732.325889034803,423.0,420.4411200000015
1933.7065589388208,729.200889034803,420.0,420.4411200000015
1939.2753497149981,726.3634484114309,423.0,420.4411200000015
1944.688008488651,723.2384484114309,420.0,420.4411200000015
1950.2567992648283,720.4010077880588,423.0,420.4411200000015
1955.669458038481,717.2760077880588,420.0,420.4411200000015
1961.2382488146584,714.4385671646867,423.0,420.4411200000015
1966.6509075883112,711.3135671646867,420.0,420.4411200000015
1972.2196983644885,708.4761265413146,423.0,420.4411200000015
1977.6323571381413,705.3511265413146,420.0,420.4411200000015
1983.2011479143187,702.5136859179424,423.0,420.4411200000015
1988.6138066879714,699.3886859179424,420.0,420.4411200000015
1994.1825974641488,696.5512452945703,423.0,420.4411200000015
1999.5952562378016,693.4262452945703,420.0,420.4411200000015
2005.164047013979,690.5888046711982,423.0,420.4411200000015
2010.5767057876317,687.4638046711982,420.0,420.4411200000015
2016.145496563809,684.6263640478261,423.0,420.4411200000015
2021.5581553374618,681.5013640478261,420.0,420.4411200000015
2027.1269461136392,678.663923424454,423.0,420.4411200000015
2032.8366052239055,676.1218194052302,426.0,423.3846000000015
2038.671482889513,673.8820197205721,429.0,426.32808000000153
2044.6155861163577,671.9506635057287,432.0,429.27156000000156
2050.6526225306643,670.333044473838,435.0,432.2150400000016
2056.7660450352505,669.0335964062269,438.0,435.1585200000016
2062.93909716397,668.0558809997254,441.0,438.1020000000016
2069.154859010022,667.4025781043026,444.0,441.04548000000165
2075.3279111387415,666.4248626978011,441.0,443.98896000000167
2081.5436729847934,665.7715598023783,444.0,446.9324400000017
2087.7851075770095,665.4444600758599,447.0,449.8759200000017
2094.0351075770095,665.4444600758599,450.0,452.81940000000174
2100.2765421692256,665.7715598023783,453.0,455.76288000000176
2106.4923040152776,666.4248626978011,456.0,458.7063600000018
2112.665356143997,667.4025781043026,459.0,461.6498400000018
2118.7787786485833,668.7020261719136,462.0,464.5933200000018
2124.81581506289,670.3196452038044,465.0,467.53680000000185
2130.7599182897347,672.2510014186478,468.0,470.48028000000187
2136.5947959553423,674.4908011033059,471.0,473.4237600000019
2142.3044550656086,677.0329051225297,474.0,473.4237600000019
2148.139332731216,679.2727048071878,471.0,473.4237600000019
2153.8489918414825,681.8148088264115,474.0,473.4237600000019
2159.68386950709,684.0546085110697,471.0,473.4237600000019
2165.3935286173564,686.5967125302934,474.0,473.4237600000019
2171.228406282964,688.8365122149515,471.0,473.4237600000019
2176.9380653932303,691.3786162341753,474.0,473.4237600000019
2182.772943058838,693.6184159188334,471.0,473.4237600000019
2188.482602169104,696.1605199380572,474.0,473.4237600000019
2194.317479834712,698.4003196227153,471.0,473.4237600000019
2200.027138944978,700.9424236419391,474.0,473.4237600000019
2205.8620166105857,703.1822233265972,471.0,473.4237600000019
2211.571675720852,705.7243273458209,474.0,476.3672400000019
2217.140466497029,708.561767969193,477.0,479.31072000000194
2222.553125270682,711.686767969193,480.0,482.25420000000196
2227.794816320341,715.090761938037,483.0,485.197680000002
2232.8511725351846,718.7644197648649,486.0,488.141160000002
2237.7083347942907,722.6976722089264,489.0,491.084640000002
2242.3529899535247,726.8797384986693,492.0,494.02812000000205
2246.7724073359404,731.2991558810852,495.0,496.97160000000207
2250.9544736256835,735.9438110403189,498.0,499.9150800000021
2254.887726069745,740.800973299425,501.0,502.8585600000021
2258.561383896573,745.8573295142684,504.0,505.80204000000214
2261.965377865417,751.0990205639273,507.0,508.74552000000216
2265.090377865417,756.5116793375801,510.0,511.6890000000022
2267.927818488789,762.0804701137573,513.0,511.6890000000022
2271.052818488789,767.4931288874101,510.0,511.6890000000022
2273.890259112161,773.0619196635873,513.0,511.6890000000022
2277.015259112161,778.4745784372401,510.0,511.6890000000022
2279.852699735533,784.0433692134173,513.0,511.6890000000022
2282.977699735533,789.4560279870701,510.0,511.6890000000022
2285.815140358905,795.0248187632474,513.0,511.6890000000022
2288.940140358905,800.4374775369001,510.0,511.6890000000022
2291.777580982277,806.0062683130774,513.0,511.6890000000022
2294.902580982277,811.4189270867302,510.0,511.6890000000022
2297.740021605649,816.9877178629074,513.0,511.6890000000022
2300.865021605649,822.4003766365602,510.0,511.6890000000022
2303.702462229021,827.9691674127374,513.0,511.6890000000022
2306.827462229021,833.3818261863902,510.0,511.6890000000022
2309.664902852393,838.9506169625674,513.0,511.6890000000022
2312.789902852393,844.3632757362202,510.0,511.6890000000022
2315.627343475765,849.9320665123975,513.0,511.6890000000022
2318.752343475765,855.3447252860502,510.0,511.6890000000022
2321.589784099137,860.9135160622275,513.0,511.6890000000022
2324.714784099137,866.3261748358802,510.0,511.6890000000022
2327.552224722509,871.8949656120575,513.0,511.6890000000022
2330.677224722509,877.3076243857103,510.0,511.6890000000022
2333.514665345881,882.8764151618875,513.0,511.6890000000022
2336.639665345881,888.2890739355403,510.0,511.6890000000022
2339.477105969253,893.8578647117175,513.0,514.6324800000021
2342.0192099884766,899.5675238219837,516.0,517.5759600000022
2344.2590096731346,905.4024014875913,519.0,520.5194400000022
2346.1903658879783,911.346504714436,522.0,523.4629200000022
2347.807984919869,917.3835411287428,525.0,526.4064000000022
2349.10743298748,923.4969636333291,528.0,529.3498800000023
2350.0851483939814,929.6700157620487,531.0,532.2933600000023
2350.738451289404,935.8857776081004,534.0,535.2368400000023
2351.0655510159227,942.1272122003165,537.0,538.1803200000023
2351.0655510159227,948.3772122003165,540.0,541.1238000000023
2350.738451289404,954.6186467925327,543.0,544.0672800000024
2350.0851483939814,960.8344086385844,546.0,547.0107600000024
2349.10743298748,967.007460767304,549.0,549.9542400000024
2347.807984919869,973.1208832718903,552.0,552.8977200000024
2346.1903658879783,979.157919686197,555.0,555.8412000000025
2344.2590096731346,985.1020229130418,558.0,555.8412000000025
2342.641390641244,991.1390593273485,555.0,555.8412000000025
2340.7100344264004,997.0831625541932,558.0,555.8412000000025
2339.0924153945098,1003.1201989685,555.0,555.8412000000025
2337.161059179666,1009.0643021953447,558.0,555.8412000000025
2335.5434401477755,1015.1013386096514,555.0,555.8412000000025
2333.612083932932,1021.0454418364961,558.0,555.8412000000025
2331.9944649010413,1027.0824782508028,555.0,555.8412000000025
2330.0631086861977,1033.0265814776474,558.0,555.8412000000025
2328.445489654307,1039.063617891954,555.0,555.8412000000025
2326.5141334394634,1045.0077211187986,558.0,555.8412000000025
2324.896514407573,1051.0447575331052,555.0,555.8412000000025
2322.965158192729,1056.9888607599498,558.0,555.8412000000025
2321.3475391608386,1063.0258971742564,555.0,555.8412000000025
2319.416182945995,1068.970000401101,558.0,555.8412000000025
2317.7985639141043,1075.0070368154077,555.0,555.8412000000025
2315.8672076992607,1080.9511400422523,558.0,555.8412000000025
2314.24958866737,1086.988176456559,555.0,555.8412000000025
2312.3182324525264,1092.9322796834035,558.0,555.8412000000025
2310.700613420636,1098.9693160977101,555.0,555.8412000000025
2308.769257205792,1104.9134193245548,558.0,555.8412000000025
2307.1516381739016,1110.9504557388614,555.0,555.8412000000025
2305.220281959058,1116.894558965706,558.0,555.8412000000025
2303.6026629271673,1122.9315953800126,555.0,555.8412000000025
2301.6713067123237,1128.8756986068572,558.0,555.8412000000025
2300.053687680433,1134.9127350211638,555.0,555.8412000000025
2298.1223314655895,1140.8568382480084,558.0,558.7846800000025
2295.8825317809315,1146.691715913616,561.0,561.7281600000025
2293.340427761708,1152.4013750238823,564.0,564.6716400000025
2290.502987138336,1157.9701658000597,567.0,567.6151200000025
2287.377987138336,1163.3828245737125,570.0,570.5586000000026
2283.9739931694917,1168.6245156233713,573.0,573.5020800000026
2280.300335342664,1173.6808718382147,576.0,576.4455600000026
2276.3670828986023,1178.5380340973206,579.0,579.3890400000026
2272.1850166088593,1183.1826892565543,582.0,582.3325200000027
2267.7655992264436,1187.6021066389703,585.0,585.2760000000027
2263.1209440672096,1191.7841729287131,588.0,588.2194800000027
2258.2637818081034,1195.7174253727746,591.0,591.1629600000027
2253.20742559326,1199.3910831996027,594.0,594.1064400000027
2247.965734543601,1202.7950771684466,597.0,597.0499200000028
2242.553075769948,1205.9200771684466,600.0,599.9934000000028
2236.984284993771,1208.7575177918188,603.0,602.9368800000028
2231.2746258835045,1211.2996218110427,606.0,605.8803600000028
2225.439748217897,1213.539421495701,609.0,608.8238400000029
2219.4956449910524,1215.4707777105443,612.0,611.7673200000029
2213.4586085767455,1217.0883967424352,615.0,614.7108000000029
2207.3451860721593,1218.387844810046,618.0,617.6542800000029
2201.17213394344,1219.3655602165475,621.0,620.597760000003
2194.956372097388,1220.0188631119704,624.0,623.541240000003
2188.7149375051717,1220.3459628384887,627.0,626.484720000003
2182.4649375051717,1220.3459628384887,630.0,629.428200000003
2176.2235029129556,1220.0188631119704,633.0,632.371680000003
2170.0077410669037,1219.3655602165475,636.0,635.3151600000031
2163.834688938184,1218.387844810046,639.0,638.2586400000031
2157.721266433598,1217.0883967424352,642.0,641.2021200000031
2151.684230019291,1215.4707777105443,645.0,644.1456000000031
2145.7401267924465,1213.539421495701,648.0,647.0890800000032
2139.905249126839,1211.2996218110427,651.0,650.0325600000032
2134.1955900165726,1208.757517791819,654.0,652.9760400000032
2128.6267992403955,1205.9200771684468,657.0,655.9195200000032
2123.2141404667427,1202.7950771684468,660.0,658.8630000000032
2117.9724494170837,1199.391083199603,663.0,661.8064800000033
2112.91609320224,1195.7174253727749,666.0,664.7499600000033
2107.674402152581,1192.313431403931,663.0,664.7499600000033
2102.6180459377374,1188.639773577103,666.0,664.7499600000033
2097.3763548880784,1185.235779608259,663.0,664.7499600000033
2092.3199986732347,1181.562121781431,666.0,664.7499600000033
2087.0783076235757,1178.158127812587,663.0,664.7499600000033
2082.021951408732,1174.484469985759,666.0,664.7499600000033
2076.780260359073,1171.080476016915,663.0,664.7499600000033
2071.7239041442294,1167.406818190087,666.0,664.7499600000033
2066.4822130945704,1164.0028242212431,663.0,664.7499600000033
2061.425856879727,1160.329166394415,666.0,664.7499600000033
2056.1841658300677,1156.9251724255712,663.0,664.7499600000033
2050.771507056415,1153.8001724255712,660.0,661.8064800000033
2045.2027162802376,1150.962731802199,657.0,658.8630000000032
2039.4930571699713,1148.4206277829753,654.0,655.9195200000032
2033.6581795043637,1146.180828098317,651.0,652.9760400000032
2027.714076277519,1144.2494718834737,648.0,650.0325600000032
2021.6770398632125,1142.6318528515828,645.0,647.0890800000032
2015.5636173586263,1141.332404783972,642.0,644.1456000000031
2009.3905652299068,1140.3546893774705,639.0,641.2021200000031
2003.174803383855,1139.7013864820476,636.0,638.2586400000031
1996.933368791639,1139.3742867555293,633.0,635.3151600000031
1990.683368791639,1139.3742867555293,630.0,632.371680000003
1984.4419341994228,1139.7013864820476,627.0,629.428200000003
1978.226172353371,1140.3546893774705,624.0,626.484720000003
1972.0531202246516,1141.332404783972,621.0,623.541240000003
1965.9396977200654,1142.6318528515828,618.0,620.597760000003
1959.9026613057588,1144.2494718834737,615.0,617.6542800000029
1953.9585580789142,1146.180828098317,612.0,614.7108000000029
1948.1236804133066,1148.4206277829753,609.0,611.7673200000029
1942.4140213030403,1150.9627318021992,606.0,608.8238400000029
1936.845230526863,1153.8001724255714,603.0,605.8803600000028
1931.4325717532101,1156.9251724255714,600.0,602.9368800000028
1926.36280816998,1160.2175153922371,597.0,599.9934000000028
1921.305219811879,1163.1375153922372,600.0,597.1434000000028
1916.5793111615064,1166.2065563545468,597.0,594.3868800000027
1912.1863488820504,1169.398230274495,594.0,591.7238400000027
1908.1257612334377,1172.6864293177305,591.0,589.1542800000027
1904.3951742095412,1176.045464961652,588.0,586.6782000000027
1900.990455058128,1179.4501841130652,585.0,584.2956000000027
1897.9057629628137,1182.876081758516,582.0,582.0064800000026
1894.790957591687,1185.9908871296427,585.0,582.0064800000026
1891.9806090449797,1189.1120953966479,582.0,582.0064800000026
1889.1557174541394,1191.9369869874881,585.0,582.0064800000026
1886.6197124560395,1194.7535058760475,582.0,582.0064800000026
1884.0847346454857,1197.2884836866012,585.0,582.0064800000026
1881.8230731959927,1199.8003131967148,582.0,582.0064800000026
1879.5780091657255,1202.045377226982,585.0,582.0064800000026
1877.486976020854,1204.367704806599,582.0,582.0064800000026
1875.1323104395028,1206.7223703879501,585.0,582.0064800000026
1872.7669337460243,1209.3493873460127,582.0,582.0064800000026
1870.1223543843867,1211.9939667076503,585.0,582.0064800000026
1867.4826341423009,1214.9256730441587,582.0,582.0064800000026
1864.5481410003767,1217.8601661860828,585.0,582.0064800000026
1861.634077209684,1221.096561901037,582.0,582.0064800000026
1858.4096702874733,1224.3209688232475,585.0,582.0064800000026
1855.2212629481733,1227.8620539166473,582.0,582.0064800000026
1851.7069422456761,1231.3763746191444,585.0,582.0064800000026
1848.244191357769,1235.22214909099,582.0,582.0064800000026
1844.4399568749855,1239.0263835737735,585.0,582.0064800000026
1840.7028624384711,1243.1768474240648,582.0,582.0064800000026
1836.608714175401,1247.270995687135,585.0,582.0064800000026
1832.5972761902797,1251.7261489158718,582.0,582.0064800000026
1828.213214146923,1256.1102109592284,585.0,582.0064800000026
1824.0311478571803,1260.7548661184621,582.0,582.0064800000026
1819.6117304747643,1265.1742835008781,585.0,582.0064800000026
1815.4296641850215,1269.8189386601118,582.0,582.0064800000026
1811.0102468026055,1274.2383560425278,585.0,582.0064800000026
1806.8281805128627,1278.8830112017615,582.0,582.0064800000026
1802.4087631304467,1283.3024285841775,585.0,582.0064800000026
1798.2266968407039,1287.9470837434112,582.0,582.0064800000026
1793.807279458288,1292.3665011258272,585.0,582.0064800000026
1789.625213168545,1297.011156285061,582.0,582.0064800000026
1785.205795786129,1301.430573667477,585.0,582.0064800000026
1781.0237294963863,1306.0752288267106,582.0,582.0064800000026
1776.6043121139703,1310.4946462091266,585.0,584.9499600000026
1771.9596569547366,1314.6767124988694,588.0,587.8934400000027
1767.1024946956306,1318.609964942931,591.0,590.8369200000027
1762.0461384807872,1322.283622769759,594.0,593.7804000000027
1756.8044474311284,1325.6876167386029,597.0,596.7238800000027
1751.3917886574757,1328.8126167386029,600.0,599.6673600000028
1745.8229978812983,1331.650057361975,603.0,602.6108400000028
1740.113338771032,1334.192161381199,606.0,605.5543200000028
1734.2784611054244,1336.4319610658572,609.0,608.4978000000028
1728.3343578785798,1338.3633172807006,612.0,611.4412800000028
1722.2973214642732,1339.9809363125914,615.0,614.3847600000029
1716.183898959687,1341.2803843802023,618.0,617.3282400000029
1710.0108468309675,1342.2580997867037,621.0,620.2717200000029
1703.7950849849158,1342.9114026821267,624.0,623.2152000000029
1697.5536503926996,1343.238502408645,627.0,626.158680000003
1691.3036503926996,1343.238502408645,630.0,629.102160000003
1685.0622158004835,1342.9114026821267,633.0,632.045640000003
1678.8122158004835,1342.9114026821267,630.0,632.045640000003
1672.5707812082674,1342.5843029556083,633.0,632.045640000003
1666.3207812082674,1342.5843029556083,630.0,632.045640000003
1660.0793466160512,1342.25720322909,633.0,632.045640000003
1653.8293466160512,1342.25720322909,630.0,632.045640000003
1647.587912023835,1341.9301035025717,633.0,632.045640000003
1641.337912023835,1341.9301035025717,630.0,632.045640000003
1635.096477431619,1341.6030037760534,633.0,632.045640000003
1628.846477431619,1341.6030037760534,630.0,632.045640000003
1622.6050428394028,1341.275904049535,633.0,632.045640000003
1616.3550428394028,1341.275904049535,630.0,632.045640000003
1610.1136082471867,1340.9488043230167,633.0,632.045640000003
1603.8636082471867,1340.9488043230167,630.0,632.045640000003
1597.6221736549705,1340.6217045964984,633.0,632.045640000003
1591.3721736549705,1340.6217045964984,630.0,632.045640000003
1585.1307390627544,1340.29460486998,633.0,632.045640000003
1578.8807390627544,1340.29460486998,630.0,632.045640000003
1572.6393044705383,1339.9675051434617,633.0,632.045640000003
1566.3893044705383,1339.9675051434617,630.0,632.045640000003
1560.1478698783221,1339.6404054169434,633.0,632.045640000003
1553.8978698783221,1339.6404054169434,630.0,632.045640000003
1547.656435286106,1339.313305690425,633.0,632.045640000003
1541.406435286106,1339.313305690425,630.0,632.045640000003
1535.1650006938899,1338.9862059639067,633.0,632.045640000003
1528.9150006938899,1338.9862059639067,630.0,632.045640000003
1522.6735661016737,1338.6591062373884,633.0,634.989120000003
1516.457804255622,1338.0058033419655,636.0,637.932600000003
1510.2847521269025,1337.028087935464,639.0,640.8760800000031
1504.1713296223163,1335.7286398678532,642.0,643.8195600000031
1498.1342932080097,1334.1110208359623,645.0,646.7630400000031
1492.190189981165,1332.179664621119,648.0,649.7065200000031
1486.3553123155575,1329.9398649364607,651.0,652.6500000000032
1480.6456532052912,1327.397760917237,654.0,652.6500000000032
1474.8107755396836,1325.1579612325788,651.0,652.6500000000032
1469.1011164294173,1322.6158572133552,654.0,652.6500000000032
1463.2662387638097,1320.376057528697,651.0,652.6500000000032
1457.5565796535434,1317.8339535094733,654.0,652.6500000000032
1451.7217019879358,1315.594153824815,651.0,652.6500000000032
1446.0120428776695,1313.0520498055914,654.0,652.6500000000032
1440.177165212062,1310.8122501209332,651.0,652.6500000000032
1434.4675061017956,1308.2701461017095,654.0,652.6500000000032
1428.632628436188,1306.0303464170513,651.0,652.6500000000032
1422.9229693259217,1303.4882423978277,654.0,652.6500000000032
1417.0880916603141,1301.2484427131694,651.0,652.6500000000032
1411.3784325500478,1298.7063386939458,654.0,652.6500000000032
1405.5435548844403,1296.4665390092875,651.0,652.6500000000032
1399.833895774174,1293.924434990064,654.0,652.6500000000032
1393.9990181085664,1291.6846353054057,651.0,652.6500000000032
1388.2893589983,1289.142531286182,654.0,652.6500000000032
1382.4544813326925,1286.9027316015238,651.0,652.6500000000032
1376.7448222224261,1284.3606275823001,654.0,652.6500000000032
1370.9099445568186,1282.120827897642,651.0,652.6500000000032
1365.2002854465522,1279.5787238784183,654.0,652.6500000000032
1359.3654077809447,1277.33892419376,651.0,652.6500000000032
1353.6557486706783,1274.7968201745364,654.0,652.6500000000032
1347.8208710050708,1272.5570204898781,651.0,652.6500000000032
1342.1112118948045,1270.0149164706545,654.0,652.6500000000032
1336.276334229197,1267.7751167859963,651.0,652.6500000000032
1330.5666751189306,1265.2330127667726,654.0,652.6500000000032
1324.731797453323,1262.9932130821144,651.0,652.6500000000032
1319.0221383430567,1260.4511090628907,654.0,652.6500000000032
1313.187260677449,1258.2113093782325,651.0,652.6500000000032
1307.4776015671828,1255.6692053590089,654.0,652.6500000000032
1301.9088107910054,1252.8317647356366,657.0,655.5934800000032
1296.4961520173526,1249.7067647356366,660.0,658.5369600000032
1291.2544609676938,1246.3027707667927,663.0,661.4804400000032
1286.1981047528504,1242.6291129399647,666.0,664.4239200000032
1281.3409424937445,1238.6958604959032,669.0,667.3674000000033
1276.6962873345108,1234.5137942061604,672.0,670.3108800000033
1271.8391250754048,1230.5805417620988,669.0,670.3108800000033
1267.194469916171,1226.398475472356,672.0,670.3108800000033
1262.3373076570651,1222.4652230282945,669.0,670.3108800000033
1257.6926524978314,1218.2831567385517,672.0,670.3108800000033
1252.8354902387255,1214.3499042944902,669.0,670.3108800000033
1248.1908350794918,1210.1678380047474,672.0,670.3108800000033
1243.3336728203858,1206.234585560686,669.0,670.3108800000033
1238.689017661152,1202.052519270943,672.0,670.3108800000033
1233.8318554020461,1198.1192668268816,669.0,670.3108800000033
1229.1872002428124,1193.9372005371388,672.0,670.3108800000033
1224.3300379837065,1190.0039480930773,669.0,670.3108800000033
1219.6853828244728,1185.8218818033345,672.0,670.3108800000033
1214.8282205653668,1181.888629359273,669.0,670.3108800000033
1210.183565406133,1177.7065630695301,672.0,670.3108800000033
1205.3264031470271,1173.7733106254686,669.0,670.3108800000033
1200.6817479877934,1169.5912443357258,672.0,670.3108800000033
1195.8245857286875,1165.6579918916643,669.0,670.3108800000033
1191.1799305694537,1161.4759256019215,672.0,670.3108800000033
1186.3227683103478,1157.54267315786,669.0,670.3108800000033
1181.678113151114,1153.3606068681172,672.0,673.2543600000033
1177.258695768698,1148.9411894857012,675.0,676.1978400000033
1173.0766294789553,1144.2965343264675,678.0,679.1413200000034
1169.1433770348938,1139.4393720673615,681.0,682.0848000000034
1165.4697192080657,1134.3830158525182,684.0,685.0282800000034
1162.0657252392218,1129.1413248028593,687.0,687.9717600000034
1158.9407252392218,1123.7286660292066,690.0,690.9152400000035
1156.1032846158496,1118.1598752530292,693.0,693.8587200000035
1153.5611805966257,1112.4502161427629,696.0,696.8022000000035
1151.3213809119675,1106.6153384771553,699.0,699.7456800000035
1149.390024697124,1100.6712352503107,702.0,702.6891600000035
1147.7724056652332,1094.634198836004,705.0,705.6326400000036
1146.4729575976223,1088.520776331418,708.0,708.5761200000036
1145.495242191121,1082.3477242026984,711.0,711.5196000000036
1144.841939295698,1076.1319623566467,714.0,714.4630800000036
1144.5148395691797,1069.8905277644305,717.0,717.4065600000037
1144.5148395691797,1063.6405277644305,720.0,720.3500400000037
1144.841939295698,1057.3990931722144,723.0,723.2935200000037
1145.495242191121,1051.1833313261627,726.0,726.2370000000037
1146.4729575976223,1045.0102791974432,729.0,729.1804800000037
1147.7724056652332,1038.896856692857,732.0,732.1239600000038
1149.390024697124,1032.8598202785504,735.0,735.0674400000038
1151.3213809119675,1026.9157170517058,738.0,738.0109200000038
1153.5611805966257,1021.0808393860982,741.0,738.0109200000038
1155.492536811469,1015.1367361592535,738.0,738.0109200000038
1157.7323364961273,1009.3018584936459,741.0,738.0109200000038
1159.6636927109707,1003.3577552668012,738.0,738.0109200000038
1161.903492395629,997.5228776011936,741.0,738.0109200000038
1163.8348486104724,991.5787743743489,738.0,738.0109200000038
1166.0746482951306,985.7438967087413,741.0,738.0109200000038
1168.006004509974,979.7997934818966,738.0,738.0109200000038
1170.2458041946322,973.964915816289,741.0,738.0109200000038
1172.1771604094756,968.0208125894443,738.0,740.9544000000038
1174.4169600941339,962.1859349238367,741.0,743.8978800000039
1176.9590641133575,956.4762758135705,744.0,746.8413600000039
1179.7965047367297,950.9074850373933,747.0,749.7848400000039
1182.9215047367297,945.4948262637405,750.0,752.7283200000039
1186.3254987055736,940.2531352140816,753.0,755.6718000000039
1189.9991565324017,935.1967789992382,756.0,758.615280000004
1193.9324089764632,930.3396167401321,759.0,761.558760000004
1198.114475266206,925.6949615808984,762.0,764.502240000004
1202.533892648622,921.2755441984825,765.0,767.445720000004
1207.1785478078557,917.0934779087397,768.0,770.389200000004
1212.0357100669617,913.1602254646782,771.0,773.3326800000041
1217.092066281805,909.4865676378503,774.0,776.2761600000041
1222.3337573314639,906.0825736690064,777.0,776.2761600000041
1227.3901135463072,902.4089158421784,774.0,776.2761600000041
1232.631804595966,899.0049218733345,777.0,776.2761600000041
1237.6881608108094,895.3312640465066,774.0,776.2761600000041
1242.9298518604683,891.9272700776627,777.0,776.2761600000041
1247.9862080753117,888.2536122508347,774.0,776.2761600000041
1253.2278991249705,884.8496182819908,777.0,776.2761600000041
1258.2842553398139,881.1759604551629,774.0,776.2761600000041
1263.5259463894727,877.771966486319,777.0,776.2761600000041
1268.582302604316,874.0983086594911,774.0,776.2761600000041
1273.8239936539749,870.6943146906472,777.0,776.2761600000041
1278.8803498688183,867.0206568638192,774.0,776.2761600000041
1284.122040918477,863.6166628949753,777.0,776.2761600000041
1289.1783971333205,859.9430050681474,774.0,776.2761600000041
1294.4200881829793,856.5390110993035,777.0,776.2761600000041
1299.4764443978227,852.8653532724755,774.0,776.2761600000041
1304.7181354474815,849.4613593036316,777.0,776.2761600000041
1310.1307942211342,846.3363593036316,780.0,779.2196400000041
1315.6995849973116,843.4989186802595,783.0,782.1631200000041
1321.409244107578,840.9568146610358,786.0,785.1066000000042
1327.2441217731855,838.7170149763776,789.0,788.0500800000042
1333.1882250000301,836.7856587615343,792.0,790.9935600000042
1339.2252614143367,835.1680397296435,795.0,793.9370400000042
1345.338683918923,833.8685916620325,798.0,796.8805200000043
1351.5117360476424,832.890876255531,801.0,799.8240000000043
1357.7274978936941,832.2375733601082,804.0,802.7674800000043
1363.9689324859103,831.9104736335897,807.0,805.7109600000043
1370.2189324859103,831.9104736335897,810.0,808.6544400000043
1376.4603670781264,832.2375733601082,813.0,811.5979200000044
1382.676128924178,832.890876255531,816.0,814.5414000000044
1388.8491810528976,833.8685916620325,819.0,817.4848800000044
1394.9626035574838,835.1680397296435,822.0,820.4283600000044
1400.9996399717904,836.7856587615343,825.0,823.3718400000045
1406.943743198635,838.7170149763776,828.0,826.3153200000045
1412.7786208642426,840.9568146610358,831.0,829.2588000000045
1418.488279974509,843.4989186802595,834.0,832.2022800000045
1424.0570707506863,846.3363593036316,837.0,835.1457600000045
1429.469729524339,849.4613593036316,840.0,838.0892400000046
1434.7114205739979,852.8653532724755,843.0,841.0327200000046
1439.7677767888413,856.5390110993035,846.0,843.9762000000046
1444.6249390479472,860.472263543365,849.0,846.9196800000046
1449.269594207181,864.6543298331079,852.0,849.8631600000047
1454.126756466287,868.5875822771694,849.0,849.8631600000047
1458.7714116255206,872.7696485669123,852.0,849.8631600000047
1463.6285738846266,876.7029010109738,849.0,849.8631600000047
1468.2732290438603,880.8849673007168,852.0,849.8631600000047
1473.1303913029662,884.8182197447783,849.0,849.8631600000047
1477.7750464622,889.0002860345212,852.0,849.8631600000047
1482.632208721306,892.9335384785827,849.0,849.8631600000047
1487.2768638805396,897.1156047683256,852.0,849.8631600000047
1492.1340261396456,901.0488572123871,849.0,849.8631600000047
1496.7786812988793,905.23092350213,852.0,849.8631600000047
1501.6358435579853,909.1641759461916,849.0,849.8631600000047
1506.280498717219,913.3462422359345,852.0,849.8631600000047
1511.137660976325,917.279494679996,849.0,849.8631600000047
1515.7823161355586,921.4615609697389,852.0,849.8631600000047
1520.6394783946646,925.3948134138004,849.0,849.8631600000047
1525.2841335538983,929.5768797035433,852.0,849.8631600000047
1530.1412958130043,933.5101321476048,849.0,849.8631600000047
1534.785950972238,937.6921984373478,852.0,849.8631600000047
1539.643113231344,941.6254508814093,849.0,849.8631600000047
1544.6994694461873,945.2991087082372,846.0,846.9196800000046
1549.9411604958461,948.7031026770811,843.0,843.9762000000046
1555.353819269499,951.8281026770811,840.0,841.0327200000046
1560.9226100456763,954.6655433004532,837.0,838.0892400000046
1566.6322691559426,957.207647319677,834.0,835.1457600000045
1572.4671468215502,959.4474470043351,831.0,832.2022800000045
1578.4112500483948,961.3788032191785,828.0,829.2588000000045
1584.4482864627014,962.9964222510692,825.0,826.3153200000045
1590.5617089672876,964.2958703186803,822.0,823.3718400000045
1596.734761096007,965.2735857251818,819.0,820.4283600000044
1602.9505229420588,965.9268886206046,816.0,817.4848800000044
1609.191957534275,966.253988347123,813.0,814.5414000000044
1615.441957534275,966.253988347123,810.0,811.5979200000044
1621.683392126491,965.9268886206046,807.0,808.6544400000043
1627.8991539725428,965.2735857251818,804.0,805.7109600000043
1634.0722061012623,964.2958703186803,801.0,802.7674800000043
1640.1856286058485,962.9964222510692,798.0,799.8240000000043
1646.222665020155,961.3788032191785,795.0,796.8805200000043
1652.1667682469997,959.4474470043351,792.0,793.9370400000042
1658.0016459126073,957.207647319677,789.0,790.9935600000042
1663.7113050228736,954.6655433004532,786.0,788.0500800000042
1669.280095799051,951.8281026770811,783.0,785.1066000000042
1674.6927545727037,948.7031026770811,780.0,782.1631200000041
1680.261545348881,945.865662053709,783.0,782.1631200000041
1685.6742041225339,942.740662053709,780.0,782.1631200000041
1691.2429948987112,939.9032214303369,783.0,782.1631200000041
1696.655653672364,936.7782214303369,780.0,782.1631200000041
1702.2244444485414,933.9407808069648,783.0,782.1631200000041
1707.6371032221941,930.8157808069648,780.0,782.1631200000041
1713.2058939983715,927.9783401835926,783.0,782.1631200000041
1718.6185527720243,924.8533401835926,780.0,782.1631200000041
1724.1873435482016,922.0158995602205,783.0,782.1631200000041
1729.6000023218544,918.8908995602205,780.0,782.1631200000041
1735.1687930980318,916.0534589368484,783.0,782.1631200000041
1740.5814518716845,912.9284589368484,780.0,782.1631200000041
1746.150242647862,910.0910183134763,783.0,782.1631200000041
1751.5629014215147,906.9660183134763,780.0,782.1631200000041
1757.131692197692,904.1285776901042,783.0,782.1631200000041
1762.5443509713448,901.0035776901042,780.0,782.1631200000041
1768.1131417475221,898.1661370667321,783.0,782.1631200000041
1773.525800521175,895.0411370667321,780.0,782.1631200000041
1779.0945912973523,892.20369644336,783.0,782.1631200000041
1784.507250071005,889.07869644336,780.0,782.1631200000041
1790.0760408471824,886.2412558199878,783.0,782.1631200000041
1795.4886996208352,883.1162558199878,780.0,779.2196400000041
1800.730390670494,879.7122618511439,777.0,776.2761600000041
1805.7867468853374,876.038604024316,774.0,773.3326800000041
1810.6439091444433,872.1053515802545,771.0,770.389200000004
1815.288564303677,867.9232852905117,768.0,767.445720000004
1819.707981686093,863.5038679080958,765.0,764.502240000004
1823.8900479758358,858.8592127488621,762.0,761.558760000004
1827.8233004198974,854.002050489756,759.0,758.615280000004
1831.4969582467254,848.9456942749126,756.0,755.6718000000039
1834.9009522155693,843.7040032252537,753.0,752.7283200000039
1838.0259522155693,838.2913444516009,750.0,749.7848400000039
1840.8633928389415,832.7225536754237,747.0,749.7848400000039
1843.9883928389415,827.3098949017709,750.0,749.7848400000039
1846.8258334623138,821.7411041255937,747.0,749.7848400000039
1849.9508334623138,816.3284453519409,750.0,749.7848400000039
1852.788274085686,810.7596545757636,747.0,749.7848400000039
1855.913274085686,805.3469958021109,750.0,749.7848400000039
1858.7507147090582,799.7782050259336,747.0,749.7848400000039
1861.8757147090582,794.3655462522809,750.0,749.7848400000039
1864.7131553324305,788.7967554761036,747.0,749.7848400000039
1867.8381553324305,783.3840967024508,750.0,749.7848400000039
1870.6755959558027,777.8153059262736,747.0,749.7848400000039
1873.8005959558027,772.4026471526208,750.0,749.7848400000039
1877.2045899246466,767.1609561029619,753.0,752.7283200000039
1880.8782477514746,762.1045998881185,756.0,755.6718000000039
1884.8115001955362,757.2474376290124,759.0,758.615280000004
1888.993566485279,752.6027824697787,762.0,761.558760000004
1893.412983867695,748.1833650873629,765.0,764.502240000004
1898.0576390269287,744.00129879762,768.0,767.445720000004
1902.9148012860346,740.0680463535585,771.0,770.389200000004
1907.971157500878,736.3943885267306,774.0,773.3326800000041
1913.2128485505368,732.9903945578867,777.0,776.2761600000041
1918.6255073241896,729.8653945578867,780.0,779.2196400000041
1923.8671983738484,726.4614005890428,777.0,779.2196400000041
1929.2798571475012,723.3364005890428,780.0,779.2196400000041
1934.52154819716,719.9324066201989,777.0,779.2196400000041
1939.9342069708127,716.8074066201989,780.0,779.2196400000041
1945.1758980204715,713.403412651355,777.0,779.2196400000041
1950.5885567941243,710.278412651355,780.0,779.2196400000041
1955.8302478437831,706.8744186825111,777.0,779.2196400000041
1961.242906617436,703.7494186825111,780.0,779.2196400000041
1966.4845976670947,700.3454247136672,777.0,779.2196400000041
1971.8972564407475,697.2204247136672,780.0,779.2196400000041
1977.1389474904063,693.8164307448233,777.0,779.2196400000041
1982.551606264059,690.6914307448233,780.0,779.2196400000041
1987.7932973137179,687.2874367759794,777.0,779.2196400000041
1993.2059560873706,684.1624367759794,780.0,779.2196400000041
1998.4476471370294,680.7584428071355,777.0,779.2196400000041
2003.8603059106822,677.6334428071355,780.0,779.2196400000041
2009.101996960341,674.2294488382915,777.0,779.2196400000041
2014.5146557339938,671.1044488382915,780.0,782.1631200000041
2020.0834465101711,668.2670082149194,783.0,785.1066000000042
2025.7931056204375,665.7249041956957,786.0,788.0500800000042
2031.627983286045,663.4851045110375,789.0,790.9935600000042
2037.5720865128897,661.5537482961942,792.0,793.9370400000042
2043.6091229271963,659.9361292643034,795.0,796.8805200000043
2049.7225454317827,658.6366811966924,798.0,799.8240000000043
2055.895597560502,657.6589657901909,801.0,802.7674800000043
2062.111359406554,657.0056628947681,804.0,805.7109600000043
2068.3527939987703,656.6785631682496,807.0,808.6544400000043
2074.6027939987703,656.6785631682496,810.0,811.5979200000044
2080.8442285909864,657.0056628947681,813.0,814.5414000000044
2087.0599904370383,657.6589657901909,816.0,817.4848800000044
2093.233042565758,658.6366811966924,819.0,820.4283600000044
2099.346465070344,659.9361292643034,822.0,820.4283600000044
2105.5195171990636,660.9138446708049,819.0,820.4283600000044
2111.6329397036498,662.2132927384159,822.0,820.4283600000044
2117.8059918323693,663.1910081449174,819.0,820.4283600000044
2123.9194143369555,664.4904562125284,822.0,820.4283600000044
2130.092466465675,665.4681716190299,819.0,820.4283600000044
2136.205888970261,666.767619686641,822.0,820.4283600000044
2142.3789410989807,667.7453350931424,819.0,820.4283600000044
2148.492363603567,669.0447831607535,822.0,820.4283600000044
2154.6654157322864,670.022498567255,819.0,820.4283600000044
2160.7788382368726,671.321946634866,822.0,820.4283600000044
2166.951890365592,672.2996620413675,819.0,820.4283600000044
2173.0653128701783,673.5991101089785,822.0,820.4283600000044
2179.102349284485,675.2167291408692,825.0,823.3718400000045
2185.04645251133,677.1480853557126,828.0,826.3153200000045
2190.8813301769374,679.3878850403707,831.0,829.2588000000045
2196.5909892872037,681.9299890595945,834.0,832.2022800000045
2202.159780063381,684.7674296829666,837.0,835.1457600000045
2207.5724388370336,687.8924296829666,840.0,838.0892400000046
2212.8141298866926,691.2964236518105,843.0,841.0327200000046
2217.8704861015362,694.9700814786385,846.0,843.9762000000046
2222.7276483606424,698.9033339227,849.0,846.9196800000046
2227.3723035198764,703.0854002124429,852.0,849.8631600000047
2231.791720902292,707.5048175948588,855.0,852.8066400000047
2235.973787192035,712.1494727540925,858.0,855.7501200000047
2239.9070396360967,717.0066350131985,861.0,858.6936000000047
2243.5806974629245,722.0629912280419,864.0,861.6370800000047
2246.9846914317686,727.3046822777009,867.0,864.5805600000048
2250.1096914317686,732.7173410513536,870.0,867.5240400000048
2253.5136854006128,737.9590321010126,867.0,867.5240400000048
2256.6386854006128,743.3716908746653,870.0,867.5240400000048
2260.042679369457,748.6133819243242,867.0,867.5240400000048
2263.167679369457,754.026040697977,870.0,867.5240400000048
2266.571673338301,759.2677317476359,867.0,867.5240400000048
2269.696673338301,764.6803905212887,870.0,867.5240400000048
2273.100667307145,769.9220815709476,867.0,867.5240400000048
2276.225667307145,775.3347403446004,870.0,867.5240400000048
2279.6296612759893,780.5764313942593,867.0,867.5240400000048
2282.7546612759893,785.9890901679121,870.0,867.5240400000048
2286.1586552448334,791.230781217571,867.0,867.5240400000048
2289.2836552448334,796.6434399912238,870.0,867.5240400000048
2292.6876492136776,801.8851310408827,867.0,867.5240400000048
2295.8126492136776,807.2977898145355,870.0,867.5240400000048
2299.2166431825217,812.5394808641944,867.0,867.5240400000048
2302.3416431825217,817.9521396378472,870.0,867.5240400000048
2305.745637151366,823.1938306875061,867.0,867.5240400000048
2308.870637151366,828.6064894611588,870.0,867.5240400000048
2312.27463112021,833.8481805108178,867.0,867.5240400000048
2315.39963112021,839.2608392844705,870.0,867.5240400000048
2318.803625089054,844.5025303341295,867.0,867.5240400000048
2321.928625089054,849.9151891077822,870.0,867.5240400000048
2325.3326190578982,855.1568801574412,867.0,867.5240400000048
2328.4576190578982,860.5695389310939,870.0,867.5240400000048
2331.8616130267424,865.8112299807528,867.0,867.5240400000048
2334.9866130267424,871.2238887544056,870.0,867.5240400000048
2337.8240536501144,876.7926795305829,873.0,870.4675200000048
2340.366157669338,882.5023386408491,876.0,873.4110000000048
2342.605957353996,888.3372163064566,879.0,876.3544800000049
2344.5373135688396,894.2813195333014,882.0,879.2979600000049
2346.1549326007303,900.3183559476081,885.0,882.2414400000049
2347.4543806683414,906.4317784521944,888.0,885.1849200000049
2348.432096074843,912.604830580914,891.0,888.128400000005
2349.0853989702655,918.8205924269657,894.0,891.071880000005
2349.412498696784,925.0620270191819,897.0,894.015360000005
2350.0658015922068,931.2777888652336,894.0,896.958840000005
2350.3929013187253,937.5192234574497,897.0,899.902320000005
2350.3929013187253,943.7692234574497,900.0,902.845800000005
2350.0658015922068,950.0106580496658,903.0,905.7892800000051
2349.412498696784,956.2264198957175,906.0,908.7327600000051
2348.4347832902827,962.3994720244372,909.0,908.7327600000051
2347.78148039486,968.6152338704889,906.0,908.7327600000051
2346.8037649883586,974.7882859992085,909.0,908.7327600000051
2346.150462092936,981.0040478452602,906.0,908.7327600000051
2345.1727466864345,987.1770999739798,909.0,908.7327600000051
