1835.7952809453752,1263.9892711289701,273.0,270
1835.3852809453751,1263.9892711289701,270.0,270
1834.771123781501,1263.9570845158808,273.0,270
1833.951123781501,1263.9570845158808,270.0,270
1832.9275285083777,1263.9034401607316,273.0,270
1831.6975285083777,1263.9034401607316,270.0,270
1830.264495126005,1263.828338063523,273.0,270
1828.6244951260048,1263.828338063523,270.0,270
1826.7820236343825,1263.7317782242549,273.0,270
1824.7320236343826,1263.7317782242549,270.0,270
1822.480114033511,1263.613760642927,273.0,270
1820.020114033511,1263.613760642927,270.0,270
1817.35876632339,1263.4742853195396,273.0,270
1814.48876632339,1263.4742853195396,270.0,270
1811.4179805040199,1263.3133522540925,273.0,270
1808.1379805040199,1263.3133522540925,270.0,270
1804.6577565754003,1263.1309614465858,273.0,271.58916
1800.9879707814914,1262.7452514171282,276.0,273.2718
1797.0983087436223,1262.5414028675618,273.0,275.04792
1793.0207689726124,1262.1128361681644,276.0,276.91751999999997
1788.7687706663503,1261.4393857961663,279.0,278.88059999999996
1784.2834769182393,1260.9679624268292,276.0,278.88059999999996
1779.6265263923333,1260.2303739241645,279.0,278.88059999999996
1774.7334786671213,1259.7160938848876,276.0,278.88059999999996
1769.6715759215713,1258.9143672515565,279.0,278.88059999999996
1764.3707742192585,1258.35723054234,276.0,278.88059999999996
1758.9039192540645,1257.4913657783422,279.0,278.88059999999996
1753.1953635746506,1256.891372399186,276.0,278.88059999999996
1747.3235563898124,1255.9613695045218,279.0,278.88059999999996
1741.2072467332976,1255.3185194554258,276.0,278.88059999999996
1735.034194604578,1254.3408040489244,279.0,278.88059999999996
1728.8184327585263,1253.6875011535014,276.0,278.88059999999996
1722.6453806298068,1252.709785747,279.0,278.88059999999996
1716.4296187837551,1252.0564828515771,276.0,278.88059999999996
1710.2565666550356,1251.0787674450758,279.0,278.88059999999996
1704.040804808984,1250.4254645496528,276.0,278.88059999999996
1697.8677526802644,1249.4477491431514,279.0,278.88059999999996
1691.6519908342127,1248.7944462477285,276.0,278.88059999999996
1685.4789387054932,1247.8167308412271,279.0,278.88059999999996
1679.2631768594415,1247.1634279458042,276.0,278.88059999999996
1673.090124730722,1246.1857125393028,279.0,278.88059999999996
1666.8743628846703,1245.5324096438799,276.0,278.88059999999996
1660.7013107559508,1244.5546942373785,279.0,278.88059999999996
1654.485548909899,1243.9013913419556,276.0,278.88059999999996
1648.3124967811796,1242.9236759354542,279.0,278.88059999999996
1642.0967349351279,1242.2703730400312,276.0,278.88059999999996
1635.9236828064084,1241.2926576335299,279.0,278.88059999999996
1629.7079209603567,1240.639354738107,276.0,278.88059999999996
1623.5348688316371,1239.6616393316056,279.0,278.88059999999996
1617.421446327051,1238.3621912639946,282.0,281.82408
1611.3844099127443,1236.7445722321038,285.0,284.76756
1605.4403066858997,1234.8132160172604,288.0,287.71104
1599.6054290202921,1232.5734163326022,291.0,290.65452000000005
1593.8957699100258,1230.0313123133785,294.0,293.59800000000007
1588.0608922444183,1227.7915126287203,291.0,293.59800000000007
1582.351233134152,1225.2494086094966,294.0,293.59800000000007
1576.5163554685444,1223.0096089248384,291.0,293.59800000000007
1570.806696358278,1220.4675049056148,294.0,293.59800000000007
1564.9718186926705,1218.2277052209565,291.0,293.59800000000007
1559.2621595824041,1215.6856012017329,294.0,293.59800000000007
1553.4272819167966,1213.4458015170746,291.0,293.59800000000007
1547.7176228065302,1210.903697497851,294.0,293.59800000000007
1541.8827451409227,1208.6638978131928,291.0,293.59800000000007
1536.1730860306563,1206.1217937939691,294.0,293.59800000000007
1530.3382083650488,1203.8819941093109,291.0,293.59800000000007
1524.6285492547825,1201.3398900900872,294.0,293.59800000000007
1518.793671589175,1199.100090405429,291.0,293.59800000000007
1512.8495683623303,1197.1687341905856,288.0,290.65452000000005
1506.8125319480237,1195.5511151586948,285.0,287.71104
1500.6991094434375,1194.2516670910838,282.0,284.76756
1494.526057314718,1193.2739516845825,279.0,281.82408
1488.3102954686663,1192.6206487891595,276.0,278.88059999999996
1482.0688608764501,1192.2935490626412,273.0,275.93711999999994
1475.8188608764501,1192.2935490626412,270.0,272.9936399999999
1469.577426284234,1191.9664493361229,273.0,270.0501599999999
1463.327426284234,1191.9664493361229,270.0,267.10667999999987
1457.0859916920178,1192.2935490626412,267.0,264.16319999999985
1450.8702298459662,1192.9468519580641,264.0,261.2197199999998
1444.6971777172466,1193.9245673645655,261.0,258.2762399999998
1438.5837552126604,1195.2240154321764,258.0,255.3327599999998
1432.5467187983538,1196.8416344640673,255.0,252.38927999999981
1426.6026155715092,1198.7729906789107,252.0,249.44579999999982
1420.7677379059016,1201.012790363569,249.0,246.50231999999983
1415.0580787956353,1203.5548943827926,246.0,243.55883999999983
1409.489288019458,1206.3923350061648,243.0,243.55883999999983
1403.7796289091916,1208.9344390253884,246.0,243.55883999999983
1398.2108381330142,1211.7718796487607,243.0,243.55883999999983
1392.501179022748,1214.3139836679843,246.0,243.55883999999983
1386.9323882465706,1217.1514242913565,243.0,243.55883999999983
1381.2227291363042,1219.6935283105802,246.0,243.55883999999983
1375.6539383601269,1222.5309689339524,243.0,243.55883999999983
1369.9442792498605,1225.073072953176,246.0,243.55883999999983
1364.3754884736832,1227.9105135765483,243.0,243.55883999999983
1358.6658293634168,1230.452617595772,246.0,243.55883999999983
1353.0970385872395,1233.2900582191442,243.0,243.55883999999983
1347.3873794769731,1235.8321622383678,246.0,243.55883999999983
1341.8185887007958,1238.66960286174,243.0,243.55883999999983
1336.1089295905294,1241.2117068809637,246.0,243.55883999999983
1330.540138814352,1244.049147504336,243.0,243.55883999999983
1324.8304797040857,1246.5912515235595,246.0,246.50231999999983
1318.9956020384782,1248.8310512082178,249.0,249.44579999999982
1313.0514988116336,1250.7624074230612,252.0,252.38927999999981
1307.014462397327,1252.380026454952,255.0,255.3327599999998
1300.9010398927408,1253.679474522563,258.0,258.2762399999998
1294.7279877640212,1254.6571899290643,261.0,261.2197199999998
1288.5122259179695,1255.3104928244873,264.0,264.16319999999985
1282.2707913257534,1255.6375925510056,267.0,267.10667999999987
1276.0207913257534,1255.6375925510056,270.0,270.0501599999999
1269.7793567335373,1255.3104928244873,273.0,272.9936399999999
1263.5635948874856,1254.6571899290643,276.0,275.93711999999994
1257.390542758766,1253.679474522563,279.0,278.88059999999996
1251.2771202541799,1252.380026454952,282.0,281.82408
1245.2400838398733,1250.7624074230612,285.0,284.76756
1239.2959806130286,1248.8310512082178,288.0,287.71104
1233.461102947421,1246.5912515235595,291.0,290.65452000000005
1227.7514438371547,1244.049147504336,294.0,293.59800000000007
1222.1826530609774,1241.2117068809637,297.0,296.5414800000001
1216.9475294951005,1238.1892068809636,300.0,299.4849600000001
1211.7058384454417,1234.7852129121197,303.0,302.33496000000014
1206.6494822305983,1231.1115550852917,306.0,305.27844000000016
1201.7923199714924,1227.1783026412302,309.0,308.2219200000002
1197.1476648122587,1222.9962363514874,312.0,311.1654000000002
1192.7282474298427,1218.5768189690714,315.0,314.1088800000002
1188.5461811400999,1213.9321638098377,318.0,317.05236000000025
1184.6129286960384,1209.0750015507317,321.0,319.99584000000027
1180.9392708692103,1204.0186453358883,324.0,322.9393200000003
1177.5352769003664,1198.7769542862295,327.0,325.8828000000003
1174.4102769003664,1193.3642955125767,330.0,328.82628000000034
1171.5728362769942,1187.7955047363994,333.0,331.76976000000036
1169.0307322577705,1182.085845626133,336.0,334.7132400000004
1166.7909325731123,1176.2509679605255,339.0,337.6567200000004
1164.2488285538886,1170.5413088502592,336.0,337.6567200000004
1162.0090288692304,1164.7064311846516,339.0,337.6567200000004
1159.4669248500068,1158.9967720743853,336.0,337.6567200000004
1157.2271251653485,1153.1618944087777,339.0,337.6567200000004
1154.6850211461249,1147.4522352985114,336.0,337.6567200000004
1152.4452214614666,1141.6173576329038,339.0,337.6567200000004
1149.903117442243,1135.9076985226375,336.0,337.6567200000004
1147.6633177575848,1130.07282085703,339.0,337.6567200000004
1145.7319615427414,1124.1287176301853,342.0,340.6002000000004
1144.1143425108505,1118.0916812158787,345.0,343.54368000000045
1142.8148944432396,1111.9782587112925,348.0,346.4871600000005
1141.8371790367382,1105.805206582573,351.0,349.4306400000005
1141.1838761413153,1099.5894447365213,354.0,352.3741200000005
1140.856776414797,1093.3480101443051,357.0,355.31760000000054
1140.856776414797,1087.0980101443051,360.0,358.26108000000056
1140.5296766882786,1080.856575552089,357.0,358.26108000000056
1140.5296766882786,1074.606575552089,360.0,358.26108000000056
1140.2025769617603,1068.3651409598729,357.0,358.26108000000056
1140.2025769617603,1062.1151409598729,360.0,358.26108000000056
1139.875477235242,1055.8737063676567,357.0,358.26108000000056
1139.875477235242,1049.6237063676567,360.0,358.26108000000056
1139.5483775087237,1043.3822717754406,357.0,358.26108000000056
1139.5483775087237,1037.1322717754406,360.0,358.26108000000056
1139.2212777822053,1030.8908371832244,357.0,358.26108000000056
1139.2212777822053,1024.6408371832244,360.0,358.26108000000056
1138.894178055687,1018.3994025910083,357.0,358.26108000000056
1138.894178055687,1012.1494025910083,360.0,358.26108000000056
1138.5670783291687,1005.9079679987922,357.0,358.26108000000056
1138.5670783291687,999.6579679987922,360.0,358.26108000000056
1138.2399786026504,993.416533406576,357.0,358.26108000000056
1138.2399786026504,987.166533406576,360.0,358.26108000000056
1137.912878876132,980.9250988143599,357.0,358.26108000000056
1137.912878876132,974.6750988143599,360.0,358.26108000000056
1138.2399786026504,968.4336642221438,363.0,361.2045600000006
1138.8932814980733,962.2179023760921,366.0,364.1480400000006
1139.8709969045747,956.0448502473724,369.0,367.0915200000006
1141.1704449721856,949.9314277427861,372.0,370.03500000000065
1142.7880640040764,943.8943913284794,375.0,372.9784800000007
1144.7194202189198,937.9502881016347,378.0,375.9219600000007
1146.959219903578,932.1154104360271,381.0,378.8654400000007
1149.5013239228017,926.4057513257609,384.0,381.80892000000074
1152.338764546174,920.8369605495836,387.0,384.75240000000076
1155.463764546174,915.4243017759309,390.0,387.6958800000008
1158.8677585150178,910.182610726272,393.0,390.6393600000008
1162.541416341846,905.1262545114286,396.0,393.58284000000083
1166.4746687859074,900.2690922523225,399.0,396.52632000000085
1170.6567350756502,895.6244370930888,402.0,399.4698000000009
1175.0761524580662,891.2050197106729,405.0,402.4132800000009
1179.7208076173,887.02295342093,408.0,405.3567600000009
1184.5779698764059,883.0897009768685,411.0,408.30024000000094
1189.6343260912492,879.4160431500405,414.0,411.24372000000096
1194.876017140908,876.0120491811966,417.0,414.187200000001
1200.2886759145608,872.8870491811966,420.0,417.130680000001
1205.8574666907382,870.0496085578245,423.0,420.07416000000103
1211.5671258010045,867.5075045386008,426.0,423.01764000000105
1217.135916577182,864.6700639152286,423.0,425.9611200000011
1222.8455756874482,862.1279598960049,426.0,428.9046000000011
1228.6804533530558,859.8881602113468,429.0,431.8480800000011
1234.6245565799004,857.9568039965034,432.0,434.79156000000114
1240.661592994207,856.3391849646126,435.0,437.73504000000116
1246.7750154987932,855.0397368970016,438.0,440.6785200000012
1252.9480676275127,854.0620214905001,441.0,443.6220000000012
1259.1638294735644,853.4087185950773,444.0,446.56548000000123
1265.4052640657806,853.0816188685588,447.0,449.50896000000125
1271.6552640657806,853.0816188685588,450.0,452.4524400000013
1277.8966986579967,853.4087185950773,453.0,455.3959200000013
1284.1124605040484,854.0620214905001,456.0,458.3394000000013
1290.285512632768,855.0397368970016,459.0,461.28288000000134
1296.398935137354,856.3391849646126,462.0,464.22636000000136
1302.4359715516607,857.9568039965034,465.0,467.1698400000014
1308.3800747785053,859.8881602113468,468.0,470.1133200000014
1314.214952444113,862.1279598960049,471.0,473.05680000000143
1319.9246115543792,864.6700639152286,474.0,476.00028000000145
1325.4934023305566,867.5075045386008,477.0,478.9437600000015
1330.9060611042094,870.6325045386008,480.0,481.8872400000015
1336.1477521538682,874.0364985074447,483.0,484.8307200000015
1341.2041083687116,877.7101563342726,486.0,487.77420000000154
1346.0612706278175,881.6434087783341,489.0,490.71768000000156
1350.7059257870512,885.825475068077,492.0,493.6611600000016
1355.1253431694672,890.2448924504929,495.0,496.6046400000016
1359.30740945921,894.8895476097266,498.0,499.54812000000163
1363.2406619032715,899.7467098688327,501.0,502.49160000000165
1366.9143197300996,904.8030660836761,504.0,505.4350800000017
1370.3183136989435,910.044757133335,507.0,508.3785600000017
1373.4433136989435,915.4574159069878,510.0,508.3785600000017
1376.8473076677874,920.6991069566467,507.0,505.4350800000017
1380.5209654946154,925.7554631714901,504.0,502.49160000000165
1384.454217938677,930.6126254305962,501.0,499.54812000000163
1388.6362842284198,935.2572805898299,498.0,496.6046400000016
1393.0557016108357,939.6766979722457,495.0,493.6611600000016
1397.7003567700694,943.8587642619887,492.0,490.71768000000156
1402.5575190291754,947.7920167060502,489.0,487.77420000000154
1407.6138752440188,951.4656745328781,486.0,484.8307200000015
1412.8555662936776,954.869668501722,483.0,481.8872400000015
1418.2682250673304,957.994668501722,480.0,478.9437600000015
1423.8370158435077,960.8321091250941,477.0,476.00028000000145
1429.546674953774,963.3742131443179,474.0,473.05680000000143
1435.3815526193816,965.614012828976,471.0,470.1133200000014
1441.3256558462263,967.5453690438194,468.0,467.1698400000014
1447.3626922605329,969.1629880757101,465.0,464.22636000000136
1453.476114765119,970.4624361433212,462.0,461.28288000000134
1459.6491668938386,971.4401515498226,459.0,458.3394000000013
1465.8649287398903,972.0934544452455,456.0,455.3959200000013
1472.1063633321064,972.4205541717639,453.0,452.4524400000013
1478.3563633321064,972.4205541717639,450.0,449.50896000000125
1484.5977979243225,972.0934544452455,447.0,446.56548000000123
1490.8135597703742,971.4401515498226,444.0,443.6220000000012
1496.9866118990938,970.4624361433212,441.0,440.6785200000012
1503.10003440368,969.1629880757101,438.0,437.73504000000116
1509.1370708179866,967.5453690438194,435.0,434.79156000000114
1515.0811740448312,965.614012828976,432.0,431.8480800000011
1520.9160517104388,963.3742131443179,429.0,428.9046000000011
1526.625710820705,960.8321091250941,426.0,425.9611200000011
1532.1945015968824,957.994668501722,423.0,423.01764000000105
1537.6071603705352,954.869668501722,420.0,420.07416000000103
1542.848851420194,951.4656745328781,417.0,417.130680000001
1547.9052076350374,947.7920167060502,414.0,414.187200000001
1552.7623698941434,943.8587642619887,411.0,411.24372000000096
1557.407025053377,939.6766979722457,408.0,408.30024000000094
1561.826442435793,935.2572805898299,405.0,405.3567600000009
1566.0085087255359,930.6126254305962,402.0,402.4132800000009
1569.9417611695974,925.7554631714901,399.0,399.4698000000009
1573.6154189964254,920.6991069566467,396.0,396.52632000000085
1577.0194129652693,915.4574159069878,393.0,393.58284000000083
1580.1444129652693,910.044757133335,390.0,390.6393600000008
1582.9818535886416,904.4759663571577,387.0,387.6958800000008
1586.1068535886416,899.063307583505,390.0,387.6958800000008
1589.5108475574855,893.821616533846,393.0,390.6393600000008
1593.1845053843135,888.7652603190027,396.0,393.58284000000083
1597.117757828375,883.9080980598966,399.0,396.52632000000085
1601.2998241181178,879.2634429006629,402.0,399.4698000000009
1605.7192415005338,874.844025518247,405.0,402.4132800000009
1610.3638966597675,870.6619592285041,408.0,405.3567600000009
1615.2210589188735,866.7287067844426,411.0,408.30024000000094
1620.2774151337169,863.0550489576146,414.0,411.24372000000096
1625.5191061833757,859.6510549887707,417.0,414.187200000001
1630.9317649570285,856.5260549887707,420.0,417.130680000001
1636.5005557332058,853.6886143653986,423.0,420.07416000000103
1642.0229380246553,851.2298913580054,426.0,423.01764000000105
1647.2264161259154,848.5785868395265,423.0,425.8676400000011
1652.3742447797315,846.2866258557943,426.0,428.6241600000011
1657.4435864956113,844.3406878897633,429.0,431.2872000000011
1662.8027899649344,842.5993771264605,432.0,433.85676000000115
1668.4437967904626,841.0878739030618,435.0,436.51980000000117
1674.3566990368984,839.8310477320684,438.0,439.2763200000012
1680.5297511656179,838.853332325567,441.0,442.1263200000012
1686.7455130116696,838.2000294301441,444.0,445.06980000000124
1692.9869476038857,837.8729297036257,447.0,448.01328000000126
1699.2369476038857,837.8729297036257,450.0,450.9567600000013
1705.4783821961018,838.2000294301441,453.0,453.9002400000013
1711.6941440421535,838.853332325567,456.0,456.8437200000013
1717.867196170873,839.8310477320684,459.0,459.78720000000135
1723.9806186754593,841.1304957996795,462.0,462.73068000000137
1730.0176550897659,842.7481148315702,465.0,465.6741600000014
1735.9617583166105,844.6794710464136,468.0,468.6176400000014
1741.796635982218,846.9192707310717,471.0,471.56112000000144
1747.5062950924844,849.4613747502955,474.0,474.50460000000146
1753.0750858686617,852.2988153736676,477.0,477.4480800000015
1758.4877446423145,855.4238153736676,480.0,480.3915600000015
1763.7294356919733,858.8278093425115,483.0,480.3915600000015
1769.142094465626,861.9528093425115,480.0,480.3915600000015
1774.383785515285,865.3568033113554,483.0,480.3915600000015
1779.7964442889377,868.4818033113554,480.0,480.3915600000015
1785.0381353385965,871.8857972801993,483.0,480.3915600000015
1790.4507941122492,875.0107972801993,480.0,477.4480800000015
1796.0195848884266,877.8482379035714,477.0,474.50460000000146
1801.729243998693,880.3903419227952,474.0,471.56112000000144
1807.5641216643005,882.6301416074533,471.0,468.6176400000014
1813.5082248911451,884.5614978222967,468.0,465.6741600000014
1819.5452613054517,886.1791168541874,465.0,462.73068000000137
1825.658683810038,887.4785649217985,462.0,459.78720000000135
1831.8317359387574,888.4562803283,459.0,456.8437200000013
1838.0474977848091,889.1095832237228,456.0,453.9002400000013
1844.2889323770253,889.4366829502412,453.0,450.9567600000013
1850.5389323770253,889.4366829502412,450.0,448.01328000000126
1856.7803669692414,889.1095832237228,447.0,445.06980000000124
1862.996128815293,888.4562803283,444.0,442.1263200000012
1869.1691809440126,887.4785649217985,441.0,439.1828400000012
1875.2826034485988,886.1791168541874,438.0,436.23936000000117
1881.3196398629054,884.5614978222967,435.0,433.29588000000115
1887.26374308975,882.6301416074533,432.0,430.3524000000011
1893.0986207553576,880.3903419227952,429.0,427.4089200000011
1898.808279865624,877.8482379035714,426.0,424.4654400000011
1904.3770706418013,875.0107972801993,423.0,421.52196000000106
1909.789729415454,871.8857972801993,420.0,418.57848000000104
1915.031420465113,868.4818033113554,417.0,415.635000000001
1920.0877766799563,864.8081454845275,414.0,412.691520000001
1924.9449389390622,860.874893040466,411.0,409.74804000000097
1929.589594098296,856.692826750723,408.0,406.80456000000095
1934.009011480712,852.2734093683072,405.0,403.8610800000009
1938.1910777704547,847.6287542090735,402.0,400.9176000000009
1942.1243302145162,842.7715919499674,399.0,397.9741200000009
1945.7979880413443,837.715235735124,396.0,395.03064000000086
1949.2019820101882,832.4735446854651,393.0,392.08716000000084
1952.3269820101882,827.0608859118123,390.0,389.1436800000008
1955.1644226335604,821.492095135635,387.0,386.2002000000008
1957.706526652784,815.7824360253688,384.0,383.25672000000077
1959.9463263374423,809.9475583597613,381.0,380.31324000000075
1961.8776825522857,804.0034551329165,378.0,380.31324000000075
1964.117482236944,798.168577467309,381.0,380.31324000000075
1966.0488384517873,792.2244742404642,378.0,380.31324000000075
1968.2886381364456,786.3895965748567,381.0,380.31324000000075
1970.219994351289,780.445493348012,378.0,380.31324000000075
1972.4597940359472,774.6106156824044,381.0,380.31324000000075
1975.0018980551708,768.9009565721382,384.0,383.25672000000077
1977.839338678543,763.3321657959609,387.0,386.2002000000008
1980.964338678543,757.9195070223082,390.0,389.1436800000008
1984.368332647387,752.6778159726492,393.0,392.08716000000084
1988.041990474215,747.6214597578058,396.0,395.03064000000086
1991.9752429182765,742.7642974986998,399.0,397.9741200000009
1996.1573092080193,738.119642339466,402.0,400.9176000000009
2000.5767265904353,733.7002249570502,405.0,403.8610800000009
2005.221381749669,729.5181586673073,408.0,406.80456000000095
2010.078544008775,725.5849062232458,411.0,409.74804000000097
2015.1349002236184,721.9112483964178,414.0,412.691520000001
2020.3765912732772,718.5072544275739,417.0,415.635000000001
2025.78925004693,715.3822544275739,420.0,418.57848000000104
2031.3580408231073,712.5448138042018,423.0,421.52196000000106
2036.77069959676,709.4198138042018,420.0,421.52196000000106
2042.3394903729375,706.5823731808297,423.0,421.52196000000106
2047.7521491465902,703.4573731808297,420.0,421.52196000000106
2053.3209399227676,700.6199325574576,423.0,421.52196000000106
2058.7335986964204,697.4949325574576,420.0,421.52196000000106
2064.3023894725975,694.6574919340854,423.0,421.52196000000106
2069.7150482462503,691.5324919340854,420.0,421.52196000000106
2075.2838390224274,688.6950513107133,423.0,421.52196000000106
2080.69649779608,685.5700513107133,420.0,421.52196000000106
2086.2652885722573,682.7326106873412,423.0,421.52196000000106
2091.9749476825236,680.1905066681175,426.0,424.4654400000011
2097.809825348131,677.9507069834593,429.0,427.4089200000011
2103.753928574976,676.0193507686159,432.0,430.3524000000011
2109.7909649892827,674.4017317367252,435.0,433.29588000000115
2115.904387493869,673.1022836691142,438.0,436.23936000000117
2122.0774396225884,672.1245682626127,441.0,439.1828400000012
2128.2932014686403,671.4712653671899,444.0,442.1263200000012
2134.5346360608564,671.1441656406714,447.0,445.06980000000124
2140.7846360608564,671.1441656406714,450.0,448.01328000000126
2147.0260706530726,671.4712653671899,453.0,450.9567600000013
2153.2418324991245,672.1245682626127,456.0,453.9002400000013
2159.414884627844,673.1022836691142,459.0,456.8437200000013
2165.52830713243,674.4017317367252,462.0,459.78720000000135
2171.7013592611497,675.3794471432267,459.0,459.78720000000135
2177.814781765736,676.6788952108377,462.0,459.78720000000135
2183.9878338944554,677.6566106173392,459.0,459.78720000000135
2190.1012563990416,678.9560586849502,462.0,459.78720000000135
2196.274308527761,679.9337740914517,459.0,459.78720000000135
2202.3877310323473,681.2332221590627,462.0,459.78720000000135
2208.560783161067,682.2109375655642,459.0,459.78720000000135
2214.674205665653,683.5103856331752,462.0,459.78720000000135
2220.8472577943726,684.4881010396767,459.0,459.78720000000135
2226.960680298959,685.7875491072878,462.0,462.73068000000137
2232.9977167132656,687.4051681391785,465.0,465.6741600000014
2238.9418199401102,689.3365243540219,468.0,468.6176400000014
2244.776697605718,691.57632403868,471.0,471.56112000000144
2250.486356715984,694.1184280579038,474.0,474.50460000000146
2256.0551474921613,696.9558686812759,477.0,477.4480800000015
2261.467806265814,700.0808686812759,480.0,480.3915600000015
2266.709497315473,703.4848626501198,483.0,483.3350400000015
2271.7658535303167,707.1585204769477,486.0,486.27852000000155
2276.623015789423,711.0917729210092,489.0,489.2220000000016
2281.267670948657,715.2738392107522,492.0,489.2220000000016
2286.124833207763,719.2070916548137,489.0,489.2220000000016
2290.769488366997,723.3891579445566,492.0,489.2220000000016
2295.626650626103,727.3224103886181,489.0,489.2220000000016
2300.271305785337,731.504476678361,492.0,489.2220000000016
2305.1284680444433,735.4377291224225,489.0,489.2220000000016
2309.773123203677,739.6197954121654,492.0,489.2220000000016
2314.6302854627834,743.553047856227,489.0,489.2220000000016
2319.2749406220173,747.7351141459699,492.0,489.2220000000016
2324.1321028811235,751.6683665900314,489.0,489.2220000000016
2328.7767580403574,755.8504328797743,492.0,492.1654800000016
2333.196175422773,760.2698502621902,495.0,495.1089600000016
2337.3782417125162,764.9145054214239,498.0,498.05244000000164
2341.3114941565777,769.77166768053,501.0,500.99592000000166
2344.9851519834056,774.8280238953733,504.0,503.9394000000017
2348.3891459522497,780.0697149450323,507.0,506.8828800000017
2351.5141459522497,785.482373718685,510.0,509.8263600000017
2354.3515865756217,791.0511644948623,513.0,512.7698400000018
2356.8936905948453,796.7608236051285,516.0,515.7133200000018
2359.1334902795033,802.5957012707361,519.0,518.6568000000018
2361.064846494347,808.5398044975808,522.0,521.6002800000018
2363.304646179005,814.3746821631884,519.0,521.6002800000018
2365.2360023938486,820.3187853900331,522.0,521.6002800000018
2367.4758020785066,826.1536630556407,519.0,521.6002800000018
2369.40715829335,832.0977662824854,522.0,521.6002800000018
2371.6469579780082,837.932643948093,519.0,521.6002800000018
2373.578314192852,843.8767471749377,522.0,521.6002800000018
2375.81811387751,849.7116248405453,519.0,521.6002800000018
2377.7494700923535,855.65572806739,522.0,521.6002800000018
2379.9892697770115,861.4906057329976,519.0,521.6002800000018
2381.920625991855,867.4347089598423,522.0,521.6002800000018
2383.5382450237457,873.471745374149,525.0,524.5437600000018
2384.837693091357,879.5851678787353,528.0,527.4872400000019
2385.8154084978582,885.758220007455,531.0,530.4307200000019
2386.468711393281,891.9739818535066,534.0,533.3742000000019
2386.7958111197995,898.2154164457228,537.0,536.3176800000019
2386.7958111197995,904.4654164457228,540.0,539.261160000002
2386.468711393281,910.7068510379389,543.0,542.204640000002
2386.468711393281,916.9568510379389,540.0,542.204640000002
2386.1416116667624,923.198285630155,543.0,542.204640000002
2386.1416116667624,929.448285630155,540.0,542.204640000002
2385.814511940244,935.6897202223712,543.0,542.204640000002
2385.814511940244,941.9397202223712,540.0,542.204640000002
2385.4874122137253,948.1811548145873,543.0,542.204640000002
2385.4874122137253,954.4311548145873,540.0,542.204640000002
2385.1603124872067,960.6725894068035,543.0,542.204640000002
2385.1603124872067,966.9225894068035,540.0,542.204640000002
2384.833212760688,973.1640239990196,543.0,542.204640000002
2384.833212760688,979.4140239990196,540.0,542.204640000002
2384.5061130341696,985.6554585912357,543.0,542.204640000002
2384.5061130341696,991.9054585912357,540.0,542.204640000002
2384.179013307651,998.1468931834519,543.0,545.148120000002
2383.5257104122284,1004.3626550295036,546.0,548.091600000002
2382.547995005727,1010.5357071582232,549.0,551.035080000002
2381.248546938116,1016.6491296628095,552.0,553.9785600000021
2379.630927906225,1022.6861660771162,555.0,556.9220400000021
2377.6995716913816,1028.6302693039609,558.0,559.8655200000021
2375.4597720067236,1034.4651469695684,561.0,562.8090000000021
2372.9176679875,1040.1748060798348,564.0,565.7524800000022
2370.080227364128,1045.7435968560121,567.0,568.6959600000022
2366.955227364128,1051.1562556296649,570.0,571.6394400000022
2363.551233395284,1056.3979466793237,573.0,574.5829200000022
2359.877575568456,1061.454302894167,576.0,574.5829200000022
2356.473581599612,1066.695993943826,573.0,574.5829200000022
2352.799923772784,1071.7523501586693,576.0,574.5829200000022
2349.39592980394,1076.994041208328,573.0,574.5829200000022
2345.722271977112,1082.0503974231715,576.0,574.5829200000022
2342.318278008268,1087.2920884728303,573.0,574.5829200000022
2338.64462018144,1092.3484446876737,576.0,574.5829200000022
2335.240626212596,1097.5901357373325,573.0,574.5829200000022
2331.566968385768,1102.646491952176,576.0,574.5829200000022
2327.6337159417067,1107.5036542112819,579.0,577.5264000000022
2323.4516496519636,1112.1483093705156,582.0,580.4698800000023
2319.032232269548,1116.5677267529315,585.0,583.4133600000023
2314.387577110314,1120.7497930426744,588.0,586.3568400000023
2309.5304148512078,1124.6830454867359,591.0,589.3003200000023
2304.474058636364,1128.356703313564,594.0,592.2438000000024
2299.232367586705,1131.7606972824078,597.0,595.1872800000024
2293.8197088130523,1134.8856972824078,600.0,598.1307600000024
2288.250918036875,1137.72313790578,603.0,601.0742400000024
2282.541258926609,1140.265241925004,606.0,604.0177200000024
2276.7063812610013,1142.5050416096622,609.0,606.9612000000025
2270.7622780341567,1144.4363978245055,612.0,609.9046800000025
2264.72524161985,1146.0540168563964,615.0,612.8481600000025
2258.6118191152636,1147.3534649240073,618.0,615.7916400000025
2252.438766986544,1148.3311803305087,621.0,618.7351200000026
2246.223005140492,1148.9844832259316,624.0,621.6786000000026
2239.981570548276,1149.31158295245,627.0,624.6220800000026
2233.731570548276,1149.31158295245,630.0,627.5655600000026
2227.49013595606,1148.9844832259316,633.0,630.5090400000026
2221.274374110008,1148.3311803305087,636.0,633.4525200000027
2215.1013219812885,1147.3534649240073,639.0,636.3960000000027
2208.9878994767023,1146.0540168563964,642.0,639.3394800000027
2202.9508630623955,1144.4363978245055,645.0,642.2829600000027
2196.8374405578093,1143.1369497568946,642.0,642.2829600000027
2190.8004041435024,1141.5193307250038,645.0,642.2829600000027
2184.686981638916,1140.2198826573929,642.0,642.2829600000027
2178.6499452246094,1138.602263625502,645.0,642.2829600000027
2172.536522720023,1137.302815557891,642.0,642.2829600000027
2166.4994863057163,1135.6851965260003,645.0,642.2829600000027
2160.38606380113,1134.3857484583893,642.0,642.2829600000027
2154.3490273868233,1132.7681294264985,645.0,642.2829600000027
2148.235604882237,1131.4686813588876,642.0,642.2829600000027
2142.1985684679303,1129.8510623269967,645.0,642.2829600000027
2136.085145963344,1128.5516142593858,642.0,642.2829600000027
2130.0481095490372,1126.933995227495,645.0,642.2829600000027
2123.934687044451,1125.634547159884,642.0,639.3394800000027
2117.7616349157315,1124.6568317533827,639.0,636.3960000000027
2111.5458730696796,1124.0035288579597,636.0,633.4525200000027
2105.3044384774635,1123.6764291314414,633.0,630.5090400000026
2099.0544384774635,1123.6764291314414,630.0,627.5655600000026
2092.8130038852473,1124.0035288579597,627.0,624.6220800000026
2086.5972420391954,1124.6568317533827,624.0,621.6786000000026
2080.424189910476,1125.634547159884,621.0,618.7351200000026
2074.3107674058897,1126.933995227495,618.0,615.7916400000025
2068.273730991583,1128.5516142593858,615.0,612.8481600000025
2062.3296277647382,1130.4829704742292,612.0,609.9046800000025
2056.4947500991307,1132.7227701588874,609.0,606.9612000000025
2050.7850909888643,1135.2648741781113,606.0,606.9612000000025
2044.9502133232568,1137.5046738627696,609.0,606.9612000000025
2039.2405542129904,1140.0467778819934,606.0,606.9612000000025
2033.4056765473829,1142.2865775666517,609.0,606.9612000000025
2027.6960174371166,1144.8286815858755,606.0,606.9612000000025
2021.861139771509,1147.0684812705338,609.0,606.9612000000025
2016.1514806612427,1149.6105852897576,606.0,606.9612000000025
2010.316602995635,1151.8503849744159,609.0,606.9612000000025
2004.6069438853688,1154.3924889936397,606.0,604.0177200000024
1999.0381531091914,1157.229929617012,603.0,601.0742400000024
1993.6254943355386,1160.354929617012,600.0,598.1307600000024
1988.3838032858798,1163.7589235858559,597.0,595.1872800000024
1983.3274470710364,1167.432581412684,594.0,592.2438000000024
1978.4702848119305,1171.3658338567454,591.0,589.3003200000023
1973.8256296526968,1175.5479001464882,588.0,586.3568400000023
1969.4062122702808,1179.9673175289042,585.0,583.4133600000023
1965.224145980538,1184.611972688138,582.0,580.4698800000023
1961.2908935364765,1189.469134947244,579.0,580.4698800000023
1957.1088272467337,1194.1137901064776,582.0,580.4698800000023
1953.1755748026721,1198.9709523655836,579.0,580.4698800000023
1948.9935085129293,1203.6156075248173,582.0,580.4698800000023
1945.0602560688678,1208.4727697839232,579.0,580.4698800000023
1940.878189779125,1213.117424943157,582.0,580.4698800000023
1936.9449373350635,1217.974587202263,579.0,580.4698800000023
1932.7628710453207,1222.6192423614966,582.0,580.4698800000023
1928.8296186012592,1227.4764046206026,579.0,580.4698800000023
1924.6475523115164,1232.1210597798363,582.0,583.4133600000023
1920.2281349291004,1236.5404771622523,585.0,586.3568400000023
1915.5834797698667,1240.722543451995,588.0,589.3003200000023
1910.7263175107607,1244.6557958960566,591.0,592.2438000000024
1905.6699612959173,1248.3294537228846,594.0,595.1872800000024
1900.4282702462585,1251.7334476917285,597.0,598.1307600000024
1895.0156114726058,1254.8584476917285,600.0,601.0742400000024
1889.4468206964284,1257.6958883151008,603.0,604.0177200000024
1883.737161586162,1260.2379923343246,606.0,606.9612000000025
1877.9022839205545,1262.4777920189829,609.0,609.9046800000025
1871.95818069371,1264.4091482338263,612.0,612.8481600000025
1865.9211442794033,1266.0267672657171,615.0,615.7916400000025
1859.807721774817,1267.326215333328,618.0,618.7351200000026
1853.6346696460976,1268.3039307398294,621.0,618.7351200000026
1847.5212471415114,1269.6033788074403,618.0,618.7351200000026
1841.3481950127918,1270.5810942139417,621.0,618.7351200000026
1835.2347725082057,1271.8805422815526,618.0,618.7351200000026
1829.0617203794861,1272.858257688054,621.0,618.7351200000026
1822.9482978749,1274.157705755665,618.0,618.7351200000026
1816.7752457461804,1275.1354211621663,621.0,618.7351200000026
1810.6618232415942,1276.4348692297772,618.0,618.7351200000026
1804.4887711128747,1277.4125846362786,621.0,618.7351200000026
1798.273009266823,1278.0658875317015,624.0,621.6786000000026
1792.0315746746069,1278.3929872582198,627.0,624.6220800000026
1785.7815746746069,1278.3929872582198,630.0,627.5655600000026
1779.5401400823907,1278.0658875317015,633.0,630.5090400000026
1773.324378236339,1277.4125846362786,636.0,633.4525200000027
1767.1513261076195,1276.4348692297772,639.0,636.3960000000027
1761.0379036030333,1275.1354211621663,642.0,639.3394800000027
1755.0008671887267,1273.5178021302754,645.0,642.2829600000027
1748.8874446841405,1272.2183540626645,642.0,642.2829600000027
1742.850408269834,1270.6007350307736,645.0,642.2829600000027
1736.7369857652477,1269.3012869631627,642.0,642.2829600000027
1730.699949350941,1267.6836679312719,645.0,642.2829600000027
1724.586526846355,1266.384219863661,642.0,642.2829600000027
1718.5494904320483,1264.7666008317701,645.0,642.2829600000027
1712.436067927462,1263.4671527641592,642.0,642.2829600000027
1706.3990315131555,1261.8495337322684,645.0,642.2829600000027
1700.2856090085693,1260.5500856646574,642.0,642.2829600000027
1694.2485725942627,1258.9324666327666,645.0,642.2829600000027
1688.304469367418,1257.0011104179232,648.0,645.2264400000028
1682.4695917018105,1254.761310733265,651.0,648.1699200000028
1676.7599325915442,1252.2192067140413,654.0,651.1134000000028
1671.1911418153668,1249.381766090669,657.0,654.0568800000028
1665.778483041714,1246.256766090669,660.0,657.0003600000028
1660.2096922655367,1243.4193254672969,657.0,659.9438400000029
1654.797033491884,1240.2943254672969,660.0,659.9438400000029
1649.2282427157065,1237.4568848439246,657.0,659.9438400000029
1643.8155839420538,1234.3318848439246,660.0,659.9438400000029
1638.2467931658764,1231.4944442205524,657.0,659.9438400000029
1632.8341343922236,1228.3694442205524,660.0,659.9438400000029
1627.2653436160463,1225.5320035971802,657.0,657.0003600000028
1621.55568450578,1222.9898995779565,654.0,654.0568800000028
1615.7208068401724,1220.7500998932983,651.0,651.1134000000028
1609.7767036133278,1218.818743678455,648.0,648.1699200000028
1603.7396671990211,1217.201124646564,645.0,645.2264400000028
1597.626244694435,1215.9016765789531,642.0,642.2829600000027
1591.5892082801283,1214.2840575470623,645.0,642.2829600000027
1585.4757857755421,1212.9846094794514,642.0,642.2829600000027
1579.4387493612355,1211.3669904475605,645.0,642.2829600000027
1573.3253268566493,1210.0675423799496,642.0,642.2829600000027
1567.2882904423427,1208.4499233480587,645.0,642.2829600000027
1561.1748679377565,1207.1504752804478,642.0,642.2829600000027
1555.13783152345,1205.532856248557,645.0,642.2829600000027
1549.0244090188637,1204.233408180946,642.0,642.2829600000027
1542.987372604557,1202.6157891490552,645.0,642.2829600000027
1536.873950099971,1201.3163410814443,642.0,642.2829600000027
1530.8369136856643,1199.6987220495535,645.0,642.2829600000027
1524.723491181078,1198.3992739819425,642.0,642.2829600000027
1518.6864547667715,1196.7816549500517,645.0,642.2829600000027
1512.5730322621853,1195.4822068824408,642.0,642.2829600000027
1506.5359958478787,1193.86458785055,645.0,642.2829600000027
1500.4225733432925,1192.565139782939,642.0,642.2829600000027
1494.3855369289859,1190.9475207510482,645.0,642.2829600000027
1488.2721144243997,1189.6480726834372,642.0,642.2829600000027
1482.0990622956801,1188.6703572769359,639.0,639.3394800000027
1475.8833004496285,1188.017054381513,636.0,636.3960000000027
1469.6418658574123,1187.6899546549946,633.0,633.4525200000027
1463.3918658574123,1187.6899546549946,630.0,630.5090400000026
1457.1504312651962,1188.017054381513,627.0,627.5655600000026
1450.9346694191445,1188.6703572769359,624.0,624.6220800000026
1444.761617290425,1189.6480726834372,621.0,621.6786000000026
1438.6481947858388,1190.9475207510482,618.0,618.7351200000026
1432.6111583715322,1192.565139782939,615.0,615.7916400000025
1426.6670551446875,1194.4964959977824,612.0,612.8481600000025
1420.83217747908,1196.7362956824406,609.0,609.9046800000025
1415.1225183688136,1199.2783997016645,606.0,606.9612000000025
1409.5537275926363,1202.1158403250367,603.0,604.0177200000024
1404.1410688189835,1205.2408403250367,600.0,601.0742400000024
1398.8993777693247,1208.6448342938806,597.0,598.1307600000024
1393.8430215544813,1212.3184921207087,594.0,595.1872800000024
1388.6013305048225,1215.7224860895526,597.0,595.1872800000024
1383.544974289979,1219.3961439163807,594.0,595.1872800000024
1378.3032832403203,1222.8001378852246,597.0,595.1872800000024
1373.246927025477,1226.4737957120526,594.0,595.1872800000024
1368.005235975818,1229.8777896808965,597.0,595.1872800000024
1362.9488797609747,1233.5514475077246,594.0,595.1872800000024
1357.707188711316,1236.9554414765685,597.0,595.1872800000024
1352.6508324964725,1240.6290993033965,594.0,595.1872800000024
1347.4091414468137,1244.0330932722404,597.0,595.1872800000024
1342.3527852319703,1247.7067510990685,594.0,595.1872800000024
1337.1110941823115,1251.1107450679124,597.0,595.1872800000024
1331.6984354086587,1254.2357450679124,600.0,598.1307600000024
1326.1296446324814,1257.0731856912846,603.0,601.0742400000024
1320.419985522215,1259.6152897105085,606.0,604.0177200000024
1314.5851078566075,1261.8550893951667,609.0,606.9612000000025
1308.6410046297628,1263.78644561001,612.0,609.9046800000025
1302.6039682154562,1265.404064641901,615.0,612.8481600000025
1296.49054571087,1266.7035127095119,618.0,615.7916400000025
1290.3174935821505,1267.6812281160132,621.0,618.7351200000026
1284.1017317360988,1268.3345310114362,624.0,621.6786000000026
1277.8602971438827,1268.6616307379545,627.0,624.6220800000026
1271.6102971438827,1268.6616307379545,630.0,627.5655600000026
1265.3688625516666,1268.3345310114362,633.0,630.5090400000026
1259.1531007056149,1267.6812281160132,636.0,633.4525200000027
1252.9800485768953,1266.7035127095119,639.0,636.3960000000027
1246.8666260723091,1265.404064641901,642.0,639.3394800000027
1240.8295896580025,1263.78644561001,645.0,642.2829600000027
1234.885486431158,1261.8550893951667,648.0,645.2264400000028
1229.0506087655504,1259.6152897105085,651.0,648.1699200000028
1223.340949655284,1257.0731856912848,654.0,651.1134000000028
1217.7721588791067,1254.2357450679126,657.0,654.0568800000028
1212.359500105454,1251.1107450679126,660.0,657.0003600000028
1206.7907093292765,1248.2733044445404,657.0,659.9438400000029
1201.3780505556238,1245.1483044445404,660.0,662.8873200000029
1196.136359505965,1241.7443104756965,663.0,665.8308000000029
1191.0800032911216,1238.0706526488684,666.0,668.7742800000029
1186.2228410320156,1234.137400204807,669.0,671.717760000003
1181.578185872782,1229.955333915064,672.0,671.717760000003
1176.721023613676,1226.0220814710026,669.0,671.717760000003
1172.0763684544422,1221.8400151812598,672.0,671.717760000003
1167.2192061953363,1217.9067627371983,669.0,671.717760000003
1162.5745510361025,1213.7246964474555,672.0,674.661240000003
1158.1551336536866,1209.3052790650395,675.0,677.604720000003
1153.9730673639438,1204.6606239058058,678.0,680.548200000003
1150.0398149198822,1199.8034616466998,681.0,683.491680000003
1146.3661570930542,1194.7471054318564,684.0,686.4351600000031
1142.9621631242103,1189.5054143821976,687.0,689.3786400000031
1139.8371631242103,1184.0927556085448,690.0,692.3221200000031
1136.999722500838,1178.5239648323675,693.0,695.2656000000031
1134.4576184816142,1172.8143057221012,696.0,698.2090800000032
1132.217818796956,1166.9794280564936,699.0,701.1525600000032
1130.2864625821126,1161.035324829649,702.0,704.0960400000032
1128.6688435502217,1154.9982884153424,705.0,707.0395200000032
1127.3693954826108,1148.8848659107562,708.0,709.9830000000032
1126.3916800761094,1142.7118137820366,711.0,712.9264800000033
1125.7383771806865,1136.496051935985,714.0,715.8699600000033
1125.4112774541682,1130.2546173437688,717.0,718.8134400000033
1125.4112774541682,1124.0046173437688,720.0,721.7569200000033
1125.7383771806865,1117.7631827515527,723.0,724.7004000000034
1126.3916800761094,1111.547420905501,726.0,727.6438800000034
1127.3693954826108,1105.3743687767815,729.0,730.5873600000034
1128.6688435502217,1099.2609462721953,732.0,733.5308400000034
1130.2864625821126,1093.2239098578887,735.0,733.5308400000034
1131.5859106497235,1087.1104873533025,732.0,733.5308400000034
1133.2035296816143,1081.0734509389958,735.0,733.5308400000034
1134.5029777492252,1074.9600284344097,732.0,733.5308400000034
1136.120596781116,1068.922992020103,735.0,733.5308400000034
1137.420044848727,1062.8095695155168,732.0,733.5308400000034
1139.0376638806179,1056.7725331012102,735.0,733.5308400000034
1140.3371119482288,1050.659110596624,732.0,733.5308400000034
1141.9547309801196,1044.6220741823174,735.0,733.5308400000034
1143.2541790477305,1038.5086516777312,732.0,733.5308400000034
1144.8717980796214,1032.4716152634246,735.0,733.5308400000034
1146.1712461472323,1026.3581927588384,732.0,733.5308400000034
1147.7888651791231,1020.3211563445317,735.0,733.5308400000034
1149.088313246734,1014.2077338399454,732.0,733.5308400000034
1150.705932278625,1008.1706974256387,735.0,733.5308400000034
1152.0053803462358,1002.0572749210523,732.0,733.5308400000034
1153.6229993781267,996.0202385067456,735.0,733.5308400000034
1155.55435559297,990.0761352799009,738.0,736.4743200000034
1157.7941552776283,984.2412576142933,741.0,739.4178000000035
1160.336259296852,978.5315985040271,744.0,742.3612800000035
1163.1736999202242,972.9628077278498,747.0,745.3047600000035
1166.2986999202242,967.5501489541971,750.0,748.2482400000035
1169.702693889068,962.3084579045382,753.0,751.1917200000036
1173.3763517158961,957.2521016896948,756.0,754.1352000000036
1177.3096041599576,952.3949394305887,759.0,757.0786800000036
1181.4916704497005,947.750284271355,762.0,760.0221600000036
1185.9110878321164,943.3308668889391,765.0,762.9656400000036
1190.5557429913501,939.1488005991963,768.0,765.9091200000037
1195.412905250456,935.2155481551348,771.0,768.8526000000037
1200.4692614652995,931.5418903283069,774.0,771.7960800000037
1205.7109525149583,928.137896359463,777.0,774.7395600000037
1211.123611288611,925.012896359463,780.0,777.6830400000038
1216.6924020647884,922.1754557360908,783.0,780.6265200000038
1222.4020611750548,919.6333517168671,786.0,783.5700000000038
1228.2369388406623,917.393552032209,789.0,786.5134800000038
1234.181042067507,915.4621958173656,792.0,789.4569600000038
1240.0200636874245,913.8976346897208,795.0,792.4004400000039
1245.7324456757099,912.6834304153451,798.0,795.2504400000039
1251.2980694749635,911.8019222048434,801.0,798.0069600000039
1256.6094109469482,910.672961723703,798.0,800.6700000000039
1261.7700825265579,909.8555916438678,801.0,803.239560000004
1266.7625824413067,909.3308587582642,804.0,805.715640000004
1271.5709836511498,909.0788611289544,807.0,808.098240000004
1276.1809836511497,909.0788611289544,810.0,810.387360000004
1280.5799467517436,909.3094010162046,813.0,812.5830000000041
1285.1646926893914,909.7912772318684,816.0,814.6851600000041
1289.9204120493569,910.5445091810371,819.0,816.8808000000041
1294.8307130050405,911.5882258689423,822.0,819.1699200000041
1299.9913845846502,912.4055959487775,819.0,821.5525200000042
1305.3027260566348,913.534556429918,822.0,824.0286000000042
1310.7457180877736,914.9930017490707,825.0,824.0286000000042
1316.458100076059,916.2072060234464,822.0,824.0286000000042
1322.2971216959766,917.7717671510911,825.0,824.0286000000042
1328.4105442005628,919.0712152187022,822.0,824.0286000000042
1334.4475806148694,920.6888342505929,825.0,824.0286000000042
1340.5610031194556,921.9882823182039,822.0,824.0286000000042
1346.5980395337622,923.6059013500947,825.0,824.0286000000042
1352.7114620383484,924.9053494177057,822.0,824.0286000000042
1358.748498452655,926.5229684495964,825.0,824.0286000000042
1364.8619209572412,927.8224165172074,822.0,824.0286000000042
1371.0349730859607,928.8001319237089,819.0,821.0851200000042
1377.2507349320124,929.4534348191318,816.0,818.1416400000041
1383.4921695242285,929.7805345456502,813.0,815.1981600000041
1389.7421695242285,929.7805345456502,810.0,812.2546800000041
1395.9836041164447,929.4534348191318,807.0,809.3112000000041
1402.1993659624964,928.8001319237089,804.0,806.367720000004
1408.3724180912159,927.8224165172074,801.0,803.424240000004
1414.485840595802,926.5229684495964,798.0,800.480760000004
1420.5228770101087,924.9053494177057,795.0,797.537280000004
1426.4669802369533,922.9739932028623,792.0,794.593800000004
1432.110473915129,920.807658947861,789.0,791.650320000004
1437.4455793877619,918.4323169522984,786.0,788.8003200000039
1442.7063050910735,916.4129135566106,789.0,786.0438000000039
1447.6668569260728,914.204333584709,786.0,783.3807600000039
1452.322366014957,911.8322332235699,783.0,780.8112000000039
1456.669813541955,909.3222332235699,780.0,778.3351200000038
1460.708012326612,906.6997962699726,777.0,775.9525200000038
1464.4375806706805,903.9901062569043,774.0,773.6634000000038
1467.8609086308984,901.2179499343297,771.0,771.4677600000038
1470.9821168979036,898.4076013876224,768.0,769.3656000000037
1474.0969222690303,895.2927960164957,765.0,767.3569200000037
1477.522819914481,892.2081039211813,768.0,765.2547600000037
1480.9275390658943,888.8033847697681,765.0,763.0591200000036
1484.2865747098158,885.0727977458715,762.0,760.7700000000036
1487.5747737530512,881.0122100972588,759.0,758.3874000000036
1490.7664476729992,876.6192478178028,756.0,755.9113200000036
1493.8354886353088,871.8933391674303,753.0,755.9113200000036
1497.2681545086969,867.1686799202806,756.0,755.9113200000036
1500.5604974753626,862.0989163370506,753.0,755.9113200000036
1504.2341553021906,857.0425601222072,756.0,755.9113200000036
