1835.780301502354,1263.9884860896266,273.0,270
1835.340301502354,1263.9884860896266,270.0,270
1834.681206009416,1263.9539443585063,273.0,270
1833.8012060094159,1263.9539443585063,270.0,270
1832.7027135211858,1263.896374806639,273.0,270
1831.382713521186,1263.896374806639,270.0,270
1829.8448240376638,1263.8157774340248,273.0,270
1828.0848240376638,1263.8157774340248,270.0,270
1826.1075375588498,1263.7121522406637,273.0,270
1823.9075375588498,1263.7121522406637,270.0,270
1821.4908540847437,1263.5854992265558,273.0,270
1818.8508540847436,1263.5854992265558,270.0,270
1815.9947736153454,1263.435818391701,273.0,270
1812.9147736153454,1263.435818391701,270.0,270
1809.6192961506554,1263.2631097360993,273.0,270
1806.0992961506554,1263.2631097360993,270.0,270
1802.3644216906732,1263.0673732597506,273.0,270
1798.4044216906732,1263.0673732597506,270.0,270
1794.2301502353992,1262.8486089626551,273.0,270
1789.830150235399,1262.8486089626551,270.0,270
1785.216481784833,1262.6068168448128,273.0,270
1780.376481784833,1262.6068168448128,270.0,270
1775.3234163389748,1262.3419969062236,273.0,270
1770.0434163389748,1262.3419969062236,270.0,272.1203149606299
1764.5509538978247,1262.0541491468873,273.0,274.32897637795276
1758.8622886563182,1261.4562463369964,276.0,276.62598425196853
1752.995419913183,1260.5270256146575,279.0,279.0113385826772
1746.9700306926627,1259.24628959922,282.0,281.48503937007877
1740.836401695727,1257.602788662819,285.0,284.0470866141733
1734.6251644310673,1256.2825494261263,282.0,284.0470866141733
1728.4915354341317,1254.6390484897252,285.0,284.0470866141733
1722.280298169472,1253.3188092530324,282.0,284.0470866141733
1716.1466691725363,1251.6753083166313,285.0,284.0470866141733
1709.9354319078766,1250.3550690799386,282.0,284.0470866141733
1703.801802910941,1248.7115681435375,285.0,284.0470866141733
1697.5905656462812,1247.3913289068448,282.0,284.0470866141733
1691.4569366493456,1245.7478279704437,285.0,284.0470866141733
1685.2456993846858,1244.427588733751,282.0,284.0470866141733
1679.1120703877502,1242.78408779735,285.0,284.0470866141733
1672.9008331230905,1241.4638485606572,282.0,284.0470866141733
1666.7672041261549,1239.820347624256,285.0,284.0470866141733
1660.555966861495,1238.5001083875634,282.0,284.0470866141733
1654.4223378645595,1236.8566074511623,285.0,284.0470866141733
1648.2111005998997,1235.5363682144696,282.0,284.0470866141733
1642.0774716029641,1233.8928672780685,285.0,284.0470866141733
1635.8662343383044,1232.5726280413758,282.0,284.0470866141733
1629.7326053413688,1230.9291271049747,285.0,284.0470866141733
1623.6933964628945,1228.9668691906938,288.0,286.68543307086617
1617.7651607546372,1226.6912327110813,291.0,289.32377952755905
1611.9641470986066,1224.10845502755,294.0,291.96212598425194
1606.3062556700106,1221.225615354204,297.0,294.6004724409448
1600.8069943559794,1218.050615354204,300.0,297.2388188976377
1595.1491029273834,1215.1677756808579,297.0,299.8771653543306
1589.6498416133522,1211.992775680858,300.0,302.5155118110235
1584.3242835068988,1208.5343178085125,303.0,305.1538582677164
1579.1870255926178,1204.8018814564552,306.0,305.1538582677164
1573.8614674861644,1201.3434235841098,303.0,305.1538582677164
1568.7242095718834,1197.6109872320526,306.0,305.1538582677164
1563.39865146543,1194.1525293597072,303.0,305.1538582677164
1558.261393551149,1190.42009300765,306.0,305.1538582677164
1552.9358354446956,1186.9616351353045,303.0,305.1538582677164
1547.7985775304146,1183.2291987832473,306.0,305.1538582677164
1542.4730194239612,1179.7707409109018,303.0,305.1538582677164
1537.3357615096802,1176.0383045588446,306.0,305.1538582677164
1532.0102034032268,1172.5798466864992,303.0,305.1538582677164
1526.8729454889458,1168.847410334442,306.0,305.1538582677164
1521.5473873824924,1165.3889524620965,303.0,305.1538582677164
1516.4101294682114,1161.6565161100393,306.0,305.1538582677164
1511.084571361758,1158.1980582376939,303.0,305.1538582677164
1505.947313447477,1154.4656218856367,306.0,305.1538582677164
1500.6217553410236,1151.0071640132912,303.0,305.1538582677164
1495.4844974267426,1147.274727661234,306.0,307.79220472440926
1490.5496205714908,1143.2785431780676,309.0,310.43055118110215
1485.8306509297092,1139.029563827689,312.0,313.06889763779503
1481.3405228691747,1134.5394357671544,315.0,315.7072440944879
1477.091543518796,1129.8204661253728,318.0,318.3455905511808
1473.0953590356296,1124.885589270121,321.0,320.9839370078737
1469.3629226835724,1119.74833135584,324.0,323.6222834645666
1465.904464811227,1114.4227732493866,327.0,326.26062992125946
1462.839464811227,1109.114037524188,330.0,328.89897637795235
1460.1563809577663,1103.8481889662348,333.0,331.44897637795236
1457.8420494586649,1098.6501153122483,336.0,333.91062992125944
1455.881776774652,1093.5434303793086,339.0,336.2839370078736
1453.746409398504,1088.7473167266849,336.0,338.56889763779486
1451.9438186122911,1084.0514071814039,339.0,340.7655118110232
1450.4574468693477,1079.4768253380241,342.0,342.8737795275586
1449.269467452327,1075.0432257953573,345.0,344.89370078740114
1448.3608933634534,1070.7687207801505,348.0,346.82527559055075
1447.7116903335366,1066.6698141666807,351.0,348.6685039370074
1446.8945973886227,1062.8256940957967,348.0,350.4233858267712
1446.3142255233236,1059.1613703521887,351.0,352.0899212598421
1445.9494211865194,1055.6904889373534,354.0,353.66811023622
1445.778282609605,1052.4249703587059,357.0,355.15795275590506
1445.44640473873,1049.2673633409115,354.0,356.5594488188972
1445.2802380776586,1046.0967145680656,357.0,357.9227952755901
1445.2802380776586,1042.7017145680657,360.0,359.286141732283
1445.469432559477,1039.091668799928,363.0,360.73783464566884
1445.469432559477,1035.2566687999279,360.0,362.27787401574756
1445.681654862042,1031.207226036498,363.0,363.9062598425192
1446.1285140425111,1026.9556449337986,366.0,365.6229921259838
1446.831686962867,1022.5159858428234,369.0,367.42807086614124
1447.8119905850729,1017.9040199053635,372.0,369.3214960629916
1448.5839946700464,1013.0297779445265,369.0,371.30326771653495
1449.655779436212,1007.9874270627437,372.0,373.37338582677114
1451.046931803638,1002.7955757464399,375.0,375.53185039370027
1452.775881887166,997.4744145377686,378.0,377.7786614173223
1454.8597915137718,992.0456443576874,381.0,380.11381889763726
1456.7247090748247,986.3060182818461,378.0,380.11381889763726
1458.9663005992304,980.4664727141062,381.0,380.11381889763726
1460.9285585135112,974.427263835632,378.0,380.11381889763726
1463.2041949931238,968.4990281273747,381.0,380.11381889763726
1465.1664529074046,962.4598192489004,378.0,380.11381889763726
1467.4420893870172,956.5315835406432,381.0,380.11381889763726
1469.404347301298,950.4923746621689,378.0,380.11381889763726
1471.6799837809106,944.5641389539117,381.0,380.11381889763726
1474.2627614644418,938.7631252978812,384.0,382.75216535433015
1477.145601137788,933.105233869285,387.0,385.39051181102303
1480.320601137788,927.6059725552539,390.0,388.0288582677159
1483.7790590101333,922.2804144488005,393.0,390.6672047244088
1487.5114953621905,917.1431565345196,396.0,393.3055511811017
1490.969953234536,911.8175984280662,393.0,395.9438976377946
1494.7023895865932,906.6803405137853,396.0,398.58224409448746
1498.6985740697596,901.7454636585335,399.0,401.22059055118035
1502.9475534201383,897.026494016752,402.0,401.22059055118035
1506.9437379033047,892.0916171615003,399.0,401.22059055118035
1511.1927172536834,887.3726475197188,402.0,401.22059055118035
1515.1889017368499,882.437770664467,399.0,401.22059055118035
1519.4378810872286,877.7188010226856,402.0,401.22059055118035
1523.434065570395,872.7839241674338,399.0,401.22059055118035
1527.6830449207737,868.0649545256524,402.0,403.85893700787324
1532.1731729813082,863.5748264651178,405.0,406.4972834645661
1536.8921426230897,859.3258471147391,408.0,409.135629921259
1541.8270194783415,855.3296626315727,411.0,411.7739763779519
1546.9642773926225,851.5972262795154,414.0,414.4123228346448
1552.289835499076,848.13876840717,417.0,417.05066929133767
1557.789096813107,844.96376840717,420.0,419.68901574803056
1563.4469882417031,842.080928733824,423.0,422.32736220472344
1569.2480018977337,839.4981510502927,426.0,424.96570866141633
1575.176237605991,837.22251457068,429.0,427.6040551181092
1581.2154464844652,835.2602566563991,432.0,430.2424015748021
1587.3490754814009,833.6167557199981,435.0,432.880748031495
1593.5603127460606,832.2965164833054,438.0,435.5190944881879
1599.8321337088398,831.3031576302999,441.0,438.15744094488076
1606.0433709734996,829.9829183936072,438.0,440.79578740157365
1612.3151919362788,828.9895595406017,441.0,443.43413385826653
1618.6304059718673,828.3258037988521,444.0,446.0724803149594
1624.9717035175588,827.9934704767094,447.0,448.7108267716523
1631.3217035175587,827.9934704767094,450.0,451.3491732283452
1637.6630010632502,828.3258037988521,453.0,453.9875196850381
1643.9782150988387,828.9895595406017,456.0,456.62586614173097
1650.250036061618,829.9829183936072,459.0,459.26421259842385
1656.4612733262777,831.3031576302999,462.0,461.90255905511674
1662.5949023232133,832.9466585667009,465.0,464.5409055118096
1668.6341112016876,834.9089164809818,468.0,467.1792519685025
1674.5623469099448,837.1845529605945,471.0,469.8175984251954
1680.3633605659754,839.7673306441258,474.0,472.4559448818883
1686.0212519945715,842.6501703174719,477.0,475.0942913385812
1691.5205133086026,845.8251703174718,480.0,477.73263779527406
1696.846071415056,849.2836281898173,483.0,480.37098425196695
1701.983329329337,853.0160645418745,486.0,483.00933070865983
1707.3088874357904,856.4745224142199,483.0,483.00933070865983
1712.4461453500714,860.2069587662771,486.0,483.00933070865983
1717.7717034565248,863.6654166386226,483.0,483.00933070865983
1722.9089613708059,867.3978529906798,486.0,483.00933070865983
1728.2345194772593,870.8563108630252,483.0,483.00933070865983
1733.3717773915403,874.5887472150824,486.0,483.00933070865983
1738.6973354979937,878.0472050874279,483.0,483.00933070865983
1743.8345934122747,881.7796414394851,486.0,483.00933070865983
1749.160151518728,885.2380993118305,483.0,483.00933070865983
1754.297409433009,888.9705356638877,486.0,483.00933070865983
1759.6229675394625,892.4289935362332,483.0,483.00933070865983
1764.7602254537435,896.1614298882904,486.0,483.00933070865983
1770.085783560197,899.6198877606358,483.0,480.37098425196695
1775.585044874228,902.7948877606358,480.0,477.73263779527406
1781.242936302824,905.6777274339819,477.0,475.0942913385812
1787.0439499588547,908.2605051175132,474.0,472.4559448818883
1792.972185667112,910.5361415971258,471.0,469.8175984251954
1799.0113945455862,912.4983995114068,468.0,467.1792519685025
1805.1450235425218,914.1419004478078,465.0,464.5409055118096
1811.3562608071816,915.4621396845005,462.0,461.90255905511674
1817.6280817699608,916.455498537506,459.0,459.26421259842385
1823.9432958055493,917.1192542792555,456.0,456.62586614173097
1830.2845933512408,917.4515876013983,453.0,453.9875196850381
1836.6345933512407,917.4515876013983,450.0,451.3491732283452
1842.9758908969322,917.1192542792555,447.0,448.7108267716523
1849.2911049325207,916.455498537506,444.0,446.0724803149594
1855.5629258953,915.4621396845005,441.0,443.43413385826653
1861.7741631599597,914.1419004478078,438.0,440.79578740157365
1868.045984122739,913.1485415948023,441.0,438.15744094488076
1874.2572213873987,911.8283023581096,438.0,435.5190944881879
1880.3908503843343,910.1848014217086,435.0,432.880748031495
1886.4300592628085,908.2225435074276,432.0,430.2424015748021
1892.3582949710658,905.946907027815,429.0,427.6040551181092
1898.1593086270964,903.3641293442837,426.0,424.96570866141633
1903.8172000556924,900.4812896709376,423.0,422.32736220472344
1909.3164613697236,897.3062896709376,420.0,419.68901574803056
1914.642019476177,893.8478317985922,417.0,417.05066929133767
1919.779277390458,890.115395446535,414.0,414.4123228346448
1924.7141542457098,886.1192109633686,411.0,411.7739763779519
1929.4331238874913,881.8702316129899,408.0,409.135629921259
1933.9232519480258,877.3801035524552,405.0,406.4972834645661
1938.1722312984045,872.6611339106738,402.0,403.85893700787324
1942.168415781571,867.726257055422,399.0,401.22059055118035
1945.9008521336282,862.5889991411411,396.0,398.58224409448746
1949.8970366167946,857.6541222858893,399.0,398.58224409448746
1953.6294729688518,852.5168643716084,396.0,398.58224409448746
1957.6256574520182,847.5819875163567,399.0,398.58224409448746
1961.3580938040755,842.4447296020758,396.0,398.58224409448746
1965.3542782872419,837.509852746824,399.0,398.58224409448746
1969.086714639299,832.3725948325431,396.0,398.58224409448746
1973.0828991224655,827.4377179772913,399.0,398.58224409448746
1976.8153354745227,822.3004600630104,396.0,398.58224409448746
1980.8115199576891,817.3655832077586,399.0,398.58224409448746
1984.5439563097464,812.2283252934777,396.0,398.58224409448746
1988.5401407929128,807.2934484382259,399.0,398.58224409448746
1992.27257714497,802.156190523945,396.0,398.58224409448746
1996.2687616281364,797.2213136686933,399.0,401.22059055118035
2000.5177409785151,792.5023440269118,402.0,403.85893700787324
2005.0078690390496,788.0122159663772,405.0,406.4972834645661
2009.7268386808312,783.7632366159985,408.0,409.135629921259
2014.661715536083,779.7670521328321,411.0,411.7739763779519
2019.798973450364,776.0346157807749,414.0,414.4123228346448
2025.1245315568174,772.5761579084294,417.0,417.05066929133767
2030.6237928708485,769.4011579084295,420.0,419.68901574803056
2036.2816842994446,766.5183182350834,423.0,422.32736220472344
2041.7809456134758,763.3433182350834,420.0,422.32736220472344
2047.4388370420718,760.4604785617373,423.0,422.32736220472344
2052.938098356103,757.2854785617374,420.0,422.32736220472344
2058.595989784699,754.4026388883913,423.0,422.32736220472344
2064.0952510987304,751.2276388883913,420.0,422.32736220472344
2069.7531425273264,748.3447992150452,423.0,422.32736220472344
2075.2524038413576,745.1697992150453,420.0,422.32736220472344
2080.9102952699536,742.2869595416992,423.0,422.32736220472344
2086.409556583985,739.1119595416992,420.0,422.32736220472344
2092.067448012581,736.2291198683531,423.0,422.32736220472344
2097.566709326612,733.0541198683532,420.0,422.32736220472344
2103.224600755208,730.1712801950071,423.0,422.32736220472344
2109.0256144112386,727.5885025114758,426.0,424.96570866141633
2114.9538501194957,725.3128660318631,429.0,427.6040551181092
2120.99305899797,723.3506081175822,432.0,430.2424015748021
2127.081564314383,721.5471106787122,433.5,432.880748031495
2133.215193311318,719.9036097423112,435.0,435.5190944881879
2139.3897423058434,718.4212316818263,436.5,438.15744094488076
2145.600979570503,717.1009924451336,438.0,440.79578740157365
2151.8446482335344,715.9437968582585,439.5,443.43413385826653
2158.1164691963136,714.950438005253,441.0,446.0724803149594
2164.4121440660374,714.1215966846556,442.5,448.7108267716523
2170.727358101626,713.457840942906,444.0,451.3491732283452
2177.0577831708315,712.9596256850342,445.5,453.9875196850381
2183.3990807165233,712.6272923628915,447.0,456.62586614173097
2189.746904730118,712.4610687411365,448.5,459.26421259842385
2196.096904730118,712.4610687411365,450.0,461.90255905511674
2202.4447287437124,712.6272923628915,451.5,464.5409055118096
2208.786026289404,712.9596256850342,453.0,467.1792519685025
2215.3357731720307,713.4751019439661,454.5,469.8175984251954
2222.0885768415815,714.1848502095535,456.0,472.5442913385812
2229.0138191982774,715.0965756622105,457.5,475.35933070865997
2235.9128222573345,716.1892704005165,459.0,478.2526771653529
2242.7808577866685,717.4621855460792,460.5,481.14602362204585
2249.6132187777944,718.9144487064412,462.0,484.0393700787388
2256.405222671772,720.5450645729748,463.5,486.9327165354317
2263.1025785198267,722.5289117557317,466.5,489.82606299212466
2269.6869293351056,724.8605526674795,469.5,492.7194094488176
2276.140227869697,727.5335964425497,472.5,495.61275590551054
2282.4447860808805,730.5407164537556,475.5,498.5061023622035
2288.583323612824,733.873670394169,478.5,501.3994488188964
2294.5390151608376,737.5233228687099,481.5,504.29279527558936
2300.295536588362,741.4796704336298,484.5,507.1861417322823
2305.8371096702963,745.7318690152557,487.5,510.07948818897523
2311.1485453400123,750.268263632842,490.5,512.9728346456682
2316.215285321533,755.0764203440629,493.5,515.8661811023611
2321.023442032754,760.1431603255837,496.5,518.759527559054
2325.55983665034,765.4545959952999,499.5,521.652874015747
2329.812035231966,770.9961690772342,502.5,524.5462204724399
2333.7683827968863,776.752690504759,505.5,527.4395669291329
2337.418035271427,782.7083820527723,508.5,530.3329133858258
2340.7509892118405,788.8469195847161,511.5,533.2262598425187
2343.7581092230466,795.1514777959,514.5,536.1196062992117
2346.431152998117,801.6047763304913,517.5,536.1196062992117
2348.7627939098647,808.1891271457702,520.5,536.1196062992117
2350.7466410926218,814.8864829938245,523.5,536.1196062992117
2352.377256959155,821.6784868878023,526.5,536.1196062992117
2353.5344525460305,827.9221555508334,529.5,536.1196062992117
2354.363293866628,834.2178304205571,532.5,536.1196062992117
2354.8615091244997,840.5482554897625,535.5,536.1196062992117
2355.0277327462545,846.8960795033572,538.5,536.1196062992117
2355.5259480041263,853.2265045725626,535.5,536.1196062992117
2355.692171625881,859.5743285861574,538.5,536.1196062992117
2356.190386883753,865.9047536553628,535.5,536.1196062992117
2356.356610505508,872.2525776689577,538.5,536.1196062992117
2356.8548257633797,878.583002738163,535.5,536.1196062992117
2357.0210493851346,884.9308267517579,538.5,536.1196062992117
2357.5192646430064,891.2612518209633,535.5,536.1196062992117
2357.6854882647613,897.6090758345581,538.5,536.1196062992117
2358.183703522633,903.9395009037635,535.5,536.1196062992117
2358.349927144388,910.2873249173583,538.5,536.1196062992117
2358.84814240226,916.6177499865637,535.5,536.1196062992117
2359.0143660240146,922.9655740001585,538.5,536.1196062992117
2359.5125812818865,929.2959990693639,535.5,536.1196062992117
2359.6788049036413,935.6438230829588,538.5,536.1196062992117
2360.177020161513,941.9742481521641,535.5,536.1196062992117
2360.343243783268,948.322072165759,538.5,536.1196062992117
2360.177020161513,954.6698961793538,541.5,538.7579527559046
2360.343243783268,961.0177201929487,538.5,541.3962992125976
2360.343243783268,967.3677201929487,540.0,544.0346456692905
2360.177020161513,973.7155442065434,541.5,546.6729921259835
2359.8446868393703,980.056841752235,543.0,549.3113385826764
2359.3464715814985,986.3872668214403,544.5,551.9496850393693
2358.6827158397487,992.7024808570288,546.0,554.5880314960623
2357.8538745191513,998.9981557267525,547.5,557.2263779527552
2356.860515666146,1005.2699766895316,549.0,559.8647244094482
2355.7033200792707,1011.5136453525628,550.5,562.5030708661411
2354.383080842578,1017.7248826172224,552.0,565.1414173228341
2352.9007027820926,1023.8994316117477,553.5,567.779763779527
2351.200261655769,1030.2455642904667,555.0,570.41811023622
2349.271797465229,1036.7559502902218,556.5,573.1448031496058
2347.11331375952,1043.3990800565434,558.0,575.9598425196845
2344.7816728477724,1049.9834308718223,559.5,578.8531889763774
2342.2784727201984,1056.5044901509052,561.0,581.7465354330703
2339.605428945128,1062.9577886854966,562.5,584.6398818897633
2336.7643734932435,1069.3389037071302,564.0,587.5332283464562
2333.7572534820374,1075.643461918314,565.5,590.4265748031492
2330.5861298413565,1081.8671424897698,567.0,593.3199212598421
2327.253175900943,1088.0056800217137,568.5,596.213267716535
2323.760675900943,1094.054867467148,570.0,599.106614173228
2320.1110234264024,1100.0105590151613,571.5,601.9999606299209
2316.3067197668224,1105.86867293226,573.0,604.8933070866138
2312.3503722019022,1111.625194359785,574.5,607.7866535433068
2308.098173620276,1117.1667674417192,577.5,610.6799999999997
2303.56177900269,1122.4782031114355,580.5,613.5733464566927
2298.753622291469,1127.5449430929564,583.5,616.4666929133856
2293.6868823099485,1132.3530998041772,586.5,619.3600393700785
2288.3754466402324,1136.8894944217636,589.5,622.2533858267715
2282.8338735582984,1141.1416930033895,592.5,625.1467322834644
2277.0773521307738,1145.0980405683094,595.5,625.1467322834644
2271.1216605827603,1148.7476930428504,598.5,625.1467322834644
2264.9831230508166,1152.0806469832637,601.5,625.1467322834644
2258.678564839633,1155.0877669944696,604.5,625.1467322834644
2252.2252663050417,1157.7608107695398,607.5,625.1467322834644
2245.640915489763,1160.0924516812877,610.5,625.1467322834644
2238.9435596417084,1162.0762988640445,613.5,625.1467322834644
2232.769010647183,1163.5586769245294,616.5,625.1467322834644
2226.525341984152,1164.7158725114045,619.5,625.1467322834644
2220.229667114428,1165.544713832002,622.5,625.1467322834644
2213.8992420452228,1166.0429290898737,625.5,625.1467322834644
2207.603567175499,1166.871770410471,622.5,625.1467322834644
2201.2731421062936,1167.369985668343,625.5,625.1467322834644
2194.9774672365697,1168.1988269889403,622.5,625.1467322834644
2188.6470421673644,1168.697042246812,625.5,625.1467322834644
2182.3513672976405,1169.5258835674094,622.5,625.1467322834644
2176.020942228435,1170.0240988252813,625.5,625.1467322834644
2169.7252673587113,1170.8529401458786,622.5,625.1467322834644
2163.394842289506,1171.3511554037505,625.5,625.1467322834644
2157.099167419782,1172.1799967243478,622.5,625.1467322834644
2150.7687423505768,1172.6782119822196,625.5,625.1467322834644
2144.473067480853,1173.507053302817,622.5,625.1467322834644
2138.1426424116476,1174.0052685606888,625.5,625.1467322834644
2131.8469675419237,1174.8341098812862,622.5,625.1467322834644
2125.5165424727184,1175.332325139158,625.5,625.1467322834644
2119.2208676029945,1176.1611664597553,622.5,625.1467322834644
2112.890442533789,1176.6593817176272,625.5,625.1467322834644
2106.5947676640653,1177.4882230382245,622.5,625.1467322834644
2100.26434259486,1177.9864382960964,625.5,625.1467322834644
2093.968667725136,1178.8152796166937,622.5,625.1467322834644
2087.6382426559308,1179.3134948745655,625.5,625.1467322834644
2081.342567786207,1180.142336195163,622.5,625.1467322834644
2075.0121427170016,1180.6405514530347,625.5,625.1467322834644
2068.7164678472777,1181.469392773632,622.5,625.1467322834644
2062.3860427780724,1181.967608031504,625.5,625.1467322834644
2056.0903679083485,1182.7964493521013,622.5,625.1467322834644
2049.759942839143,1183.294664609973,625.5,625.1467322834644
2043.4642679694196,1184.1235059305704,622.5,625.1467322834644
2037.1338429002142,1184.6217211884423,625.5,625.1467322834644
2030.8381680304906,1185.4505625090396,622.5,625.1467322834644
2024.5077429612852,1185.9487777669115,625.5,625.1467322834644
2018.2120680915616,1186.7776190875088,622.5,625.1467322834644
2011.8816430223562,1187.2758343453806,625.5,625.1467322834644
2005.5859681526326,1188.104675665978,622.5,625.1467322834644
1999.2555430834273,1188.6028909238498,625.5,625.1467322834644
1992.9598682137037,1189.4317322444472,622.5,625.1467322834644
1986.6294431444983,1189.929947502319,625.5,625.1467322834644
1980.3337682747747,1190.7587888229164,622.5,625.1467322834644
1974.0033432055693,1191.2570040807882,625.5,625.1467322834644
1967.7076683358457,1192.0858454013855,622.5,625.1467322834644
1961.3772432666403,1192.5840606592574,625.5,622.5083858267715
1955.0815683969167,1193.4129019798547,622.5,619.8700393700785
1948.8378997338857,1194.5700975667298,619.5,617.2316929133856
1942.6633507393606,1196.0524756272148,616.5,614.5933464566926
1936.5748454229476,1197.8559730660847,613.5,614.5933464566926
1930.4002964284225,1199.3383511265697,616.5,614.5933464566926
1924.3117911120096,1201.1418485654397,613.5,614.5933464566926
1918.1372421174844,1202.6242266259246,616.5,614.5933464566926
1912.0487368010715,1204.4277240647946,613.5,614.5933464566926
1905.8741878065464,1205.9101021252795,616.5,614.5933464566926
1899.7856824901335,1207.7135995641495,613.5,614.5933464566926
1893.6111334956083,1209.1959776246345,616.5,614.5933464566926
1887.5226281791954,1210.9994750635044,613.5,614.5933464566926
1881.3480791846703,1212.4818531239894,616.5,614.5933464566926
1875.2595738682573,1214.2853505628593,613.5,614.5933464566926
1869.0850248737322,1215.7677286233443,616.5,614.5933464566926
1862.9965195573193,1217.5712260622142,613.5,614.5933464566926
1856.8219705627941,1219.0536041226992,616.5,614.5933464566926
1850.7334652463812,1220.8571015615692,613.5,614.5933464566926
1844.558916251856,1222.3394796220541,616.5,614.5933464566926
1838.4704109354432,1224.142977060924,613.5,614.5933464566926
1832.295861940918,1225.625355121409,616.5,614.5933464566926
1826.207356624505,1227.428852560279,613.5,614.5933464566926
1820.03280762998,1228.911230620764,616.5,614.5933464566926
1813.944302313567,1230.714728059634,613.5,614.5933464566926
1807.769753319042,1232.1971061201189,616.5,614.5933464566926
1801.681248002629,1234.0006035589888,613.5,614.5933464566926
1795.5066990081039,1235.4829816194738,616.5,614.5933464566926
1789.418193691691,1237.2864790583437,613.5,614.5933464566926
1783.2436446971658,1238.7688571188287,616.5,614.5933464566926
1777.1551393807529,1240.5723545576986,613.5,614.5933464566926
1770.9805903862277,1242.0547326181836,616.5,617.2316929133856
1764.7369217231967,1243.2119282050587,619.5,619.8700393700785
1758.441246853473,1244.040769525656,622.5,622.5083858267715
1752.1108217842677,1244.538984783528,625.5,625.1467322834644
1745.7629977706729,1244.705208405283,628.5,627.7850787401574
1739.415173757078,1244.538984783528,631.5,630.4234251968503
1733.0847486878727,1244.040769525656,634.5,633.0617716535432
1726.789073818149,1243.2119282050587,637.5,635.7001181102362
1720.545405155118,1242.0547326181836,640.5,638.3384645669291
1714.370856160593,1240.5723545576986,643.5,640.9768110236221
1708.28235084418,1238.7688571188287,646.5,643.615157480315
1702.1078018496548,1237.2864790583437,643.5,643.615157480315
1696.019296533242,1235.4829816194738,646.5,643.615157480315
1689.8447475387168,1234.0006035589888,643.5,643.615157480315
1683.7562422223039,1232.1971061201189,646.5,643.615157480315
1677.5816932277787,1230.714728059634,643.5,643.615157480315
1671.4931879113658,1228.911230620764,646.5,643.615157480315
1665.3186389168407,1227.428852560279,643.5,643.615157480315
1659.2301336004277,1225.625355121409,646.5,643.615157480315
1653.0555846059026,1224.142977060924,643.5,643.615157480315
1646.9670792894897,1222.3394796220541,646.5,643.615157480315
1640.7925302949645,1220.8571015615692,643.5,643.615157480315
1634.7040249785516,1219.0536041226992,646.5,643.615157480315
1628.5294759840265,1217.5712260622142,643.5,643.615157480315
1622.4409706676136,1215.7677286233443,646.5,643.615157480315
1616.2664216730884,1214.2853505628593,643.5,643.615157480315
1610.1779163566755,1212.4818531239894,646.5,646.253503937008
1604.1921428882401,1210.362179567855,649.5,648.8918503937009
1598.3255078567934,1207.9321397723368,652.5,651.5301968503938
1592.5940913011718,1205.198394307604,655.5,654.1685433070868
1587.0136026357684,1202.1684361799555,658.5,656.8068897637797
1581.5993375921198,1198.8505702940092,661.5,659.4452362204727
1576.36613629437,1195.2538906895365,664.5,662.0835826771656
1571.3283425835207,1191.3882556153312,667.5,664.7219291338586
1566.095141285771,1187.7915760108585,664.5,667.3602755905515
1561.0573475749216,1183.9259409366532,667.5,669.9986220472445
1556.2287696933613,1179.8019458297565,670.5,672.6369685039374
1551.6226424374333,1175.430894274101,673.5,675.2753149606303
1547.251590881778,1170.8247670181731,676.5,677.9136614173233
1543.1275957748812,1165.9961891366129,679.5,680.5520078740162
1539.261960700676,1160.9583954257635,682.5,683.1903543307092
1535.6652810962032,1155.7251941280138,685.5,685.8287007874021
1532.347415210257,1150.3109290843652,688.5,688.467047244095
1529.3174570826084,1144.7304404189617,691.5,691.105393700788
1525.999591196662,1139.3161753753132,688.5,691.105393700788
1522.9696330690135,1133.7356867099097,691.5,691.105393700788
1519.6517671830672,1128.3214216662611,688.5,691.105393700788
1516.6218090554187,1122.7409330008577,691.5,691.105393700788
1513.4188928537098,1117.5142487933672,688.5,691.105393700788
1510.5988845805755,1112.320439657535,691.5,691.105393700788
1507.6258677473418,1107.4689171223602,688.5,691.105393700788
1505.0158093287216,1102.6617875160991,691.5,691.105393700788
1502.2726918639628,1098.1854266532403,688.5,691.105393700788
1499.872583299857,1093.7649765765507,691.5,691.105393700788
1497.3593652035734,1089.6637773860075,688.5,691.105393700788
1495.1692064939818,1085.6300068388891,691.5,691.105393700788
1492.8858877661733,1081.9039693206616,688.5,691.105393700788
1490.905678911096,1078.2568783031145,691.5,691.105393700788
1488.8522595517622,1074.906002457203,688.5,691.105393700788
1487.0820005511991,1071.645590969227,691.5,691.105393700788
1485.2584805603406,1068.6698767956311,688.5,691.105393700788
1483.6981714142917,1065.7961448372264,691.5,691.105393700788
1482.0392384713186,1063.0890123154022,688.5,691.105393700788
1480.5242594074944,1060.2987679827004,691.5,691.105393700788
1479.157386675128,1057.4330597048895,694.5,692.468740157481
1477.6424076113037,1054.6428153721877,691.5,693.8320866141739
1476.2755348789374,1051.7771070943768,694.5,695.1954330708669
1475.0605149811781,1048.8437895786535,697.5,696.5587795275599
1474.000678203111,1045.850902844436,700.5,697.9221259842528
1472.7856583053517,1042.9175853287127,697.5,699.2854724409458
1471.7258215272846,1039.924698594495,700.5,700.6488188976388
1470.7615894320147,1036.6695055946177,703.5,702.0121653543317
1469.5548776358846,1033.2618566043195,700.5,703.4638582677176
1468.465678788945,1029.5847829211,703.5,705.0038976377963
1467.5190578385093,1025.6418228938874,706.5,706.632283464568
1466.7400009670303,1021.4384081640515,709.5,708.3490157480326
1466.1532857330012,1016.9818635121761,712.5,710.15409448819
1465.2940452303058,1012.3458166230121,709.5,712.0475196850405
1464.6498984716998,1007.4530362321323,712.5,714.0292913385838
1464.2454418332227,1002.313927376738,715.5,716.09940944882
1464.104740736068,996.9407692549944,718.5,718.2578740157492
1464.2512007618504,991.3476865217561,721.5,720.5046850393712
1464.707440403508,985.550612226098,724.5,722.8398425196862
1465.495165973556,979.5672424877071,727.5,725.2633464566941
1466.6350491855094,973.4169830408945,730.5,727.7751968503949
1467.4638905061067,967.1213081711708,727.5,730.3753937007885
1468.6210860929818,960.8776395081396,730.5,733.0137401574815
1470.1034641534668,954.7030905136144,733.5,735.6520866141744
1471.9069615923368,948.6145851972013,736.5,738.2904330708674
1474.026635148471,942.628811728766,739.5,740.9287795275603
1476.4566749439894,936.7621766973193,742.5,743.5671259842533
1479.190420408722,931.0307601416977,745.5,746.2054724409462
1482.2203785363706,925.4502714762942,748.5,748.8438188976392
1485.538244422317,920.0360064326458,751.5,751.4821653543321
1489.1349240267896,914.802805134896,754.5,754.120511811025
1493.000559100995,909.7650114240466,757.5,756.758858267718
1497.1245542078916,904.9364335424864,760.5,759.3972047244109
1501.495605763547,900.3303062865583,763.5,762.0355511811039
1506.101733019475,895.959254730903,766.5,764.6738976377968
1510.4727845751304,891.3531274749749,763.5,764.6738976377968
1515.0789118310583,886.9820759193196,766.5,764.6738976377968
1519.4499633867138,882.3759486633916,763.5,764.6738976377968
1524.0560906426417,878.0048971077363,766.5,764.6738976377968
1528.4271421982971,873.3987698518082,763.5,764.6738976377968
1533.033269454225,869.0277182961529,766.5,764.6738976377968
1537.4043210098805,864.4215910402248,763.5,764.6738976377968
1542.0104482658085,860.0505394845695,766.5,764.6738976377968
1546.8390261473687,855.9265443776728,769.5,767.3122440944898
1551.8768198582181,852.0609093034675,772.5,769.9505905511827
1557.1100211559678,848.4642296989948,775.5,772.5889370078756
1562.1478148668173,844.5985946247895,772.5,775.2272834645686
1567.381016164567,841.0019150203168,775.5,777.8656299212615
1572.7952812082156,837.6840491343705,778.5,780.5039763779545
1578.375769873619,834.6540910067221,781.5,783.1423228346474
1584.1071864292405,831.9203455419894,784.5,785.7806692913404
1589.9738214606873,829.490305746471,787.5,788.4190157480333
1595.9595949291227,827.3706321903366,790.5,791.0573622047262
1602.0481002455356,825.5671347514666,793.5,793.6957086614192
1608.2226492400607,824.0847566909816,796.5,796.3340551181121
1614.4663179030917,822.9275611041065,799.5,798.9724015748051
1620.7619927728153,822.0987197835092,802.5,801.610748031498
1627.0924178420207,821.6005045256373,805.5,804.249094488191
1633.4402418556156,821.4342809038824,808.5,806.8874409448839
1639.7880658692104,821.6005045256373,811.5,809.5257874015768
1646.1184909384158,822.0987197835092,814.5,812.1641338582698
1652.4141658081394,822.9275611041065,817.5,814.8024803149627
1658.7445908773448,823.4257763619784,814.5,817.4408267716557
1665.0402657470684,824.2546176825757,817.5,820.0791732283486
1671.2839344100994,825.4118132694508,820.5,822.7175196850416
1677.4584834046245,826.8941913299358,823.5,825.3558661417345
1683.5469887210375,828.6976887688057,826.5,827.9942125984275
1689.5327621894728,830.8173623249402,829.5,830.6325590551204
1695.3993972209196,833.2474021204584,832.5,833.2709055118133
1701.1308137765411,835.9811475851911,835.5,835.9092519685063
1706.7113024419446,839.0111057128397,838.5,838.5475984251992
1712.1255674855931,842.328971598786,841.5,841.1859448818922
1717.3587687833428,845.9256512032587,844.5,843.8242913385851
1722.3965624941923,849.791286277464,847.5,846.462637795278
1727.2251403757525,853.9152813843607,850.5,849.100984251971
1732.262934086602,857.780916458566,847.5,849.100984251971
1737.0915119681622,861.9049115654627,850.5,849.100984251971
1742.1293056790116,865.770546639668,847.5,849.100984251971
1746.9578835605719,869.8945417465648,850.5,849.100984251971
1751.9956772714213,873.7601768207701,847.5,849.100984251971
1756.8242551529816,877.8841719276668,850.5,849.100984251971
1761.862048863831,881.7498070018721,847.5,849.100984251971
1766.6906267453912,885.8738021087688,850.5,849.100984251971
1771.7284204562407,889.7394371829741,847.5,849.100984251971
1776.556998337801,893.8634322898708,850.5,849.100984251971
1781.5947920486503,897.7290673640762,847.5,849.100984251971
1786.4233699302106,901.8530624709729,850.5,849.100984251971
1791.46116364106,905.7186975451782,847.5,849.100984251971
1796.2897415226203,909.8426926520749,850.5,849.100984251971
1801.3275352334697,913.7083277262802,847.5,849.100984251971
1806.15611311503,917.8323228331769,850.5,849.100984251971
1811.1939068258794,921.6979579073823,847.5,849.100984251971
1816.0224847074396,925.821953014279,850.5,849.100984251971
1821.060278418289,929.6875880884843,847.5,849.100984251971
1825.8888562998493,933.811583195381,850.5,849.100984251971
1830.9266500106987,937.6772182695863,847.5,849.100984251971
1835.755227892259,941.801213376483,850.5,849.100984251971
1840.7930216031084,945.6668484506883,847.5,849.100984251971
1845.6215994846686,949.790843557585,850.5,849.100984251971
1850.659393195518,953.6564786317904,847.5,849.100984251971
1855.4879710770783,957.7804737386871,850.5,849.100984251971
1860.5257647879278,961.6461088128924,847.5,849.100984251971
1865.354342669488,965.7701039197891,850.5,851.7393307086639
1869.960469925416,970.1411554754444,853.5,854.3776771653569
1874.3315214810714,974.7472827313725,856.5,857.0160236220498
1878.455516587968,979.5758606129326,859.5,859.6543700787428
1882.3211516621734,984.6136543237819,862.5,862.2927165354357
1885.917831266646,989.8468556215317,865.5,864.9310629921287
1889.2356971525924,995.2611206651802,868.5,867.5694094488216
1892.1606803529837,1000.648269565798,871.5,870.2077559055145
1894.7050009351208,1005.9825485963057,874.5,872.7577559055145
1896.8824696652782,1011.2394231362949,877.5,875.2194094488216
1898.708393185287,1016.3956720925692,880.5,877.5927165354358
1900.7174812052037,1021.2460396382534,877.5,879.877677165357
1902.3965297071495,1025.987526338447,880.5,882.0742913385853
1903.7626435151753,1030.599449263163,883.5,884.1825590551208
1904.834157735274,1035.0626271977883,886.5,886.2024803149633
1905.6305269816746,1039.3594511438428,889.5,888.1340551181129
1906.172210679388,1043.473947318544,892.5,889.9772834645696
1906.888396294572,1047.3381391052706,889.5,891.7321653543333
1907.3726484677084,1051.0163995409673,892.5,893.3987007874042
1907.6464707117984,1054.4956410356958,895.5,893.3987007874042
1908.073291360358,1057.7376657323882,892.5,893.3987007874042
1908.322398989294,1060.902878266991,895.5,893.3987007874042
1908.7368196495927,1064.0507157018528,892.5,893.3987007874042
1908.9859272785286,1067.2159282364555,895.5,893.3987007874042
1909.4003479388273,1070.3637656713174,892.5,893.3987007874042
1909.6494555677632,1073.52897820592,895.5,893.3987007874042
1910.0638762280619,1076.676815640782,892.5,893.3987007874042
1910.3129838569978,1079.8420281753847,895.5,893.3987007874042
1910.7274045172965,1082.9898656102466,892.5,894.7620472440972
1910.9765121462324,1086.1550781448493,895.5,896.1253937007901
1911.0596239571098,1089.3289901516466,898.5,897.4887401574831
1910.9765121462324,1092.502902158444,901.5,898.8520866141761
1911.0596239571098,1095.6768141652412,898.5,900.215433070869
1910.9765121462324,1098.8507261720385,901.5,901.578779527562
1910.7274045172965,1102.0159387066412,904.5,902.942125984255
1910.644292706419,1105.1898507134385,901.5,904.3054724409479
1910.3951850774831,1108.3550632480412,904.5,904.3054724409479
1910.3120732666057,1111.5289752548385,901.5,904.3054724409479
1910.0629656376698,1114.6941877894412,904.5,904.3054724409479
1909.9798538267924,1117.8680997962385,901.5,904.3054724409479
1909.7307461978564,1121.0333123308412,904.5,904.3054724409479
1909.647634386979,1124.2072243376385,901.5,904.3054724409479
1909.398526758043,1127.3724368722412,904.5,904.3054724409479
1909.3154149471657,1130.5463488790385,901.5,904.3054724409479
1909.0663073182297,1133.7115614136412,904.5,904.3054724409479
1908.9831955073523,1136.8854734204385,901.5,904.3054724409479
1908.7168268773562,1140.2700077684624,904.5,904.3054724409479
1908.6221972092233,1143.883768998249,901.5,904.3054724409479
1908.321306577107,1147.7069469731155,904.5,905.8455118110267
1907.7920228676546,1151.7272558859863,907.5,907.4738976377984
1907.0129659961756,1155.9306706158222,910.5,909.1906299212629
1905.9636290856433,1160.3014734080098,913.5,910.9957086614204
1905.1043885829479,1164.9375202971737,910.5,912.8891338582708
1903.952335712319,1169.7361658543362,913.5,914.8709055118142
1902.4882366103702,1174.6788815875816,916.5,916.9410236220504
1900.6940247419886,1179.745579602202,919.5,919.0994881889795
1898.552910937906,1184.9146855866027,922.5,921.3462992126016
1896.049488909966,1190.1632190150972,925.5,923.6814566929165
1893.1698357917992,1195.466880290012,928.5,926.1049606299244
1889.901607269501,1200.8001445180469,931.5,928.6168110236252
1886.8716491418525,1206.3806331834503,928.5,931.2170078740189
1883.5537832559062,1211.7948982270989,931.5,933.8553543307119
1879.9571036514335,1217.0280995248486,934.5,936.4937007874048
1876.0914685772282,1222.065893235698,937.5,939.1320472440977
1871.9674734703315,1226.8944711172583,940.5,941.7703937007907
1867.596421914676,1231.5005983731862,943.5,944.4087401574836
1862.990294658748,1235.8716499288416,946.5,947.0470866141766
1858.1617167771878,1239.9956450357383,949.5,949.6854330708695
1853.1239230663384,1243.8612801099437,952.5,952.3237795275625
1847.8907217685887,1247.4579597144163,955.5,954.9621259842554
1842.4764567249401,1250.7758256003626,958.5,957.6004724409484
1836.8959680595367,1253.8057837280112,961.5,960.2388188976413
1831.1645515039152,1256.5395291927439,964.5,962.8771653543342
1825.2979164724684,1258.9695689882622,967.5,965.5155118110272
1819.312143004033,1261.0892425443967,970.5,968.1538582677201
1813.22363768762,1262.8927399832667,973.5,970.7922047244131
1807.2378642191848,1265.0124135394012,970.5,973.430551181106
1801.1493589027718,1266.8159109782712,973.5,976.068897637799
1794.9748099082467,1268.2982890387561,976.5,978.7072440944919
1788.7311412452157,1269.4554846256312,979.5,981.3455905511848
1782.435466375492,1270.2843259462286,982.5,983.9839370078778
1776.1050413062867,1270.7825412041004,985.5,986.6222834645707
1769.7572172926918,1270.9487648258555,988.5,989.2606299212637
1763.409393279097,1270.7825412041004,991.5,991.8989763779566
1757.0789682098916,1270.2843259462286,994.5,994.5373228346496
1750.783293340168,1269.4554846256312,997.5,997.1756692913425
1744.539624677137,1268.2982890387561,1000.5,999.8140157480354
1738.3650756826119,1266.8159109782712,1003.5,1002.4523622047284
1732.276570366199,1265.0124135394012,1006.5,1005.0907086614213
1726.1020213716738,1263.5300354789163,1003.5,1005.0907086614213
1720.0135160552609,1261.7265380400463,1006.5,1005.0907086614213
1713.8389670607357,1260.2441599795613,1003.5,1005.0907086614213
1707.7504617443228,1258.4406625406914,1006.5,1005.0907086614213
1701.5759127497977,1256.9582844802064,1003.5,1005.0907086614213
1695.4874074333848,1255.1547870413365,1006.5,1005.0907086614213
1689.3128584388596,1253.6724089808515,1003.5,1005.0907086614213
1683.2243531224467,1251.8689115419816,1006.5,1005.0907086614213
1677.0498041279216,1250.3865334814966,1003.5,1005.0907086614213
1670.9612988115086,1248.5830360426266,1006.5,1005.0907086614213
1664.7867498169835,1247.1006579821417,1003.5,1005.0907086614213
1658.6982445005706,1245.2971605432717,1006.5,1007.7290551181143
1652.7124710321352,1243.1774869871374,1009.5,1010.3674015748072
1646.8458360006885,1240.7474471916191,1012.5,1013.0057480315002
1641.114419445067,1238.0137017268864,1015.5,1015.6440944881931
1635.5339307796635,1234.9837435992379,1018.5,1018.282440944886
1630.119665736015,1231.6658777132916,1021.5,1020.920787401579
1624.8864644382652,1228.069198108819,1024.5,1023.5591338582719
1619.4721993946166,1224.7513322228726,1021.5,1023.5591338582719
1614.238998096867,1221.1546526184,1024.5,1023.5591338582719
1608.8247330532183,1217.8367867324537,1021.5,1023.5591338582719
1603.5915317554686,1214.240107127981,1024.5,1023.5591338582719
1598.17726671182,1210.9222412420347,1021.5,1023.5591338582719
1592.9440654140703,1207.325561637562,1024.5,1023.5591338582719
1587.5298003704218,1204.0076957516158,1021.5,1023.5591338582719
1582.296599072672,1200.411016147143,1024.5,1023.5591338582719
1576.8823340290235,1197.0931502611968,1021.5,1023.5591338582719
1571.6491327312738,1193.4964706567241,1024.5,1023.5591338582719
1566.2348676876252,1190.1786047707778,1021.5,1023.5591338582719
1561.0016663898755,1186.5819251663052,1024.5,1023.5591338582719
1555.587401346227,1183.2640592803589,1021.5,1023.5591338582719
1550.3542000484772,1179.6673796758862,1024.5,1023.5591338582719
1544.9399350048286,1176.34951378994,1021.5,1023.5591338582719
1539.706733707079,1172.7528341854672,1024.5,1023.5591338582719
1534.2924686634303,1169.434968299521,1021.5,1023.5591338582719
1529.0592673656806,1165.8382886950483,1024.5,1023.5591338582719
1523.645002322032,1162.520422809102,1021.5,1023.5591338582719
1518.4118010242823,1158.9237432046293,1024.5,1023.5591338582719
1513.374007313433,1155.058108130424,1027.5,1026.1974803149649
1508.5454294318727,1150.9341130235273,1030.5,1028.8358267716578
1503.9393021759447,1146.5630614678719,1033.5,1031.4741732283508
1499.5682506202893,1141.956934211944,1036.5,1034.1125196850437
1495.4442555133926,1137.1283563303837,1039.5,1036.7508661417367
1491.0732039577372,1132.5222290744557,1036.5,1039.3892125984296
1486.9492088508405,1127.6936511928955,1039.5,1042.0275590551225
1483.0835737766351,1122.655857482046,1042.5,1044.6659055118155
1479.4868941721625,1117.4226561842963,1045.5,1047.3042519685084
1476.2839779704536,1112.1959719768058,1048.5,1049.9425984252014
1473.4639696973193,1107.0021628409736,1051.5,1052.4925984252013
1471.01436155648,1101.8664525730228,1054.5,1054.9542519685085
1468.921083181443,1096.812831530186,1057.5,1057.3275590551227
1467.1685971704658,1091.8639637019521,1060.5,1059.612519685044
1465.739999986605,1087.041100435565,1063.5,1061.8091338582724
1464.617127786458,1082.3640011184523,1066.5,1063.9174015748079
1463.313497354267,1077.9630185354072,1063.5,1065.9373228346503
1462.2933411142167,1073.7137619832693,1066.5,1067.8688976378
1461.5370636834243,1069.6332541168788,1069.5,1069.7121259842568
1461.0240957479996,1065.7368758116797,1072.5,1071.4670078740205
1460.7330125028493,1062.0383125035298,1075.5,1073.1335433070915
1460.2774760920013,1058.5781699373351,1072.5,1074.7117322834695
1460.0209148489712,1055.3182502560278,1075.5,1076.2015748031545
1459.9378030380938,1052.1443382492305,1078.5,1077.6030708661467
1460.0209148489712,1048.9704262424332,1081.5,1078.9664173228396
1459.9378030380938,1045.7965142356359,1078.5,1080.3297637795324
1460.0209148489712,1042.6226022288386,1081.5,1081.6931102362253
1460.2872834789673,1039.2380678808147,1084.5,1083.0564566929181
1460.7591356638427,1035.6539947069484,1087.5,1084.508149606304
1461.060026295959,1031.830816732082,1084.5,1086.0481889763828
1461.5893100054113,1027.8105078192111,1087.5,1087.6765748031544
1462.3683668768904,1023.6070930893752,1090.5,1089.393307086619
1463.4177037874226,1019.2362902971877,1093.5,1091.1983858267765
1464.276944290118,1014.6002434080236,1090.5,1093.0918110236269
1465.428997160747,1009.8015978508611,1093.5,1095.0735826771702
1466.8930962626957,1004.8588821176155,1096.5,1095.0735826771702
1468.1478650934212,999.632393795478,1093.5,1095.0735826771702
1469.7369309470396,994.2677973788905,1096.5,1095.0735826771702
1471.0944157378617,988.613466291778,1093.5,1095.0735826771702
1472.8084483431498,982.8269891918484,1096.5,1095.0735826771702
1474.2686490940685,976.7448153397609,1093.5,1095.0735826771702
1476.0721465329384,970.6563100233478,1096.5,1095.0735826771702
1477.5545245934234,964.4817610288226,1093.5,1095.0735826771702
1479.3580220322933,958.3932557124095,1096.5,1095.0735826771702
1480.8404000927783,952.2187067178843,1093.5,1095.0735826771702
1482.6438975316482,946.1302014014713,1096.5,1095.0735826771702
1484.1262755921332,939.955652406946,1093.5,1095.0735826771702
1485.9297730310032,933.867147090533,1096.5,1095.0735826771702
1487.412151091488,927.6925980960077,1093.5,1095.0735826771702
1489.215648530358,921.6040927795947,1096.5,1097.7119291338631
1491.3353220864926,915.6183193111593,1099.5,1100.350275590556
1493.765361882011,909.7516842797127,1102.5,1102.988622047249
1496.4991073467436,904.020267724091,1105.5,1105.626968503942
1499.5290654743922,898.4397790586876,1108.5,1108.265314960635
1502.8469313603384,893.0255140150391,1111.5,1110.9036614173278
1506.4436109648111,887.7923127172893,1114.5,1113.5420078740208
1510.3092460390164,882.75451900644,1117.5,1116.1803543307137
1514.4332411459131,877.9259411248797,1120.5,1118.8187007874067
1518.8042927015686,873.3198138689517,1123.5,1121.4570472440996
1523.4104199574965,868.9487623132964,1126.5,1124.0953937007926
1528.2389978390568,864.8247672063997,1129.5,1126.7337401574855
1532.8451250949847,860.4537156507444,1126.5,1129.3720866141784
1537.673702976545,856.3297205438477,1129.5,1132.0104330708714
1542.7114966873944,852.4640854696423,1132.5,1134.6487795275643
1547.944697985144,848.8674058651696,1135.5,1137.2871259842573
1553.3589630287927,845.5495399792234,1138.5,1139.9254724409502
1558.9394516941961,842.5195818515748,1141.5,1142.5638188976432
1564.6708682498177,839.7858363868421,1144.5,1145.202165354336
1570.5375032812644,837.3557965913237,1147.5,1147.840511811029
1576.5232767496998,835.2361230351893,1150.5,1150.478858267722
1582.6117820661127,833.4326255963193,1153.5,1153.117204724415
1588.7863310606378,831.9502475358344,1156.5,1155.7555511811079
1594.8748363770508,830.1467500969644,1153.5,1155.7555511811079
1601.049385371576,828.6643720364794,1156.5,1155.7555511811079
1607.1378906879888,826.8608745976095,1153.5,1155.7555511811079
1613.312439682514,825.3784965371245,1156.5,1155.7555511811079
1619.400944998927,823.5749990982546,1153.5,1155.7555511811079
1625.575493993452,822.0926210377696,1156.5,1155.7555511811079
1631.819162656483,820.9354254508945,1159.5,1158.3938976378008
1638.1148375262067,820.1065841302972,1162.5,1161.0322440944938
1644.445262595412,819.6083688724253,1165.5,1163.6705905511867
1650.7930866090069,819.4421452506704,1168.5,1166.3089370078796
1657.1409106226017,819.6083688724253,1171.5,1168.9472834645726
1663.471335691807,820.1065841302972,1174.5,1171.5856299212655
1669.819159705402,820.2728077520521,1171.5,1174.2239763779585
1676.1495847746073,820.771023009924,1174.5,1176.8623228346514
1682.445259644331,821.5998643305213,1177.5,1179.5006692913444
1688.688928307362,822.7570599173964,1180.5,1182.1390157480373
1694.863477301887,824.2394379778814,1183.5,1184.7773622047303
1700.9519826183,826.0429354167513,1186.5,1187.4157086614232
1706.9377560867354,828.1626089728858,1189.5,1190.0540551181161
1712.8043911181821,830.592648768404,1192.5,1192.692401574809
1718.5358076738037,833.3263942331367,1195.5,1195.330748031502
1724.116296339207,836.3563523607853,1198.5,1197.969094488195
1729.5305613828557,839.6742182467316,1201.5,1200.607440944888
1734.7637626806054,843.2708978512043,1204.5,1203.2457874015809
1739.8015563914548,847.1365329254096,1207.5,1205.8841338582738
1745.0347576892045,850.7332125298823,1204.5,1205.8841338582738
1750.072551400054,854.5988476040876,1207.5,1205.8841338582738
1755.3057526978037,858.1955272085603,1204.5,1205.8841338582738
1760.343546408653,862.0611622827656,1207.5,1205.8841338582738
1765.5767477064028,865.6578418872383,1204.5,1205.8841338582738
1770.6145414172522,869.5234769614436,1207.5,1205.8841338582738
1775.847742715002,873.1201565659163,1204.5,1205.8841338582738
1780.8855364258513,876.9857916401216,1207.5,1208.5224803149667
1785.7141143074116,881.1097867470183,1210.5,1211.1608267716597
1790.3202415633396,885.4808383026736,1213.5,1213.7991732283526
1794.691293118995,890.0869655586017,1216.5,1216.4375196850456
1798.8152882258917,894.9155434401619,1219.5,1219.0758661417385
1802.680923300097,899.9533371510112,1222.5,1221.7142125984315
1806.2776029045697,905.186538448761,1225.5,1224.3525590551244
1809.595468790516,910.6008034924095,1228.5,1226.9909055118173
1813.1921483949886,915.8340047901593,1225.5,1226.9909055118173
1816.510014280935,921.2482698338077,1228.5,1226.9909055118173
1820.1066938854076,926.4814711315576,1225.5,1226.9909055118173
1823.4245597713539,931.895736175206,1228.5,1226.9909055118173
1827.0212393758266,937.1289374729558,1225.5,1226.9909055118173
1830.3391052617728,942.5432025166043,1228.5,1226.9909055118173
1833.9357848662455,947.7764038143541,1225.5,1226.9909055118173
1837.2536507521918,953.1906688580026,1228.5,1226.9909055118173
1840.8503303566645,958.4238701557524,1225.5,1226.9909055118173
1844.1681962426107,963.8381351994009,1228.5,1226.9909055118173
1847.7648758470834,969.0713364971507,1225.5,1226.9909055118173
1851.0827417330297,974.4856015407992,1228.5,1226.9909055118173
1854.6794213375024,979.718802838549,1225.5,1226.9909055118173
1857.9972872234487,985.1330678821975,1228.5,1226.9909055118173
1861.0272453510972,990.7135565476009,1231.5,1229.6292519685103
1863.76099081583,996.4449731032225,1234.5,1232.2675984252032
1866.106840256228,1002.1083546375168,1237.5,1234.9059448818962
1868.651160838365,1007.4426336680244,1234.5,1237.4559448818961
1870.8286295685225,1012.6995082080136,1237.5,1239.9175984252033
1872.6545530885312,1017.8557571642879,1240.5,1242.2909055118175
1874.1456336482267,1022.8895607723459,1243.5,1244.5758661417387
1875.319863828422,1027.7805814719463,1246.5,1246.7724803149672
1876.1964167060394,1032.510037577329,1249.5,1246.7724803149672
1877.267930926138,1036.9732155119543,1246.5,1246.7724803149672
1878.0643001725387,1041.2700394580088,1249.5,1246.7724803149672
1879.0330984325406,1045.3053746276591,1246.5,1246.7724803149672
1879.7492840477248,1049.1695664143856,1249.5,1246.7724803149672
1880.6153663476302,1052.777058819061,1246.5,1246.7724803149672
1881.2513683315979,1056.2086184464592,1249.5,1246.7724803149672
1882.0147346714066,1059.3882680861595,1246.5,1246.7724803149672
1882.5933324648443,1062.5101024176752,1249.5,1246.7724803149672
1883.3345214950868,1065.5973769149377,1246.5,1246.7724803149672
1883.9131192885245,1068.7192112464534,1249.5,1246.7724803149672
1884.654308318767,1071.806485743716,1246.5,1246.7724803149672
1885.2329061122048,1074.9283200752316,1249.5,1246.7724803149672
1885.9740951424474,1078.0155945724941,1246.5,1246.7724803149672
1886.552692935885,1081.1374289040098,1249.5,1246.7724803149672
1887.2938819661276,1084.2247034012723,1246.5,1246.7724803149672
1887.8724797595653,1087.346537732788,1249.5,1248.13582677166
1888.613668789808,1090.4338122300505,1246.5,1249.499173228353
1889.1922665832456,1093.5556465615662,1249.5,1250.8625196850458
1889.6066872435442,1096.703483996428,1252.5,1252.2258661417386
1889.8557948724801,1099.8686965310308,1255.5,1253.5892125984315
1890.2702155327788,1103.0165339658927,1252.5,1254.9525590551243
1890.5193231617147,1106.1817465004954,1255.5,1256.3159055118172
1890.6024349725922,1109.3556585072927,1258.5,1257.67925196851
1890.5193231617147,1112.52957051409,1261.5,1259.0425984252029
1890.6024349725922,1115.7034825208873,1258.5,1260.4059448818957
1890.5193231617147,1118.8773945276846,1261.5,1261.7692913385886
1890.2702155327788,1122.0426070622873,1264.5,1263.1326377952814
1890.1871037219014,1125.2165190690846,1261.5,1263.1326377952814
1889.9379960929655,1128.3817316036873,1264.5,1263.1326377952814
1889.854884282088,1131.5556436104846,1261.5,1263.1326377952814
1889.6057766531521,1134.7208561450873,1264.5,1263.1326377952814
1889.5226648422747,1137.8947681518846,1261.5,1263.1326377952814
1889.2735572133388,1141.0599806864873,1264.5,1263.1326377952814
1889.1904454024614,1144.2338926932846,1261.5,1263.1326377952814
1888.9413377735254,1147.3991052278873,1264.5,1263.1326377952814
1888.858225962648,1150.5730172346846,1261.5,1263.1326377952814
1888.609118333712,1153.7382297692873,1264.5,1264.4959842519743
1888.165981911125,1157.1041850736513,1267.5,1265.8593307086671
1887.882352280069,1160.7080412350965,1264.5,1267.311023622053
1887.381784332905,1164.510232278465,1267.5,1268.8510629921318
1886.6428192770343,1168.497330928637,1270.5,1270.4794488189034
1885.6448403465504,1172.654212338337,1273.5,1272.196181102368
1884.3681913721061,1176.9641070465696,1276.5,1274.0012598425255
1883.2674964815255,1181.5488312212447,1273.5,1275.8946850393759
1881.8658807554116,1186.2806066128192,1276.5,1277.8764566929192
1880.1451063960615,1191.1399234993994,1279.5,1279.9465748031555
1878.088182947099,1196.1057759866476,1282.5,1282.1050393700846
1875.6794733604568,1201.155740652585,1285.5,1284.3518503937066
1872.9047951695472,1206.2660621627144,1288.5,1286.6870078740217
1869.7515163314865,1211.4117455545913,1291.5,1289.1105118110295
1866.2086453195218,1216.566654864422,1294.5,1291.6223622047303
1862.8907794335755,1221.9809199080705,1291.5,1294.222559055124
1859.2940998291028,1227.2141212058202,1294.5,1296.860905511817
1855.4284647548975,1232.2519149166696,1297.5,1299.49925196851
1851.3044696480008,1237.08049279823,1300.5,1302.137598425203
1846.9334180923454,1241.6866200541579,1303.5,1304.7759448818958
1842.3272908364174,1246.0576716098133,1306.5,1307.4142913385888
1837.4987129548572,1250.18166671671,1309.5,1310.0526377952817
1832.4609192440078,1254.0473017909153,1312.5,1312.6909842519747
1827.227717946258,1257.643981395388,1315.5,1315.3293307086676
1821.8134529026095,1260.9618472813343,1318.5,1317.9676771653606
1816.232964237206,1263.9918054089828,1321.5,1320.6060236220535
1810.5015476815845,1266.7255508737155,1324.5,1323.2443700787464
1804.6349126501377,1269.1555906692338,1327.5,1325.8827165354394
1798.6491391817024,1271.2752642253683,1330.5,1328.5210629921323
1792.5606338652894,1273.0787616642383,1333.5,1331.1594094488253
1786.3860848707643,1274.5611397247233,1336.5,1333.7977559055182
1780.2975795543514,1276.3646371635932,1333.5,1336.4361023622112
