100.0,500.0,0
100.0,499.8,0
100.0,499.40000000000003,0
100.0,498.8,0
100.0,498.0,0
100.0,497.0,0
100.0,495.8,0
100.0,494.40000000000003,0
100.0,492.8,0
100.0,491.0,0
100.0,489.0,0
100.0351959717245,486.80028155356774,0.9166666666666666
100.1154661443597,484.4016242834716,1.9166666666666665
100.25153963059135,481.8051874931097,3.0
100.45498194861466,479.01258812634813,4.166666666666667
100.73817566832285,476.02598448389443,5.416666666666667
101.11429534018794,472.84816542163867,6.75
101.59727581603352,469.4826446803637,8.166666666666668
102.1086669081053,465.91915213077846,8.166666666666668
102.6484686164033,462.1576877728829,8.166666666666668
103.21668094092752,458.1982516066771,8.166666666666668
103.81330388167794,454.040843632161,8.166666666666668
104.43833743865457,449.68546384933455,8.166666666666668
105.09178161185741,445.1321122581978,8.166666666666668
105.77363640128647,440.3807888587508,8.166666666666668
106.66335412865567,435.46058537051937,10.250000000000002
107.78145511539887,430.38221455071465,12.41666666666667
109.1487090231648,425.1581723656152,14.666666666666671
110.78599056961212,419.8028657322222,17.000000000000007
112.71411641263357,414.3327349537606,19.416666666666675
114.95366239313843,408.7663686523747,21.916666666666675
117.19320837364329,403.2000023509888,21.916666666666675
119.43275435414814,397.63363604960296,21.916666666666675
121.672300334653,392.0672697482171,21.916666666666675
123.91184631515786,386.5009034468312,21.916666666666675
126.15139229566272,380.93453714544535,21.916666666666675
128.3909382761676,375.3681708440595,21.916666666666675
130.63048425667245,369.8018045426736,21.916666666666675
132.8700302371773,364.23543824128774,21.916666666666675
135.10957621768216,358.66907193990187,21.916666666666675
137.34912219818702,353.102705638516,21.916666666666675
139.83728165412447,347.64293801325675,24.500000000000007
142.56899726746,342.3008663357276,27.08333333333334
145.5387166791583,337.0873486541826,29.66666666666667
148.74040377465198,332.0129817239588,32.25000000000001
152.16755095256914,327.0880794690004,34.83333333333334
155.8131923517837,322.3226520182534,37.41666666666668
159.66991800990294,317.7263853595395,40.000000000000014
163.72988892441506,313.30862165226455,42.58333333333335
167.98485298588372,309.0783402389765,45.166666666666686
172.4261617508047,305.04413939436853,47.75000000000002
177.0447880200329,301.21421884882255,50.33333333333336
181.83134418705052,297.59636312201616,52.91666666666669
186.77610131878262,294.1979257004672,55.50000000000003
191.8690089301774,291.0258140911764,58.083333333333364
197.09971541235797,288.0864757817479,60.6666666666667
202.4575890728248,285.38588513552327,63.250000000000036
207.9317397449429,282.92953124836674,65.83333333333337
213.405890417061,280.4731773612102,65.83333333333337
218.8800410891791,278.0168234740537,65.83333333333337
224.3541917612972,275.56046958689717,65.83333333333337
229.8283424334153,273.10411569974065,65.83333333333337
235.3024931055334,270.6477618125841,65.83333333333337
240.7766437776515,268.1914079254276,65.83333333333337
246.2507944497696,265.7350540382711,65.83333333333337
251.72494512188769,263.27870015111455,65.83333333333337
257.19909579400576,260.822346263958,65.83333333333337
262.6732464661238,258.3659923768015,65.83333333333337
268.1473971382419,255.90963848964495,65.83333333333337
273.62154781035997,253.4532846024884,65.83333333333337
279.09569848247804,250.99693071533184,65.83333333333337
284.5698491545961,248.5405768281753,65.83333333333337
290.0439998267142,246.08422294101874,65.83333333333337
295.51815049883226,243.62786905386218,65.83333333333337
300.9923011709503,241.17151516670563,65.83333333333337
306.5716023487992,238.96439071012094,68.4166666666667
312.2447138023951,237.01098178337799,71.00000000000003
318.00010462731893,235.3152587952745,73.58333333333336
323.8260766819002,233.8806683940664,76.16666666666669
329.71078836431957,232.71012646196962,78.75000000000001
335.64227868130223,231.80601218847272,81.33333333333334
341.60849155948046,231.17016323450602,83.91666666666667
347.59730035001166,230.80387199729688,86.5
353.5965324766451,230.70788298350277,89.08333333333333
359.5939941771383,230.88239129596144,91.66666666666666
365.57749528773525,231.32704223713384,94.24999999999999
371.5348740203303,232.04093203004598,96.83333333333331
377.4540216819574,233.02260965526435,99.41666666666664
383.3229072863602,234.2700798001709,101.99999999999997
389.1296020076194,235.78080691454346,104.5833333333333
394.8623034261334,237.55172036419802,107.16666666666663
400.5093595176716,239.57922067221799,109.74999999999996
406.0592923367409,241.85918683508478,112.33333333333329
411.5008213461277,244.38698469883934,114.91666666666661
416.822886345197,247.15747637824953,117.49999999999994
422.0146699503458,250.1650306998384,120.08333333333327
427.06561958191736,253.40353464754747,122.6666666666666
431.96546891288745,256.8664057877709,125.24999999999993
436.70425873572674,260.54660564850604,127.83333333333326
441.27235720502614,264.4366540254269,130.4166666666666
445.6604794147412,268.52864418580185,132.99999999999994
449.8597062702633,272.8142589393538,135.5833333333333
453.86150261695974,277.2847875433969,138.16666666666663
457.65773458833485,281.93114340789,140.74999999999997
461.24068613855155,286.74388256442023,143.33333333333331
464.82363768876826,291.5566217209505,143.33333333333331
468.40658923898496,296.36936087748074,143.33333333333331
471.98954078920167,301.182100034011,143.33333333333331
475.5724923394184,305.99483919054126,143.33333333333331
479.3687243107935,310.64119505503436,140.74999999999997
483.3705206574899,315.1117236590774,138.16666666666663
487.56974751301203,319.3973384126294,135.5833333333333
491.9578697227271,323.48932857300434,132.99999999999994
496.5259681920265,327.3793769499252,130.4166666666666
501.2647580148657,331.05957681066036,127.83333333333327
506.1646073458358,334.52244795088376,125.24999999999994
511.21555697740735,337.76095189859285,122.66666666666661
516.4073405825561,340.76850622018173,120.08333333333329
521.7294055816254,343.53899789959195,117.49999999999996
527.1709345910122,346.06679576334653,114.91666666666663
532.7208674100815,348.34676192621333,112.3333333333333
538.3679235016198,350.3742622342333,109.74999999999997
544.1006249201338,352.1451756838879,107.16666666666664
549.907319641393,353.65590279826046,104.58333333333331
555.7762052457958,354.903372943167,101.99999999999999
561.695352907423,355.8850505683854,99.41666666666666
567.652731640018,356.59894036129754,96.83333333333333
573.6362327506149,357.0435913024699,94.25
579.6336944511081,357.2180996149286,91.66666666666667
585.6329265777415,357.12211060113447,89.08333333333334
591.6321587043749,357.02612158734036,89.08333333333334
597.6313908310083,356.93013257354625,89.08333333333334
603.6306229576417,356.83414355975214,89.08333333333334
609.629855084275,356.738154545958,89.08333333333334
615.6290872109084,356.6421655321639,89.08333333333334
621.6283193375418,356.5461765183698,89.08333333333334
627.6275514641752,356.4501875045757,89.08333333333334
633.6267835908086,356.3541984907816,89.08333333333334
639.6155923813398,355.9879072535724,86.50000000000001
645.581805259518,355.3520582996057,83.91666666666669
651.5132955765007,354.4479440261088,81.33333333333336
657.3980072589201,353.2774020940121,78.75000000000003
663.2239793135013,351.84281169280393,76.1666666666667
668.9793701384251,350.1470887047005,73.58333333333337
674.652481592021,348.1936797779575,71.00000000000004
680.2317827698698,345.98655532137286,68.41666666666671
685.7059334419879,343.53020143421634,65.83333333333339
691.0638071024547,340.8296107879917,63.25000000000005
696.2945135846353,337.8902724785632,60.666666666666714
701.38742119603,334.7181608692724,58.08333333333338
706.3321783277621,331.31972344772345,55.50000000000004
711.1187344947797,327.70186772091705,52.91666666666671
715.7373607640079,323.8719471753711,50.33333333333337
720.1786695289289,319.8377463307631,47.750000000000036
724.4336335903976,315.60746491747506,45.1666666666667
728.4936045049096,311.1897012102001,42.583333333333364
732.3503301630288,306.5934345514862,40.00000000000003
736.2070558211481,301.9971678927723,40.00000000000003
740.0637814792673,297.40090123405844,40.00000000000003
743.9205071373865,292.80463457534455,40.00000000000003
747.7772327955057,288.20836791663066,40.00000000000003
751.6339584536249,283.6121012579168,40.00000000000003
755.4906841117441,279.0158345992029,40.00000000000003
759.3474097698634,274.419567940489,40.00000000000003
762.993051169078,269.654140489742,37.41666666666669
766.4201983469951,264.7292382347836,34.83333333333336
769.6218854424887,259.6548713045598,32.25000000000002
772.591604854187,254.4413536230148,29.66666666666669
775.3233204675225,249.09928194548567,27.083333333333357
778.055036080858,243.75721026795654,27.083333333333357
780.7867516941935,238.4151385904274,27.083333333333357
783.7564711058918,233.20162090888243,29.66666666666669
786.9581582013855,228.1272539786586,32.25000000000002
790.3853053793026,223.2023517237002,34.83333333333336
794.0309467785172,218.4369242729532,37.41666666666669
797.8876724366364,213.84065761423935,40.00000000000003
801.9476433511485,209.42289390696442,42.583333333333364
806.2026074126171,205.1926124936764,45.1666666666667
810.6439161775381,201.1584116490684,47.750000000000036
815.2625424467664,197.32849110352242,50.33333333333337
820.0490986137839,193.71063537671606,52.91666666666671
824.993855745516,190.31219795516705,55.50000000000004
830.0867633569108,187.14008634587626,58.08333333333338
835.3174698390914,184.20074803644775,60.666666666666714
840.6753434995582,181.50015739022314,63.25000000000005
846.1494941716762,179.04380350306658,65.83333333333339
851.7287953495251,176.8366790464819,68.41666666666671
857.4019068031209,174.88327011973897,71.00000000000004
863.1572976280447,173.18754713163548,73.58333333333337
868.983269682626,171.75295673042737,76.1666666666667
874.8679813650454,170.5824147983306,78.75000000000003
880.7994716820281,169.6783005248337,81.33333333333336
886.7656845602063,169.042451570867,83.91666666666669
892.7318974383845,168.4066026169003,83.91666666666669
898.6981103165627,167.7707536629336,83.91666666666669
904.664323194741,167.1349047089669,83.91666666666669
910.6305360729192,166.4990557550002,83.91666666666669
916.5967489510974,165.8632068010335,83.91666666666669
922.5629618292757,165.2273578470668,83.91666666666669
928.5291747074539,164.5915088931001,83.91666666666669
934.4953875856321,163.9556599391334,83.91666666666669
940.4616004638103,163.3198109851667,83.91666666666669
943.4447069028994,163.00188650818333,83.91666666666669
946.4278133419884,162.68396203119997,83.91666666666669
949.4109197810775,162.3660375542166,83.91666666666669
952.3940262201666,162.04811307723324,83.91666666666669
955.3771326592556,161.73018860024987,83.91666666666669
958.3602390983447,161.4122641232665,83.91666666666669
961.3433455374337,161.09433964628315,83.91666666666669
964.3264519765228,160.77641516929978,83.91666666666669
967.3095584156118,160.45849069231642,83.91666666666669
970.2926648547009,160.14056621533305,83.91666666666669
973.27577129379,159.8226417383497,83.91666666666669
976.258877732879,159.50471726136632,83.91666666666669
979.241984171968,159.18679278438296,83.91666666666669
982.2250906110571,158.8688683073996,83.91666666666669
985.2081970501462,158.55094383041623,83.91666666666669
988.1913034892352,158.23301935343287,83.91666666666669
991.1744099283243,157.9150948764495,83.91666666666669
994.1575163674133,157.59717039946614,83.91666666666669
997.1406228065024,157.27924592248277,83.91666666666669
1000.1237292455914,156.9613214454994,83.91666666666669
1003.1068356846805,156.64339696851604,83.91666666666669
1006.0899421237696,156.32547249153268,83.91666666666669
1009.0730485628586,156.00754801454931,83.91666666666669
1012.0561550019477,155.68962353756595,83.91666666666669
1015.0392614410367,155.37169906058259,83.91666666666669
1018.0223678801258,155.05377458359922,83.91666666666669
1021.0054743192148,154.73585010661586,83.91666666666669
1023.9885807583039,154.4179256296325,83.91666666666669
1026.971687197393,154.10000115264913,83.91666666666669
1029.9547936364822,153.78207667566576,83.91666666666669
1032.9379000755714,153.4641521986824,83.91666666666669
1035.9210065146606,153.14622772169903,83.91666666666669
1038.9041129537497,152.82830324471567,83.91666666666669
1041.887219392839,152.5103787677323,83.91666666666669
1044.870325831928,152.19245429074894,83.91666666666669
1047.8534322710173,151.87452981376558,83.91666666666669
1050.8365387101064,151.5566053367822,83.91666666666669
1053.8196451491956,151.23868085979885,83.91666666666669
1056.8027515882848,150.92075638281548,83.91666666666669
1059.785858027374,150.60283190583212,83.91666666666669
1062.768964466463,150.28490742884875,83.91666666666669
1065.7520709055523,149.9669829518654,83.91666666666669
1068.7351773446414,149.64905847488203,83.91666666666669
1071.6188469024275,149.34173148046477,83.91666666666669
1074.4030795789108,149.04500196861363,83.91666666666669
1077.087875374091,148.7588699393286,83.91666666666669
1079.6732342879682,148.4833353926097,83.91666666666669
1082.1591563205425,148.21839832845689,83.91666666666669
1084.5456414718137,147.9640587468702,83.91666666666669
1086.8326897417821,147.72031664784961,83.91666666666669
1089.0203011304475,147.48717203139515,83.91666666666669
1091.1084756378098,147.2646248975068,83.91666666666669
1093.0972132638692,147.05267524618455,83.91666666666669
1094.9865140086256,146.85132307742842,83.91666666666669
1096.7763778720791,146.6605683912384,83.91666666666669
1098.4668048542296,146.4804111876145,83.91666666666669
1100.057794955077,146.3108514665567,83.91666666666669
1101.5493481746216,146.15188922806502,83.91666666666669
1102.9414645128631,146.00352447213945,83.91666666666669
1104.2341439698018,145.86575719878,83.91666666666669
1105.4273865454375,145.73858740798664,83.91666666666669
1106.52119223977,145.6220150997594,83.91666666666669
1107.5155610527997,145.5160402740983,83.91666666666669
1108.4104929845264,145.42066293100328,83.91666666666669
1109.2059880349502,145.33588307047438,83.91666666666669
1109.902046204071,145.2617006925116,83.91666666666669
1110.498667491889,145.19811579711492,83.91666666666669
1110.9958518984038,145.14512838428436,83.91666666666669
1111.3935994236156,145.1027384540199,83.91666666666669
1111.6919100675245,145.07094600632158,83.91666666666669
1111.8907838301304,145.04975104118935,83.91666666666669
1111.9902207114335,145.03915355862324,83.91666666666669
1111.9902207114335,145.03915355862324,83.91666666666669
1111.9902207114335,145.03915355862324,83.91666666666669
1111.9902207114335,145.03915355862324,83.91666666666669
1111.9902207114335,145.03915355862324,83.91666666666669
1111.9902207114335,145.03915355862324,83.91666666666669
1111.9902207114335,145.03915355862324,83.91666666666669
1111.9902207114335,145.03915355862324,83.91666666666669
1111.9902207114335,145.03915355862324,83.91666666666669
1111.9902207114335,145.03915355862324,83.91666666666669
1111.9902207114335,145.03915355862324,83.91666666666669
1111.9902207114335,145.03915355862324,83.91666666666669
1111.9902207114335,145.03915355862324,83.91666666666669
1111.9902207114335,145.03915355862324,83.91666666666669
1111.9902207114335,145.03915355862324,83.91666666666669
1111.9902207114335,145.03915355862324,83.91666666666669
1111.9902207114335,145.03915355862324,83.91666666666669
1111.9902207114335,145.03915355862324,83.91666666666669
1111.9902207114335,145.03915355862324,83.91666666666669
1111.9902207114335,145.03915355862324,83.91666666666669
1111.9902207114335,145.03915355862324,83.91666666666669
1111.9902207114335,145.03915355862324,83.91666666666669
1111.9902207114335,145.03915355862324,83.91666666666669
1111.9902207114335,145.03915355862324,83.91666666666669
1111.9902207114335,145.03915355862324,83.91666666666669
1111.9902207114335,145.03915355862324,83.91666666666669
1111.9902207114335,145.03915355862324,83.91666666666669
1111.9902207114335,145.03915355862324,83.91666666666669
1111.9902207114335,145.03915355862324,83.91666666666669
1111.9902207114335,145.03915355862324,83.91666666666669
1112.1890944740394,145.01795859349102,83.91666666666669
1112.5868419992512,144.97556866322657,83.91666666666669
1113.1834632870691,144.9119837678299,83.91666666666669
1113.978958337493,144.827203907301,83.91666666666669
1114.9733271505227,144.72122908163988,83.91666666666669
1116.1665697261583,144.59405929084653,83.91666666666669
1117.5586860643998,144.44569453492096,83.91666666666669
1119.1496761652472,144.27613481386317,83.91666666666669
1120.9395400287008,144.08538012767315,83.91666666666669
1122.9282776547602,143.8734304763509,83.91666666666669
1125.1158890434256,143.64028585989644,83.91666666666669
1127.5023741946968,143.38594627830975,83.91666666666669
1130.087733108574,143.11041173159083,83.91666666666669
1132.8719657850572,142.8136822197397,83.91666666666669
1135.8550722241464,142.49575774275633,83.91666666666669
1139.0370524258415,142.15663830064074,83.91666666666669
1142.4257810451927,141.88001880677,85.33333333333336
1146.020284100243,141.6811525521316,86.83333333333336
1149.8188332405753,141.5761552736792,88.41666666666669
1153.8188290097785,141.58197303580138,90.08333333333336
1158.0166791019324,141.71634045671811,91.83333333333336
1162.4076722701027,141.9977280845211,93.66666666666669
1166.9982560368264,142.2919060590424,93.66666666666669
1171.7884304021034,142.598874380282,93.66666666666669
1176.7781953659335,142.91863304823994,93.66666666666669
1181.9675509283168,143.2511820629162,93.66666666666669
1187.3564970892533,143.59652142431077,93.66666666666669
1192.945033848743,143.95465113242363,93.66666666666669
1198.7331612067858,144.32557118725484,93.66666666666669
1204.7208791633818,144.70928158880434,93.66666666666669
1210.7085971199779,145.09299199035385,93.66666666666669
1216.696315076574,145.47670239190336,93.66666666666669
1222.68403303317,145.86041279345287,93.66666666666669
1228.671750989766,146.24412319500237,93.66666666666669
1234.659468946362,146.62783359655188,93.66666666666669
1240.647186902958,147.0115439981014,93.66666666666669
1246.6349048595541,147.3952543996509,93.66666666666669
1252.6226228161502,147.7789648012004,93.66666666666669
1258.6103407727462,148.1626752027499,93.66666666666669
1264.5980587293423,148.54638560429942,93.66666666666669
1270.5857766859383,148.93009600584892,93.66666666666669
1276.5734946425343,149.31380640739843,93.66666666666669
1282.5612125991304,149.69751680894794,93.66666666666669
1288.5489305557264,150.08122721049745,93.66666666666669
1294.5366485123225,150.46493761204695,93.66666666666669
1300.5243664689185,150.84864801359646,93.66666666666669
1306.5120844255146,151.23235841514597,93.66666666666669
1309.5059434038126,151.42421361592073,93.66666666666669
1312.4998023821106,151.6160688166955,93.66666666666669
1315.4936613604086,151.80792401747027,93.66666666666669
1318.4875203387066,151.99977921824504,93.66666666666669
1321.4813793170047,152.1916344190198,93.66666666666669
1324.4752382953027,152.38348961979457,93.66666666666669
1327.4690972736007,152.57534482056934,93.66666666666669
1330.4629562518987,152.7672000213441,93.66666666666669
1333.4568152301968,152.95905522211888,93.66666666666669
1336.4506742084948,153.15091042289365,93.66666666666669
1339.4445331867928,153.3427656236684,93.66666666666669
1342.4383921650908,153.53462082444318,93.66666666666669
1345.4322511433888,153.72647602521795,93.66666666666669
1348.4261101216869,153.91833122599272,93.66666666666669
1351.4199690999849,154.11018642676748,93.66666666666669
1354.413828078283,154.30204162754225,93.66666666666669
1357.407687056581,154.49389682831702,93.66666666666669
1360.401546034879,154.6857520290918,93.66666666666669
1363.395405013177,154.87760722986656,93.66666666666669
1366.3839891074522,155.13907445810952,95.00000000000001
1369.3656799466958,155.47001212470406,96.33333333333334
1372.338862892718,155.8702410210656,97.66666666666667
1375.3019279145035,156.3395444161863,99.0
1378.2532704600712,156.87766817399867,100.33333333333333
1381.1912923253678,157.48432089099478,101.66666666666666
1384.1144025197236,158.15917405402638,102.99999999999999
1387.0210181274012,158.90186221820053,104.33333333333331
1389.9095651647735,159.71198320477453,105.66666666666664
1392.7784794326626,160.58909831894275,106.99999999999997
1395.6262073633818,161.5327325873976,108.3333333333333
1398.4512068620195,162.54237501553595,109.66666666666663
1401.251948141511,163.61747886417186,110.99999999999996
1404.0269145510458,164.75746194560526,112.33333333333329
1406.7746033973594,165.96170693888703,113.66666666666661
1409.4935267584694,167.22956172410912,114.99999999999994
1412.182212289411,168.56033973553903,116.33333333333327
1414.8392040195379,169.9533203334072,117.6666666666666
1417.4630631409561,171.4077491941462,118.99999999999993
1420.0523687876637,172.92283871887025,120.33333333333326
1422.6057188049747,174.49776845987392,121.66666666666659
1425.121730508811,176.131685564919,122.99999999999991
1427.5990414344496,177.82370523906903,124.33333333333324
1430.0363100743223,179.57291122382142,125.66666666666657
1432.4322166044642,181.37835629327756,126.9999999999999
1434.785463599223,183.23906276708234,128.33333333333323
1437.094776733837,185.15402303985533,129.66666666666657
1439.3589054745055,187.12220012682684,130.99999999999991
1441.5766237555733,189.14252822538353,132.33333333333326
1443.7467306434685,191.21391329221927,133.6666666666666
1445.868050987028,193.3352336357789,134.99999999999994
1447.9394360538638,195.50534052367402,136.3333333333333
1449.9597641524206,197.7230588047418,137.66666666666663
1451.927941239392,199.98718754541014,138.99999999999997
1453.842901512165,202.29650068002425,140.33333333333331
1455.70360798597,204.649747674783,141.66666666666666
1457.5090530554262,207.04565420492486,143.0
1459.2582590401787,209.48292284479746,144.33333333333334
1460.8990986607928,211.87408267622303,145.54166666666669
1462.4833576048338,214.18278872035808,145.54166666666669
1464.011035872302,216.40904097720258,145.54166666666669
1465.4821334631974,218.55283944675654,145.54166666666669
1466.8966503775198,220.61418412901997,145.54166666666669
1468.2545866152693,222.59307502399287,145.54166666666669
1469.555942176446,224.4895121316752,145.54166666666669
1470.8007170610497,226.30349545206704,145.54166666666669
1471.9889112690805,228.03502498516832,145.54166666666669
1473.1205248005385,229.68410073097905,145.54166666666669
1474.1955576554235,231.25072268949927,145.54166666666669
1475.2140098337356,232.73489086072894,145.54166666666669
1476.175881335475,234.13660524466806,145.54166666666669
1477.0811721606412,235.45586584131667,145.54166666666669
1477.9298823092347,236.69267265067472,145.54166666666669
1478.891753810974,238.09438703461385,145.54166666666669
1479.966786665859,239.66100899313406,145.54166666666669
1481.1549808738898,241.39253852623534,145.54166666666669
1482.4563364350665,243.2889756339177,145.54166666666669
1483.8708533493889,245.35032031618113,145.54166666666669
1485.3545275901802,247.60613740699606,146.66666666666669
1486.8966552413863,250.06211833269268,147.87500000000003
1488.4342827437858,252.6381039040545,149.16666666666669
1489.9115534240962,255.2491709918742,150.50000000000003
1491.3276673141834,257.89390565726166,151.83333333333337
1492.681857563394,260.5708757297396,153.1666666666667
1493.973390853819,263.2786315827892,154.50000000000006
1495.2015677973973,266.01570691884825,155.8333333333334
1496.3657233146475,268.7806195633373,157.16666666666674
1497.4652269948203,271.5718722672834,158.50000000000009
1498.4994834372765,274.3879535181066,159.83333333333343
1499.4679325739069,277.22733835813085,161.16666666666677
1500.3700499724196,280.08848921037554,162.5000000000001
1501.2053471203292,282.96985671118034,163.83333333333346
1501.9733716894943,285.8698805492132,165.1666666666668
1502.6737077810621,288.7869903104062,166.50000000000014
1503.3059761506843,291.71960632836283,167.83333333333348
1503.8698344138845,294.66614053977474,169.16666666666683
1504.3649772314666,297.62499734438643,170.50000000000017
1504.7911364748597,300.5945744690408,171.8333333333335
1505.1480813713158,303.57326383533837,173.16666666666686
1505.4356186288765,306.5594524304399,174.5000000000002
1505.6535925410442,309.5515231805416,175.83333333333354
1505.8018850711005,312.547855826549,177.16666666666688
1505.880415916024,315.5468278014757,178.50000000000023
1505.8891425499771,318.5468151090921,179.83333333333357
1505.8280602473335,321.54619320334825,181.1666666666669
1505.6972020852374,324.54333786809383,182.50000000000026
1505.4966389256924,327.53662609662,183.8333333333336
1505.2264793771874,330.52443697054616,185.16666666666694
1504.8868697358837,333.5051525375759,186.50000000000028
1504.4779939063933,336.47715868764664,187.83333333333363
1504.0000733021907,339.43884602699876,189.16666666666697
1503.4533667257142,342.3886107496906,190.5000000000003
1502.8381702282195,345.32485550608783,191.83333333333366
1502.1548169494627,348.2459902678563,193.166666666667
1501.4036769372992,351.15043318899063,194.50000000000034
1500.5851569472968,354.0366114624115,195.83333333333368
1499.6997002224696,356.9029621716685,197.16666666666703
1498.7477862532544,359.7479331372871,198.50000000000037
1497.7299305178583,362.56998375730103,199.8333333333337
1496.646684203118,365.36758584151556,201.16666666666706
1495.4986339060226,368.1392244390494,202.5000000000004
1494.286401316061,370.88339865870734,203.83333333333374
1493.0106428785657,373.59862248173914,205.16666666666708
1491.6720494392362,376.2834255665452,206.50000000000043
1490.2713458700343,378.93635404489225,207.83333333333377
1488.8092906766526,381.5559713092088,209.1666666666671
1487.2866755877706,384.1408587905334,210.50000000000045
1485.7043251263192,386.6896167266946,211.8333333333338
1484.063096162988,389.20086492030725,213.16666666666714
1482.3638774522133,391.6732434861733,214.50000000000048
1480.6075891509033,394.1054135876839,215.83333333333383
1478.795182320156,396.49605816182304,217.16666666666717
1476.9276384102432,398.84388263238026,218.5000000000005
1475.0059687291373,401.14761561098663,219.83333333333385
1473.0312138948711,403.40600958559384,221.1666666666672
1471.0044432720242,405.61784159602416,222.50000000000054
1468.926754392643,407.7819138962249,223.83333333333388
1466.7992723619086,409.89705460286893,225.16666666666723
1464.6231492488716,411.96211832995016,226.50000000000057
1462.3995634625871,413.9759868090305,227.8333333333339
1460.1297191139847,415.93756949480166,229.16666666666725
1457.8148453638216,417.84580415563494,230.5000000000006
1455.4561957570704,419.6996574487981,231.83333333333394
1453.0550475441023,421.49812548002905,233.16666666666728
1450.6127009890333,423.24023434716185,234.50000000000063
1448.1304786656087,424.9250406675123,235.83333333333397
1445.6097247410057,426.55163208873614,237.1666666666673
1443.0518042479434,428.11912778288394,238.50000000000065
1440.4581023454932,429.62667892338504,239.833333333334
1437.830023568991,431.073469144702,241.16666666666734
1435.1689910694563,432.4587149844071,242.50000000000068
1432.476445842931,433.78166630744084,243.83333333333402
1429.753845950155,435.0416067123235,245.16666666666737
1427.0026657269996,436.2378539190992,246.5000000000007
1424.2243949860895,437.3697601388024,247.83333333333405
1421.4205382100424,438.436712424247,249.1666666666674
1418.5926137367658,439.43813300194824,250.50000000000074
1415.7421529372496,440.37347958499726,251.83333333333408
1412.8706993863018,441.2422456667187,253.16666666666742
1409.979808026676,442.0439607949534,254.50000000000077
1407.0710443270416,442.77819082681634,255.8333333333341
1404.1459834342559,443.44453816379263,257.1666666666674
1401.2062093203933,444.0426419670442,258.50000000000074
1398.2533139249974,444.57217835281034,259.83333333333405
1395.2888962930172,445.03286056779666,261.16666666666737
1392.3145617088958,445.42443914445676,262.5000000000007
1389.331920827281,445.74670203608355,263.833333333334
1386.3425888008271,445.9994747316361,265.1666666666673
1383.3481844055616,446.18262035024065,266.5000000000006
1380.350329164289,446.2960397153138,267.83333333333394
1377.3506464685076,446.3396714082685,269.16666666666725
1374.350760699315,446.31349180177335,270.50000000000057
1371.3522963477767,446.2175150725471,271.8333333333339
1368.3568771352348,446.0517931936817,273.1666666666672
1365.3614579226928,445.8860713148163,273.1666666666672
1362.3660387101509,445.72034943595094,273.1666666666672
1359.1676767351764,445.6179742581096,271.8333333333339
1355.767766639227,445.5932489783069,270.4166666666672
1352.1684101243552,445.6613127634712,268.9166666666672
1348.3725251012688,445.8381089498226,267.3333333333339
1344.383959725601,446.14034436141935,265.6666666666672
1340.2076107108762,446.585438629196,263.9166666666672
1335.8495451734038,447.1914623672586,262.0833333333339
1331.3171251172753,447.97706305132436,260.1666666666672
1326.6191335070396,448.9613774473158,258.1666666666672
1321.7659007020136,450.16392945875657,256.0833333333339
1316.7694298404465,451.60451230243893,253.91666666666723
1311.643519565152,453.3030539856576,251.66666666666723
1306.4038822764505,455.2794651480552,249.33333333333388
1301.0682558855074,457.55346844978317,246.91666666666723
1295.6565068241189,460.14440883824443,244.41666666666723
1290.367037493344,462.97663661841875,241.83333333333388
1285.2105990243354,466.04439513488103,239.25000000000054
1280.1976721558576,469.3414490033058,236.6666666666672
1275.3384459316226,472.8610967842216,234.08333333333385
1270.642796990508,476.59618460404727,231.5000000000005
1266.1202694917588,480.5391206957252,228.91666666666717
1261.7800557159685,484.68189082939665,226.33333333333383
1257.6309773812748,489.0160746017551,223.75000000000048
1253.6814677127422,493.5328625509696,221.16666666666714
1249.9395543013786,498.2230740623897,218.5833333333338
1246.4128427876237,503.0771760286393,216.00000000000045
1243.108501402476,508.0853022261706,213.4166666666671
1239.804160017328,513.0934284237019,213.4166666666671
1236.4998186321802,518.1015546212332,213.4166666666671
1233.1954772470324,523.1096808187644,213.4166666666671
1229.8911358618845,528.1178070162957,213.4166666666671
1226.5867944767367,533.125933213827,213.4166666666671
1223.2824530915889,538.1340594113583,213.4166666666671
1219.978111706441,543.1421856088896,213.4166666666671
1216.6737703212932,548.1503118064209,213.4166666666671
1213.3694289361454,553.1584380039521,213.4166666666671
1210.0650875509975,558.1665642014834,213.4166666666671
1206.7607461658497,563.1746903990147,213.4166666666671
1203.4564047807019,568.182816596546,213.4166666666671
1200.152063395554,573.1909427940773,213.4166666666671
1196.8477220104062,578.1990689916086,213.4166666666671
1193.5433806252584,583.2071951891398,213.4166666666671
1190.2390392401105,588.2153213866711,213.4166666666671
1186.9346978549627,593.2234475842024,213.4166666666671
1183.6303564698148,598.2315737817337,213.4166666666671
1180.326015084667,603.239699979265,213.4166666666671
1177.0216736995192,608.2478261767963,213.4166666666671
1173.7173323143713,613.2559523743275,213.4166666666671
1170.4129909292235,618.2640785718588,213.4166666666671
1167.1086495440757,623.2722047693901,213.4166666666671
1163.8043081589278,628.2803309669214,213.4166666666671
1160.49996677378,633.2884571644527,213.4166666666671
1157.1956253886322,638.296583361984,213.4166666666671
1153.8912840034843,643.3047095595152,213.4166666666671
1150.5869426183365,648.3128357570465,213.4166666666671
1147.2826012331886,653.3209619545778,213.4166666666671
1143.9782598480408,658.3290881521091,213.4166666666671
1140.673918462893,663.3372143496404,213.4166666666671
1137.3695770777451,668.3453405471716,213.4166666666671
1135.7174063851712,670.8494036459373,213.4166666666671
1134.0652356925973,673.3534667447029,213.4166666666671
1132.4130650000234,675.8575298434686,213.4166666666671
1130.7608943074495,678.3615929422342,213.4166666666671
1129.1087236148755,680.8656560409999,213.4166666666671
1127.4565529223016,683.3697191397655,213.4166666666671
1125.8043822297277,685.8737822385311,213.4166666666671
1124.1522115371538,688.3778453372968,213.4166666666671
1122.5000408445799,690.8819084360624,213.4166666666671
1120.847870152006,693.3859715348281,213.4166666666671
1119.195699459432,695.8900346335937,213.4166666666671
1117.5435287668581,698.3940977323593,213.4166666666671
1115.8913580742842,700.898160831125,213.4166666666671
1114.2391873817103,703.4022239298906,213.4166666666671
1112.5870166891364,705.9062870286563,213.4166666666671
1110.9348459965624,708.4103501274219,213.4166666666671
1109.2826753039885,710.9144132261875,213.4166666666671
1107.6305046114146,713.4184763249532,213.4166666666671
1105.9783339188407,715.9225394237188,213.4166666666671
1104.3261632262668,718.4266025224845,213.4166666666671
1102.6739925336929,720.9306656212501,213.4166666666671
1101.021821841119,723.4347287200158,213.4166666666671
1099.369651148545,725.9387918187814,213.4166666666671
1097.717480455971,728.442854917547,213.4166666666671
1096.0653097633972,730.9469180163127,213.4166666666671
1094.4131390708233,733.4509811150783,213.4166666666671
1092.7609683782493,735.955044213844,213.4166666666671
1091.1087976856754,738.4591073126096,213.4166666666671
1089.4566269931015,740.9631704113752,213.4166666666671
1087.7466367053125,743.4281112252017,214.75000000000045
1085.9797528122156,745.8525949451541,216.0833333333338
1084.1569321126083,748.2353086705276,217.41666666666714
1082.279161696056,750.5749621198063,218.75000000000048
1080.3474584083654,752.8702883293732,220.08333333333383
1078.3628683009438,755.1200443395941,221.41666666666717
1076.326466064345,757.3230118679011,222.7500000000005
1074.239354446304,759.4779979685151,224.08333333333385
1072.1026636545814,761.5838356784461,225.4166666666672
1069.9175507449343,763.6393846494252,226.75000000000054
1067.732437835287,765.6949336204043,226.75000000000054
1065.54732492564,767.7504825913834,226.75000000000054
1063.3622120159928,769.8060315623625,226.75000000000054
1061.1770991063456,771.8615805333416,226.75000000000054
1058.9919861966985,773.9171295043207,226.75000000000054
1056.8068732870513,775.9726784752997,226.75000000000054
1054.6217603774041,778.0282274462788,226.75000000000054
1052.436647467757,780.0837764172579,226.75000000000054
1050.2515345581098,782.139325388237,226.75000000000054
1048.0664216484627,784.1948743592161,226.75000000000054
1045.8813087388155,786.2504233301952,226.75000000000054
1043.6961958291683,788.3059723011743,226.75000000000054
1041.5110829195212,790.3615212721534,226.75000000000054
1039.325970009874,792.4170702431325,226.75000000000054
1037.1408571002269,794.4726192141115,226.75000000000054
1034.9557441905797,796.5281681850906,226.75000000000054
1032.7706312809325,798.5837171560697,226.75000000000054
1030.5855183712854,800.6392661270488,226.75000000000054
1028.4004054616382,802.6948150980279,226.75000000000054
1026.215292551991,804.750364069007,226.75000000000054
1024.030179642344,806.8059130399861,226.75000000000054
1021.8450667326966,808.8614620109652,226.75000000000054
1019.6599538230494,810.9170109819443,226.75000000000054
1017.4748409134021,812.9725599529233,226.75000000000054
1015.2897280037548,815.0281089239024,226.75000000000054
1013.1046150941075,817.0836578948815,226.75000000000054
1010.9195021844603,819.1392068658606,226.75000000000054
1008.734389274813,821.1947558368397,226.75000000000054
1006.5492763651657,823.2503048078188,226.75000000000054
1004.3641634555185,825.3058537787979,226.75000000000054
1002.1790505458712,827.361402749777,226.75000000000054
999.9939376362239,829.4169517207561,226.75000000000054
997.8088247265766,831.4725006917351,226.75000000000054
995.6237118169294,833.5280496627142,226.75000000000054
993.4385989072821,835.5835986336933,226.75000000000054
991.2534859976348,837.6391476046724,226.75000000000054
989.0683730879875,839.6946965756515,226.75000000000054
986.8832601783403,841.7502455466306,226.75000000000054
984.698147268693,843.8057945176097,226.75000000000054
982.5130343590457,845.8613434885888,226.75000000000054
980.3279214493984,847.9168924595679,226.75000000000054
978.1428085397512,849.972441430547,226.75000000000054
975.9576956301039,852.027990401526,226.75000000000054
973.7725827204566,854.0835393725051,226.75000000000054
971.5874698108094,856.1390883434842,226.75000000000054
969.4023569011621,858.1946373144633,226.75000000000054
967.2172439915148,860.2501862854424,226.75000000000054
965.0321310818675,862.3057352564215,226.75000000000054
962.8470181722203,864.3612842274006,226.75000000000054
960.661905262573,866.4168331983797,226.75000000000054
958.4767923529257,868.4723821693588,226.75000000000054
956.2916794432784,870.5279311403378,226.75000000000054
954.1065665336312,872.5834801113169,226.75000000000054
951.9214536239839,874.639029082296,226.75000000000054
949.7363407143366,876.6945780532751,226.75000000000054
947.5512278046893,878.7501270242542,226.75000000000054
945.3661148950421,880.8056759952333,226.75000000000054
943.1810019853948,882.8612249662124,226.75000000000054
940.9958890757475,884.9167739371915,226.75000000000054
938.763537325364,886.9209210531886,228.08333333333388
936.4851555920982,888.8725810331853,229.41666666666723
934.1619776598516,890.7706970188729,230.75000000000057
931.8780454713614,892.5577766920767,231.9583333333339
929.638195089081,894.2379761638653,233.12500000000057
927.4469453377754,895.8154502610863,234.25000000000057
925.3085100900457,897.2943331811537,235.3333333333339
923.2268108430086,898.6787204986645,236.37500000000057
921.2054894820895,899.9726524736509,237.37500000000057
919.2479211354845,901.1800986084204,238.3333333333339
917.3572270301813,902.3049433977899,239.25000000000057
915.5362872674804,903.3509732160143,240.12500000000057
913.7877534426916,904.3218642828027,240.9583333333339
912.1140610401013,905.2211716504539,241.75000000000057
910.5174415403806,906.0523191542769,242.50000000000057
908.9999341833457,906.8185902690562,243.2083333333339
907.5633973343772,907.5231198153181,243.87500000000057
906.2095194078524,908.1688864605305,244.50000000000057
904.9398293056622,908.7587059620732,245.0833333333339
903.7557063332647,909.2952251008189,245.62500000000057
902.6583895597881,909.7809162564384,246.12500000000057
901.6489865924475,910.2180725780487,246.5833333333339
900.728481738995,910.608803706538,247.00000000000057
899.8977435351036,910.9550320078008,247.37500000000057
899.1575316164949,911.2584892791746,247.7083333333339
898.5085029182982,911.5207138945657,248.00000000000057
897.951217186575,911.7430483570715,248.25000000000057
897.4861417891917,911.9266372313224,248.4583333333339
897.1136558152882,912.072425431274,248.62500000000057
896.8340534545034,912.1811568427592,248.75000000000057
896.6475466488891,912.2533732637419,248.8333333333339
896.5542670121112,912.2894136489031,248.87500000000057
896.5542670121112,912.2894136489031,248.87500000000057
896.367603098685,912.3612230036168,248.9583333333339
895.9938590820038,912.5037551403267,249.12500000000057
895.4323155259494,912.7151051690794,249.37500000000057
894.6819640184,912.9925445590699,249.7083333333339
893.7415274623066,913.3325137988008,250.12500000000057
892.6094864613589,913.7306132489049,250.62500000000057
891.2841118909114,914.181592459081,251.2083333333339
889.763503758136,914.6793382843148,251.87500000000057
888.0456364642316,915.2168622005582,252.62500000000057
886.1284105851046,915.7862872864173,253.4583333333339
884.0097112843475,916.3788354051144,254.37500000000057
881.6874734626829,916.9848151899507,255.37500000000057
879.1597537303929,917.5936115064573,256.4583333333339
876.4248092626945,918.1936771350394,257.62500000000057
873.481183561611,918.7725274886895,258.87500000000057
870.5248856295243,919.2827260154806,260.2083333333339
867.5575163539169,919.72399643391,261.5416666666672
864.580682617599,920.0960997882614,262.8750000000005
861.5959964285535,920.3988345780043,264.2083333333338
858.6050740470047,920.6320368669094,265.54166666666714
855.6095351101853,920.7955803718233,266.87500000000045
852.6110017552744,920.8893765310532,268.20833333333377
849.6110977409808,920.9133745523241,269.5416666666671
846.6114475682498,920.867561440284,270.8750000000004
843.613675600567,920.7519620035415,272.2083333333337
840.6194051843369,920.5666388412307,273.541666666667
837.6302577698119,920.3116923091134,274.87500000000034
834.6478520330488,919.9872604652342,276.20833333333366
831.673802999367,919.5935189951599,277.54166666666697
828.7097211687836,919.1306811168427,278.8750000000003
825.7572116438995,918.5989974651584,280.2083333333336
822.8178732607078,917.998755956184,281.5416666666669
819.8932977227961,917.3302816312856,282.8750000000002
816.9850687394108,916.5939364811027,284.20833333333354
814.0947611678508,915.790119249524,285.54166666666686
811.2239401606543,914.9192652177605,286.87500000000017
808.3741603180408,913.9818459686335,288.2083333333335
805.5469648460685,912.9783691312032,289.5416666666668
802.7438847209601,911.9093781058796,290.8750000000001
799.9664378600528,910.775451770161,292.2083333333334
797.2161282998188,909.577204165162,293.54166666666674
794.4944453814036,908.315284163099,294.87500000000006
791.8028629441208,906.9903751159147,296.20833333333337
789.1428385273425,905.6031944852311,297.5416666666667
786.5158125812163,904.154493453831,298.875
783.9232076866355,902.6450565188795,300.2083333333333
781.3664277848868,901.0757010671051,301.54166666666663
778.8468574173914,899.44727693217,302.87499999999994
776.3658609759514,897.7606659344704,304.20833333333326
773.924781963907,896.016781403615,305.5416666666666
771.5249422686065,894.2165676838416,306.8749999999999
769.1676414455809,892.360999622637,308.2083333333332
766.854156014811,890.4510820428405,309.5416666666665
764.58573876947,888.4878491985147,310.87499999999983
762.3636180975136,886.4723642148782,312.20833333333314
760.1889973164863,884.4057185126051,313.54166666666646
758.0630540219036,882.2890312168009,314.8749999999998
755.9869394495634,880.1234485509771,316.2083333333331
753.9617778521315,877.9101432163503,317.5416666666664
751.9886658903391,875.6503137568044,318.8749999999997
750.0686720391212,873.3451839098575,320.20833333333303
748.202836009019,870.9960019439867,321.54166666666634
746.3921681831583,868.6040399826686,322.87499999999966
744.6376490701089,866.1705933155021,324.208333333333
742.940228772922,863.696979696786,325.5416666666663
741.3008264746328,861.1845386319321,326.8749999999996
739.7203299405068,858.6346306520992,328.2083333333329
738.1995950372988,856.0486365774415,329.54166666666623
736.7394452697863,853.42795676937,330.87499999999955
735.3406713348271,850.7740103722325,332.20833333333286
734.0040306931828,848.0882345448216,333.5416666666662
732.7302471593406,845.3720836821277,334.8749999999995
731.520010509555,842.6270286277589,336.2083333333328
730.3739761083218,839.8545558774528,337.5416666666661
729.2927645534866,837.056166774113,338.87499999999943
728.2769613401799,834.2333766948057,340.20833333333275
727.3271165437617,831.3877142301558,341.54166666666606
726.4437445219454,828.5207203565885,342.8749999999994
725.6273236362646,825.6339476018633,344.2083333333327
724.8782959930313,822.7289592043525,345.541666666666
724.1970672039282,819.8073282665205,346.8749999999993
723.584006166362,816.8706369030608,348.20833333333263
723.0394448636996,813.9204753841533,349.54166666666595
722.5636781854931,810.9584412743044,350.87499999999926
722.1569637677919,807.9861385672381,352.2083333333326
721.8195218536279,805.0051768173048,353.5416666666659
721.5515351737505,802.0171702678796,354.8749999999992
721.3531488476744,799.0237369772206,356.2083333333325
721.224470305095,796.0264979422619,357.54166666666583
721.165569227713,793.0270762208157,358.87499999999915
721.176477511501,790.0270960526572,360.20833333333246
721.2571892494309,787.0281819799701,361.5416666666658
721.4076607346727,784.0319579676291,362.8749999999991
721.6278104842628,781.0400465237933,364.2083333333324
721.917519283228,778.0540678212902,365.5416666666657
722.2766302491428,775.0756388202631,366.87499999999903
722.7049489170843,772.1063723925586,368.20833333333235
723.2022433449375,769.1478764483285,369.54166666666566
723.7682442389971,766.2017530653176,370.874999999999
724.4026450997941,763.2695976213106,372.2083333333323
725.0370459605911,760.3374421773036,372.2083333333323
725.671446821388,757.4052867332966,372.2083333333323
726.305847682185,754.4731312892897,372.2083333333323
726.940248542982,751.5409758452827,372.2083333333323
727.574649403779,748.6088204012757,372.2083333333323
728.2090502645759,745.6766649572687,372.2083333333323
728.8127845515728,742.5341333487237,370.874999999999
729.3715076230881,739.1803551018271,369.4583333333323
729.8699381385483,735.6150266427286,367.9583333333323
730.2918723110545,731.8385240869144,366.374999999999
730.6202061622341,727.8520222516997,364.7083333333323
730.8369669802566,723.657619463725,362.9583333333323
730.9233552270833,719.258467605604,361.124999999999
730.8597981758645,714.6589067025133,359.2083333333323
730.6260165815505,709.8646031904105,357.2083333333323
730.2011056946882,704.8826908328689,355.124999999999
729.5636319172467,699.7219130636684,352.9583333333323
728.691746367183,694.3927653280928,350.7083333333323
727.5633165621595,688.907635778562,348.374999999999
726.1560773490763,683.2809424514683,345.9583333333323
724.447802091499,677.5292648140872,343.4583333333323
722.4820210141288,671.860428535286,340.874999999999
720.2627296728255,666.2859558299608,338.29166666666566
717.794438896707,660.817177113965,335.70833333333235
715.0821656196466,655.4652079744292,333.12499999999903
712.1314226830845,650.2409265767316,330.5416666666657
708.9482076308809,645.1549515540418,327.9583333333324
705.5389905189853,640.2176204243768,325.3749999999991
701.9107007646995,635.4389685790396,322.7916666666658
698.0707130622637,630.8287088851458,320.20833333333246
694.0268323933939,626.3962119436984,317.62499999999915
689.7872781632359,622.150487043337,315.04166666666583
687.573972828609,620.1253254459052,312.4583333333325
685.3141433690631,618.1522134841128,311.1249999999992
683.0090135221161,616.2322196328951,309.7916666666659
680.6598315562452,614.366383602793,308.4583333333326
678.267869594927,612.5557157769323,307.12499999999926
675.8344229277604,610.8011966638828,305.79166666666595
673.3608093090443,609.1037763666959,304.45833333333263
670.8483682441903,607.4643740684068,303.1249999999993
668.2984602643573,605.8838775342808,301.791666666666
665.7124661896995,604.363142631073,300.4583333333327
663.091786381628,602.9029928635606,299.1249999999994
660.4378399844906,601.5042189286014,297.79166666666606
657.7520641570796,600.1675782869571,296.45833333333275
655.0359132943858,598.893794753115,295.12499999999943
652.2908582400169,597.6835581033295,293.7916666666661
649.5183854897107,596.5375237020963,292.4583333333328
646.7199963863709,595.4563121472611,291.1249999999995
643.8972063070636,594.4405089339544,289.7916666666662
641.0515438424137,593.4906641375362,288.45833333333286
638.1845499688465,592.60729211572,287.12499999999955
635.2977772141212,591.7908712300393,285.79166666666623
632.3927888166104,591.0418435868062,284.4583333333329
629.4711578787784,590.3606147977031,283.1249999999996
626.5344665153187,589.747553760137,281.7916666666663
623.5843049964112,589.2029924574747,280.458333333333
620.6222708865623,588.7272257792683,279.12499999999966
617.649968179496,588.3205113615671,277.79166666666634
614.6690064295627,587.9830694474032,276.45833333333303
611.6809998801375,587.7150827675258,275.1249999999997
608.6875665894785,587.5166964414498,273.7916666666664
605.6903275545199,587.3880178988704,272.4583333333331
602.6909058330737,587.3291168214886,271.1249999999998
599.6909256649151,587.3400251052767,269.79166666666646
596.692011592228,587.4207368432067,268.45833333333314
593.695787579887,587.5712083284485,267.12499999999983
590.7038761360512,587.7913580780386,265.7916666666665
587.7178974335482,588.0810668770038,264.4583333333332
584.739468432521,588.4401778429186,263.1249999999999
581.7610394314938,588.7992888088335,263.1249999999999
578.7826104304667,589.1583997747483,263.1249999999999
575.8041814294395,589.5175107406632,263.1249999999999
572.8257524284123,589.876621706578,263.1249999999999
569.8473234273852,590.2357326724929,263.1249999999999
566.868894426358,590.5948436384077,263.1249999999999
563.8904654253308,590.9539546043226,263.1249999999999
560.9120364243037,591.3130655702374,263.1249999999999
557.9336074232765,591.6721765361523,263.1249999999999
554.9551784222493,592.0312875020671,263.1249999999999
551.9767494212222,592.390398467982,263.1249999999999
548.998320420195,592.7495094338968,263.1249999999999
546.0198914191678,593.1086203998117,263.1249999999999
543.0414624181407,593.4677313657265,263.1249999999999
540.0630334171135,593.8268423316414,263.1249999999999
537.0846044160863,594.1859532975562,263.1249999999999
534.1061754150592,594.5450642634711,263.1249999999999
531.127746414032,594.9041752293859,263.1249999999999
528.1493174130048,595.2632861953008,263.1249999999999
525.1708884119777,595.6223971612156,263.1249999999999
522.1924594109505,595.9815081271305,263.1249999999999
519.2140304099233,596.3406190930453,263.1249999999999
516.2356014088962,596.6997300589602,263.1249999999999
513.257172407869,597.058841024875,263.1249999999999
510.27874340684184,597.4179519907899,263.1249999999999
507.3003144058147,597.7770629567048,263.1249999999999
504.3218854047875,598.1361739226196,263.1249999999999
501.34345640376034,598.4952848885345,263.1249999999999
498.3650274027332,598.8543958544493,263.1249999999999
495.386598401706,599.2135068203642,263.1249999999999
492.40816940067884,599.572617786279,263.1249999999999
489.4297403996517,599.9317287521939,263.1249999999999
486.4513113986245,600.2908397181087,263.1249999999999
483.47288239759735,600.6499506840236,263.1249999999999
480.4944533965702,601.0090616499384,263.1249999999999
477.516024395543,601.3681726158533,263.1249999999999
474.53759539451585,601.7272835817681,263.1249999999999
471.5591663934887,602.086394547683,263.1249999999999
468.5807373924615,602.4455055135978,263.1249999999999
465.60230839143435,602.8046164795127,263.1249999999999
462.6238793904072,603.1637274454275,263.1249999999999
459.64545038938,603.5228384113424,263.1249999999999
456.66702138835285,603.8819493772572,263.1249999999999
453.6885923873257,604.2410603431721,263.1249999999999
450.7101633862985,604.6001713090869,263.1249999999999
447.73173438527135,604.9592822750018,263.1249999999999
444.7533053842442,605.3183932409166,263.1249999999999
441.774876383217,605.6775042068315,263.1249999999999
438.79644738218985,606.0366151727463,263.1249999999999
435.8180183811627,606.3957261386612,263.1249999999999
432.8395893801355,606.754837104576,263.1249999999999
429.86116037910836,607.1139480704909,263.1249999999999
426.8827313780812,607.4730590364057,263.1249999999999
423.904302377054,607.8321700023206,263.1249999999999
420.92587337602686,608.1912809682354,263.1249999999999
417.9474443749997,608.5503919341503,263.1249999999999
414.9690153739725,608.9095029000651,263.1249999999999
411.99058637294536,609.26861386598,263.1249999999999
409.0121573719182,609.6277248318949,263.1249999999999
406.033728370891,609.9868357978097,263.1249999999999
403.05529936986386,610.3459467637246,263.1249999999999
400.0768703688367,610.7050577296394,263.1249999999999
397.0984413678095,611.0641686955543,263.1249999999999
394.12001236678236,611.4232796614691,263.1249999999999
391.1415833657552,611.782390627384,263.1249999999999
388.16315436472803,612.1415015932988,263.1249999999999
385.18472536370086,612.5006125592137,263.1249999999999
382.2062963626737,612.8597235251285,263.1249999999999
379.22786736164653,613.2188344910434,263.1249999999999
376.24943836061937,613.5779454569582,263.1249999999999
373.2710093595922,613.9370564228731,263.1249999999999
370.29258035856503,614.2961673887879,263.1249999999999
367.31415135753787,614.6552783547028,263.1249999999999
364.3357223565107,615.0143893206176,263.1249999999999
361.35729335548353,615.3735002865325,263.1249999999999
358.37886435445637,615.7326112524473,263.1249999999999
355.4004353534292,616.0917222183622,263.1249999999999
352.42200635240204,616.450833184277,263.1249999999999
349.44357735137487,616.8099441501919,263.1249999999999
346.4651483503477,617.1690551161067,263.1249999999999
343.48671934932054,617.5281660820216,263.1249999999999
340.5082903482934,617.8872770479364,263.1249999999999
337.5298613472662,618.2463880138513,263.1249999999999
334.5438826447631,618.5360968128165,264.4583333333332
331.5519712009273,618.7562465624065,265.7916666666665
328.5557471885863,618.9067180476484,267.12499999999983
325.5568331158992,618.9874297855783,268.45833333333314
322.55685294774065,618.9983380693665,269.79166666666646
319.55743122629445,618.9394369919846,271.1249999999998
316.56019219133583,618.8107584494053,272.4583333333331
313.56675890067675,618.6123721233292,273.7916666666664
310.57875235125147,618.3443854434519,275.1249999999997
307.5977906013182,618.0069435292879,276.45833333333303
304.6254878942518,617.6002291115867,277.79166666666634
301.6634537844029,617.1244624333804,279.12499999999966
298.7132922654954,616.5799011307181,280.458333333333
295.7766009020358,615.966840093152,281.7916666666663
292.8549699642038,615.2856113040489,283.1249999999996
289.94998156669294,614.5365836608157,284.4583333333329
287.0632088119676,613.720162775135,285.79166666666623
284.1962149384003,612.8367907533188,287.12499999999955
281.35055247375044,611.8869459569006,288.45833333333286
278.52776239444313,610.871142743594,289.7916666666662
275.7049723151358,609.8553395302873,289.7916666666662
272.8821822358285,608.8395363169807,289.7916666666662
270.0593921565212,607.823733103674,289.7916666666662
267.2366020772139,606.8079298903674,289.7916666666662
264.4138119979066,605.7921266770608,289.7916666666662
261.59102191859927,604.7763234637541,289.7916666666662
258.76823183929196,603.7605202504475,289.7916666666662
255.96984273595217,602.6793086956122,291.1249999999995
253.19736998564602,601.5332742943791,292.4583333333328
250.45231493127716,600.3230376445936,293.7916666666661
247.7361640685833,599.0492541107515,295.12499999999943
245.05038824117236,597.7126134691072,296.45833333333275
242.3964418440349,596.313839534148,297.79166666666606
239.77576203596345,594.8536897666356,299.1249999999994
237.18976796130568,593.3329548634277,300.4583333333327
234.6398599814727,591.7524583293018,301.791666666666
232.12741891661878,590.1130560310127,303.1249999999993
229.65380529790264,588.4156357338258,304.45833333333263
227.22035863073606,586.6611166207763,305.79166666666595
224.8283966694179,584.8504487949156,307.12499999999926
222.47921470354706,582.9846127648135,308.4583333333326
220.17408485660007,581.0646189135957,309.7916666666659
217.9142553970541,579.0915069518034,311.1249999999992
215.70095006242727,577.0663453543716,312.4583333333325
213.5353673966034,574.9902307820314,313.79166666666583
211.4186801007992,572.8642874874487,315.12499999999915
209.35203439852606,570.6896667064213,316.45833333333246
207.33654941488956,568.4675460344649,317.7916666666658
205.3733165705637,566.199128789124,319.1249999999991
203.4633989907672,563.8856433583542,320.4583333333324
201.6078309295625,561.5283425353285,321.7916666666657
199.80761720978902,559.1285028400282,323.12499999999903
198.0637326789337,556.6874238279838,324.45833333333235
196.37712168123397,554.2064273865437,325.79166666666566
194.74869754629876,551.6868570190484,327.124999999999
193.17934209452426,549.1300771172997,328.4583333333323
191.66990515957275,546.537472222719,329.7916666666656
190.2212041281726,543.9104462765928,331.1249999999989
188.83402349748891,541.2504218598147,332.45833333333223
187.50911445030462,538.5588394225318,333.79166666666555
186.24719444824157,535.8371565041166,335.12499999999886
185.0489468432425,533.0868469438827,336.4583333333322
183.91502050752393,530.3094000829755,337.7916666666655
182.8460294822003,527.506319957867,339.1249999999988
181.84255264476997,524.6791244858947,340.4583333333321
180.90513339564285,521.8293446432813,341.79166666666544
180.0342793638794,518.9585236360847,343.12499999999875
179.23046213230063,516.0682160645247,344.45833333333206
178.49411698211765,513.1599870811394,345.7916666666654
177.8256426572192,510.2354115432277,347.1249999999987
177.2254011482448,507.296073160036,348.458333333332
176.6937174965605,504.34356363515184,349.7916666666653
176.23087961824316,501.37948180456846,351.12499999999864
175.8371381481688,498.40543277088665,352.45833333333195
175.51270630428954,495.4230270341236,353.79166666666526
175.25775977217214,492.43387961959866,355.1249999999986
175.07243660986128,489.4396092033685,356.4583333333319
174.95683717311866,486.4418372356857,357.7916666666652
174.91102406107856,483.44218706295464,359.1249999999985
174.93502208234935,480.442283048661,360.45833333333184
175.02881824157916,477.44374969375,361.79166666666515
175.1923617464931,474.44821075693073,363.12499999999847
175.42556403539817,471.45728837538195,364.4583333333318
175.728298825141,468.47260218633636,365.7916666666651
176.10040217949236,465.49576845001843,367.1249999999984
176.5416725979216,462.52839917441094,368.4583333333317
177.05187112471262,459.5721012423242,369.79166666666504
177.63072147836272,456.62847554124073,371.12499999999835
178.27791020119386,453.6991160964064,372.45833333333167
178.99308682909552,450.7856092076376,373.791666666665
179.77586408130722,447.88953259031206,375.1249999999983
180.62581807013783,445.0124545210079,376.4583333333316
181.5424885305083,442.15593298825445,377.7916666666649
182.5253790691933,439.3215148488538,379.12499999999824
183.57395743362684,436.51073499023056,380.45833333333155
184.6876558001266,433.72511549926344,381.79166666666487
185.80135416662637,430.9394960082963,381.79166666666487
186.91505253312613,428.1538765173292,381.79166666666487
188.0287508996259,425.3682570263621,381.79166666666487
189.14244926612565,422.58263753539495,381.79166666666487
190.2561476326254,419.79701804442783,381.79166666666487
191.36984599912518,417.0113985534607,381.79166666666487
192.48354436562494,414.2257790624936,381.79166666666487
193.5972427321247,411.44015957152646,381.79166666666487
194.71094109862446,408.65454008055934,381.79166666666487
195.82463946512422,405.8689205895922,381.79166666666487
196.93833783162398,403.0833010986251,381.79166666666487
198.05203619812374,400.297681607658,381.79166666666487
199.1657345646235,397.51206211669086,381.79166666666487
200.27943293112327,394.72644262572373,381.79166666666487
201.39313129762303,391.9408231347566,381.79166666666487
202.5068296641228,389.1552036437895,381.79166666666487
203.62052803062255,386.36958415282237,381.79166666666487
204.7342263971223,383.58396466185525,381.79166666666487
205.84792476362207,380.7983451708881,381.79166666666487
206.96162313012184,378.012725679921,381.79166666666487
208.0753214966216,375.2271061889539,381.79166666666487
209.18901986312136,372.44148669798676,381.79166666666487
210.30271822962112,369.65586720701964,381.79166666666487
211.41641659612088,366.8702477160525,381.79166666666487
212.53011496262064,364.0846282250854,381.79166666666487
213.6438133291204,361.2990087341183,381.79166666666487
214.75751169562017,358.51338924315115,381.79166666666487
215.87121006211993,355.72776975218403,381.79166666666487
216.9849084286197,352.9421502612169,381.79166666666487
218.09860679511945,350.1565307702498,381.79166666666487
219.2123051616192,347.37091127928267,381.79166666666487
220.32600352811897,344.58529178831554,381.79166666666487
221.43970189461874,341.7996722973484,381.79166666666487
222.4882802590523,338.9888924387252,380.45833333333155
223.47117079773727,336.15447429932453,379.12499999999824
224.38784125810776,333.2979527665711,377.7916666666649
225.23779524693836,330.4208746972669,376.4583333333316
226.02057249915006,327.5247980799414,375.1249999999983
226.73574912705172,324.6112911911726,373.791666666665
227.38293784988286,321.68193174633825,372.45833333333167
227.96178820353296,318.7383060452548,371.12499999999835
228.47198673032398,315.78200811316805,369.79166666666504
228.91325714875322,312.81463883756055,368.4583333333317
229.28536050310458,309.8378051012426,367.1249999999984
229.65746385745595,306.8609713649247,367.1249999999984
230.02956721180732,303.88413762860677,367.1249999999984
230.40167056615869,300.90730389228884,367.1249999999984
230.77377392051005,297.9304701559709,367.1249999999984
231.2150443389393,294.9631008803634,368.4583333333317
231.7252428657303,292.0068029482767,369.79166666666504
232.3040932193804,289.0631772471932,371.12499999999835
232.95128194221155,286.13381780235886,372.45833333333167
233.71413701197332,283.02607712100547,373.791666666665
234.6060574201847,279.7451507296617,375.20833333333167
235.64105679538545,276.29714024630556,376.70833333333167
236.73355613587515,272.65757362498516,376.70833333333167
237.88355544165375,268.8264508657005,376.70833333333167
239.0910547127213,264.80377196845166,376.70833333333167
240.3560539490778,260.58953693323855,376.70833333333167
241.6785531507232,256.18374576006124,376.70833333333167
243.05855231765753,251.58639844891968,376.70833333333167
244.4960514498808,246.7974949998139,376.70833333333167
245.99105054739303,241.81703541274388,376.70833333333167
247.54354961019416,236.64501968770963,376.70833333333167
249.15354863828424,231.28144782471114,376.70833333333167
250.82104763166325,225.7263198237484,376.70833333333167
252.54604659033117,219.97963568482146,376.70833333333167
254.2710455489991,214.2329515458945,376.70833333333167
255.99604450766702,208.48626740696756,376.70833333333167
257.6922934836905,202.83536133702273,376.70833333333167
259.3597924770695,197.28023333606,376.70833333333167
260.99854148780406,191.8208834040794,376.70833333333167
262.6085405158941,186.4573115410809,376.70833333333167
264.1897895613397,181.18951774706454,376.70833333333167
265.7422886241408,176.0175020220303,376.70833333333167
267.2660377042975,170.94126436597816,376.70833333333167
268.7610368018097,165.96080477890814,376.70833333333167
270.2272859166775,161.07612326082022,376.70833333333167
271.66478504890074,156.28721981171444,376.70833333333167
273.07353419847954,151.59409443159075,376.70833333333167
273.9360336778135,148.72075236212729,376.70833333333167
274.769783174503,145.94318836164592,376.70833333333167
275.57478268854805,143.2614024301467,376.70833333333167
276.35103221994865,140.67539456762955,376.70833333333167
277.09853176870473,138.18516477409455,376.70833333333167
277.81728133481636,135.79071304954164,376.70833333333167
278.5072809182835,133.49203939397086,376.70833333333167
279.16853051910624,131.2891438073822,376.70833333333167
279.8010301372845,129.18202628977565,376.70833333333167
280.3760297901738,127.26646491013334,376.70833333333167
280.89352947777417,125.54245966845525,376.70833333333167
281.35352920008563,124.01001056474139,376.70833333333167
281.75602895710813,122.66911759899178,376.70833333333167
282.1010287488417,121.51978077120638,376.70833333333167
282.3885285752864,120.56200008138522,376.70833333333167
282.6185284364421,119.7957755295283,376.70833333333167
282.7910283323089,119.2211071156356,376.70833333333167
282.90602826288676,118.83799483970714,376.70833333333167
282.9635282281757,118.64643870174291,376.70833333333167
282.9635282281757,118.64643870174291,376.70833333333167
282.90602826288676,118.83799483970714,376.70833333333167
282.7910283323089,119.2211071156356,376.70833333333167
282.6185284364421,119.7957755295283,376.70833333333167
282.3885285752864,120.56200008138522,376.70833333333167
282.1010287488417,121.51978077120638,376.70833333333167
281.75602895710813,122.66911759899178,376.70833333333167
281.35352920008563,124.01001056474139,376.70833333333167
280.9222794604186,125.44668159947312,376.70833333333167
280.4910297207516,126.88335263420485,376.70833333333167
280.0597799810846,128.32002366893659,376.70833333333167
279.6285302414176,129.75669470366833,376.70833333333167
279.1972805017506,131.19336573840008,376.70833333333167
278.7660307620836,132.63003677313182,376.70833333333167
278.33478102241656,134.06670780786357,376.70833333333167
277.93228126539407,135.40760077361318,376.70833333333167
277.558531491016,136.6527156703807,376.70833333333167
277.21353169928244,137.8020524981661,376.70833333333167
276.8888642335125,138.853047758227,377.166666666665
276.5867716274767,139.80632634152704,377.58333333333167
276.30927887105935,140.66247923099007,377.95833333333167
276.0581953796125,141.42205613975105,378.291666666665
275.83511685880586,142.08555894573962,378.58333333333167
275.6414270314798,142.6534359137445,378.83333333333167
275.4782991970698,143.12607669662373,379.041666666665
275.3466975981758,143.50380810803736,379.20833333333167
275.2473785728103,143.78689065995545,379.33333333333167
275.1808914747751,143.97551585921275,379.416666666665
275.14757934849604,144.06980425851387,379.45833333333167
275.14757934849604,144.06980425851387,379.45833333333167
275.14757934849604,144.06980425851387,379.45833333333167
275.14757934849604,144.06980425851387,379.45833333333167
275.14757934849604,144.06980425851387,379.45833333333167
275.14757934849604,144.06980425851387,379.45833333333167
275.14757934849604,144.06980425851387,379.45833333333167
275.14757934849604,144.06980425851387,379.45833333333167
275.14757934849604,144.06980425851387,379.45833333333167
275.14757934849604,144.06980425851387,379.45833333333167
275.14757934849604,144.06980425851387,379.45833333333167
275.14757934849604,144.06980425851387,379.45833333333167
275.14757934849604,144.06980425851387,379.45833333333167
275.14757934849604,144.06980425851387,379.45833333333167
275.14757934849604,144.06980425851387,379.45833333333167
275.14757934849604,144.06980425851387,379.45833333333167
275.14757934849604,144.06980425851387,379.45833333333167
275.14757934849604,144.06980425851387,379.45833333333167
275.14757934849604,144.06980425851387,379.45833333333167
275.14757934849604,144.06980425851387,379.45833333333167
275.14757934849604,144.06980425851387,379.45833333333167
275.14757934849604,144.06980425851387,379.45833333333167
275.14757934849604,144.06980425851387,379.45833333333167
275.14757934849604,144.06980425851387,379.45833333333167
275.14757934849604,144.06980425851387,379.45833333333167
275.14757934849604,144.06980425851387,379.45833333333167
275.14757934849604,144.06980425851387,379.45833333333167
275.14757934849604,144.06980425851387,379.45833333333167
275.14757934849604,144.06980425851387,379.45833333333167
275.14757934849604,144.06980425851387,379.45833333333167
275.14757934849604,144.06980425851387,379.45833333333167
275.14757934849604,144.06980425851387,379.45833333333167
275.2144778043247,143.88132456038238,379.541666666665
275.3493706788036,143.50475595784783,379.70833333333167
275.55417269231725,142.94079130003604,379.95833333333167
275.83161208230774,142.19043979248661,380.291666666665
276.18522297716703,141.2550471823828,380.70833333333167
276.6193351778753,140.13632174815143,381.20833333333167
277.1390610822419,138.83636598570013,381.791666666665
277.7502794295662,137.3577138522035,382.45833333333167
278.4596154883981,135.70337339279348,383.20833333333167
279.2744172573385,133.87687453505183,384.041666666665
280.2027271990764,131.8823217901813,384.95833333333167
281.25324898176893,129.72445154753729,385.95833333333167
282.4353086602189,127.40869359028382,387.041666666665
283.7588096929515,124.94123639382514,388.20833333333167
285.2341811612324,122.32909569497629,389.45833333333167
286.7699349476392,119.75199261059309,390.791666666665
288.365239414404,117.21132268745862,392.1249999999983
290.01923067601535,114.7084617431564,393.4583333333316
291.7310130670268,112.24476512104094,394.7916666666649
293.49965962707597,109.82156695629537,396.12499999999824
295.32421260284974,107.44017945347372,397.45833333333155
297.20368396672467,105.101892175919,398.79166666666487
299.1370559518013,102.80797134744195,400.1249999999982
301.1232816030429,100.55965916663838,401.4583333333315
303.1612853442203,98.35817313421687,402.7916666666648
305.1757946185513,96.27208771323471,403.9999999999981
307.1614445139033,94.29795638703357,405.1666666666648
309.1131844783252,92.43228998832282,406.2916666666648
311.02626883124617,90.67157755904626,407.3749999999981
312.8962467991578,89.01230591174883,408.4166666666648
314.71895218577043,87.45097792775145,409.4166666666648
316.49049277950314,85.9841296313155,410.3749999999981
318.2072395942001,84.60834608212329,411.2916666666648
319.8658160321938,83.32027613086593,412.1666666666648
321.4630870522883,82.11664608456178,412.9999999999981
322.9961484189317,80.99427232947596,413.7916666666648
324.4623161028073,79.95007296021792,414.5416666666648
325.7762876346021,79.0371223516784,415.2083333333315
326.9340859739408,78.25003721941852,415.7916666666648
327.93233407131726,77.58407871013713,416.2916666666648
328.76822127597694,77.03517746119863,416.7083333333315
329.4394744110396,76.59995426711478,417.0416666666648
329.9443337300048,76.27573664258772,417.2916666666648
330.2815339250177,76.06057152347387,417.4583333333315
330.45029031663097,75.9532342965222,417.5416666666648
330.45029031663097,75.9532342965222,417.5416666666648
330.2816902191245,76.06081685607913,417.4583333333315
329.9451173398144,76.27696193909716,417.2916666666648
329.44167748851737,76.60337933466005,417.0416666666648
328.7729677247896,77.04250033381085,416.7083333333315
327.94109431030927,77.59746575821201,416.2916666666648
326.94869573373325,78.2721101572919,415.7916666666648
325.79897064341276,79.07094193976398,415.2083333333315
324.5771642401831,79.94110808081236,414.5416666666648
323.3662085761676,80.82631222663905,413.8333333333315
322.16628872851743,81.72641908652581,413.1249999999982
320.97758808771806,82.64129109208896,412.41666666666487
319.80028832956054,83.57078841830474,411.70833333333155
318.6345693873751,84.51476900487954,410.99999999999824
317.4806094245308,85.47308857796175,410.2916666666649
316.338584807206,86.445600672192,409.5833333333316
315.20867007743306,87.43215665308823,408.8749999999983
314.0910379264223,88.43260573976237,408.166666666665
312.98585916816864,89.446795027965,407.45833333333167
311.89330271334507,90.47456951345457,406.74999999999835
310.81353554348703,91.5157721156876,406.04166666666504
309.74672268547187,92.57024370182612,405.3333333333317
308.6930271862966,93.6378231110589,404.6249999999984
307.6526100881588,94.71834717923254,403.9166666666651
306.6256304038434,95.81165076378872,403.2083333333318
305.6122450924199,96.91756676900393,402.49999999999847
304.6126090352537,98.0359261715276,401.79166666666515
303.6268750123342,99.16655804621493,401.08333333333184
302.6551936789251,100.3092895922503,400.3749999999985
301.6977135425387,101.46394615955737,399.6666666666652
300.7545809402384,102.63035127549192,398.9583333333319
299.82594001627365,103.80832667181306,398.2499999999986
298.91193270004936,104.99769231192903,397.54166666666526
298.01269868443393,106.19826641841314,396.83333333333195
297.1283754044093,107.40986550078593,396.12499999999864
296.25909801606616,108.63230438355893,395.4166666666653
295.40499937594694,109.86539623453618,394.708333333332
294.56621002074087,111.10895259336876,393.9999999999987
293.74285814733315,112.3627834003583,393.2916666666654
292.9350695932121,113.62669702550484,392.58333333333206
292.1429678172366,114.90050029779472,391.87499999999875
291.36667388076705,116.18399853472401,391.16666666666544
290.6063064291631,117.47699557205291,390.4583333333321
289.86198167365035,118.77929379378665,389.7499999999988
289.133813373559,120.0906941623782,389.0416666666655
288.4541896268071,121.31466783973032,389.0416666666655
287.82311043339456,122.451214825843,389.0416666666655
287.24057579332145,123.50033512071624,389.0416666666655
286.7065857065878,124.46202872435005,389.0416666666655
286.2211401731936,125.33629563674442,389.0416666666655
285.7842391931388,126.12313585789936,389.0416666666655
285.39588276642337,126.82254938781485,389.0416666666655
285.0560708930474,127.4345362264909,389.0416666666655
284.76480357301085,127.95909637392752,389.0416666666655
284.52208080631374,128.3962298301247,389.0416666666655
284.32790259295604,128.74593659508244,389.0416666666655
284.18226893293775,129.00821666880074,389.0416666666655
284.0851798262589,129.18307005127963,389.0416666666655
284.0366352729195,129.27049674251907,389.0416666666655
284.0366352729195,129.27049674251907,389.0416666666655
284.0366352729195,129.27049674251907,389.0416666666655
284.0366352729195,129.27049674251907,389.0416666666655
284.0366352729195,129.27049674251907,389.0416666666655
284.0366352729195,129.27049674251907,389.0416666666655
284.0366352729195,129.27049674251907,389.0416666666655
284.0366352729195,129.27049674251907,389.0416666666655
284.0366352729195,129.27049674251907,389.0416666666655
284.0366352729195,129.27049674251907,389.0416666666655
284.0366352729195,129.27049674251907,389.0416666666655
284.0366352729195,129.27049674251907,389.0416666666655
284.0366352729195,129.27049674251907,389.0416666666655
284.0366352729195,129.27049674251907,389.0416666666655
284.0366352729195,129.27049674251907,389.0416666666655
284.0366352729195,129.27049674251907,389.0416666666655
283.93929195508537,129.44520872972384,389.1249999999988
283.74358971138986,129.794064906124,389.2916666666655
283.44775588917275,130.31606332530973,389.5416666666655
283.049268339373,131.00975466348152,389.8749999999988
282.54486629668645,131.87322358552427,390.2916666666655
281.9305647821237,132.90406481927755,390.7916666666655
281.2016727714765,134.09935408837296,391.3749999999988
280.40586900842567,135.37084784404544,392.0416666666655
279.5944073013737,136.63240636349204,392.7499999999988
278.767411670568,137.88383683564314,393.4583333333321
277.9250085103928,139.12494799735543,394.16666666666544
277.0673265700514,140.35555016264374,394.87499999999875
276.19449693388896,141.57545525167177,395.58333333333206
275.30665300135786,142.78447681949748,396.2916666666654
274.4039304666298,143.98243008456845,396.9999999999987
273.48646729785673,145.16913195696307,397.708333333332
272.55440371608444,146.34440106637328,398.4166666666653
271.6078821738218,147.5080577898243,399.12499999999864
270.6470473332689,148.65992427912752,399.83333333333195
269.6720460442076,149.79982448806194,400.54166666666526
268.6830273215575,150.92758419928043,401.2499999999986
267.6801423226014,152.04303105093624,401.9583333333319
266.66354432388283,153.145994563026,402.6666666666652
265.6333886977801,154.23630616344528,403.3749999999985
264.58983288875976,155.31379921375228,404.08333333333184
263.53303638931357,156.37830903463617,404.79166666666515
262.4631607155823,157.42967293108597,405.49999999999847
261.23599720494883,158.60613785541213,406.2083333333318
259.84642517187245,159.9019347395309,406.99999999999847
258.28889036460345,161.31051037617434,407.87499999999847
256.5574549840713,162.82448908244513,408.8333333333318
254.64585429367384,164.43563240334242,409.87499999999847
252.54756019774007,166.13479745917704,410.99999999999847
250.25585216930756,167.91189461814668,412.2083333333318
247.84428158745595,169.69636297840077,413.49999999999847
245.3918412431851,171.4242334474443,414.8333333333318
242.8998591762051,173.09457035293676,416.1666666666651
240.3696848387665,174.7064691779773,417.4999999999984
237.80268836490797,176.25905705091654,418.8333333333317
235.20025982850473,177.75149321803195,420.16666666666504
232.56380849051888,179.18296949881085,421.49999999999835
229.89476203585977,180.55271072359443,422.83333333333167
227.19456580026744,181.85997515334574,424.166666666665
224.46468198763785,183.10405488131454,425.4999999999983
221.7065888782136,184.28427621638122,426.8333333333316
218.92178002806924,185.40000004787245,428.1666666666649
216.11176346032408,186.45062219165095,429.49999999999824
213.2780608485213,187.43557371729173,430.83333333333155
210.42220669261476,188.35432125616805,432.16666666666487
207.54574748801022,189.2063672902799,433.4999999999982
204.6502408881108,189.99125042166884,434.8333333333315
201.7372548608202,190.708545622273,436.1666666666648
198.80836683946043,191.35786446408738,437.4999999999981
195.87947881810067,192.00718330590178,437.4999999999981
192.96649279081007,192.72447850650593,436.1666666666648
190.07098619091065,193.50936163789487,434.8333333333315
187.28861866495095,194.3269379037471,433.6249999999982
184.61882421132347,195.1708558946562,432.4583333333315
182.0608532765348,196.0350229484001,431.3333333333315
179.61379563686828,196.91360641520882,430.2499999999982
177.2766023500626,197.8010338996325,429.2083333333315
175.048106757289,198.69199259283243,428.2083333333315
172.92704452244698,199.58142780459718,427.2499999999982
170.91207270181707,200.46454079967054,426.3333333333315
169.092150160064,201.29392728498308,425.4999999999982
167.46413089824617,202.06175101680577,424.7499999999982
166.0250418095922,202.76105252182137,424.0833333333315
164.7721337033494,203.38572946017513,423.4999999999982
163.70292587432337,203.9305180598626,422.9999999999982
162.81524439343778,204.39097608019972,422.5833333333315
162.10725428346737,204.76346769645983,422.2499999999982
161.57748572775202,205.04515063413137,421.9999999999982
161.2248544390337,205.23396581947634,421.8333333333315
161.0486762913926,205.32862975291332,421.7499999999982
161.0486762913926,205.32862975291332,421.7499999999982
161.22499193575177,205.23422216024082,421.8333333333315
161.57817097289535,205.04643353512645,421.9999999999982
162.10916355537316,204.76706482293136,422.2499999999982
162.81930874008162,204.39869840666165,422.5833333333315
163.71031526426998,203.94470790692208,422.9999999999982
164.7842364981924,203.40927053119026,423.4999999999982
166.04343945076462,202.7973817143016,424.0833333333315
167.49056768349158,202.1148717304592,424.7499999999982
169.12849797106932,201.36842389367794,425.4999999999982
170.96029053527832,200.5655938981567,426.3333333333315
172.98913267295328,199.71482978255563,427.2499999999982
175.21827559984587,198.82549193253195,428.2499999999982
177.6509643410286,197.9078724642758,429.3333333333315
180.29036051608668,196.97321325842117,430.4999999999982
183.13945789469227,196.03372183896983,431.7499999999982
186.20099063625258,195.10258421629837,433.0833333333315
189.47733417716188,194.19397373763218,434.4999999999982
192.97039879175543,193.32305491347327,435.9999999999982
196.681515929305,192.5059811154685,437.5833333333315
200.61131752020702,191.75988497143342,439.2499999999982
204.7596085507066,191.1028602182643,440.9999999999982
209.12523332776962,190.5539337150843,442.8333333333315
213.70593599461304,190.1330262692325,444.7499999999982
218.4982160132883,189.86090088892811,446.7499999999982
223.49717950371524,189.7590970511885,448.8333333333315
228.6963875185285,189.8498495646622,450.9999999999982
234.08770253953818,190.15599061750427,453.2499999999982
239.6611347036438,190.70083363353106,455.5833333333315
245.40468950234492,191.50803761909927,457.9999999999982
251.30421894772869,192.60145077205198,460.4999999999982
257.1484700853126,193.95965865041552,463.0833333333315
262.9255641600573,195.57990062356333,465.6666666666648
268.6237589172686,197.45888346246565,468.2499999999981
274.23147246936264,199.59278803335474,470.83333333333144
279.73730683667543,201.97727706031986,473.41666666666475
285.1300711144705,204.60750394105415,475.99999999999807
290.39880421905497,207.47812259783456,478.5833333333314
295.5327971667722,210.5832983437127,481.1666666666647
300.5216148405876,213.91671974183015,483.749999999998
305.3551172000257,217.47161143375357,486.3333333333313
310.1886195594638,221.02650312567698,486.3333333333313
315.0221219189019,224.5813948176004,486.3333333333313
319.85562427834003,228.1362865095238,486.3333333333313
324.68912663777814,231.69117820144723,486.3333333333313
329.52262899721626,235.24606989337065,486.3333333333313
334.3561313566544,238.80096158529406,486.3333333333313
339.1896337160925,242.35585327721748,486.3333333333313
344.0231360755306,245.9107449691409,486.3333333333313
348.8566384349687,249.4656366610643,486.3333333333313
353.69014079440683,253.02052835298772,486.3333333333313
358.52364315384494,256.57542004491114,486.3333333333313
363.35714551328306,260.1303117368345,486.3333333333313
368.1906478727212,263.6852034287579,486.3333333333313
373.0241502321593,267.2400951206813,486.3333333333313
377.8576525915974,270.7949868126047,486.3333333333313
382.6911549510355,274.3498785045281,486.3333333333313
387.52465731047363,277.90477019645147,486.3333333333313
392.35815966991174,281.45966188837485,486.3333333333313
397.19166202934986,285.01455358029824,486.3333333333313
402.02516438878797,288.5694452722216,486.3333333333313
406.8586667482261,292.124336964145,486.3333333333313
411.6921691076642,295.6792286560684,486.3333333333313
416.5256714671023,299.2341203479918,486.3333333333313
421.3591738265404,302.7890120399152,486.3333333333313
426.19267618597854,306.34390373183857,486.3333333333313
431.02617854541666,309.89879542376195,486.3333333333313
435.85968090485477,313.45368711568534,486.3333333333313
440.6931832642929,317.0085788076087,486.3333333333313
445.526685623731,320.5634704995321,486.3333333333313
450.3601879831691,324.1183621914555,486.3333333333313
455.1936903426072,327.6732538833789,486.3333333333313
460.02719270204534,331.2281455753023,486.3333333333313
464.86069506148345,334.78303726722567,486.3333333333313
469.84951273529884,338.1164586653431,483.749999999998
474.98350568301606,341.2216344112212,481.1666666666647
480.2522387876005,344.0922530680016,478.5833333333314
485.6450030653956,346.72247994873584,475.99999999999807
491.1508374327084,349.10696897570097,473.41666666666475
496.7585509848024,351.24087354659,470.83333333333144
502.4567457420137,353.1198563854923,468.2499999999981
508.2338398167584,354.7400983586401,465.6666666666648
514.0780909543423,356.09830623700367,463.0833333333315
519.9776203997261,357.19171938995635,460.4999999999982
525.920437041734,358.0181153964052,457.91666666666487
531.8944617856329,358.57581456198136,455.33333333333155
