1156.0115139103734,1093.780301502354,3.0,0
1156.0115139103734,1093.340301502354,0.0,0
1156.0460556414937,1092.681206009416,3.0,0
1156.0460556414937,1091.8012060094159,0.0,0
1156.103625193361,1090.7027135211858,3.0,0
1156.103625193361,1089.382713521186,0.0,0
1156.1842225659752,1087.8448240376638,3.0,0
1156.1842225659752,1086.0848240376638,0.0,0
1156.2878477593363,1084.1075375588498,3.0,0
1156.2878477593363,1081.9075375588498,0.0,0
1156.4145007734442,1079.4908540847437,3.0,0
1156.4145007734442,1076.8508540847436,0.0,0
1156.564181608299,1073.9947736153454,3.0,0
1156.564181608299,1070.9147736153454,0.0,1.163555555555556
1156.7368902639007,1067.6192961506554,3.0,2.410222222222223
1157.1048304546027,1064.118579078959,6.0,3.740000000000001
1157.3005669309514,1060.383704618977,3.0,5.15288888888889
1157.7144996454913,1056.4453979133186,6.0,6.648888888888891
1158.3683957093594,1052.316860649631,9.0,8.228000000000002
1159.2832071489577,1048.0130112064023,12.0,9.890222222222224
1160.0059343774435,1043.4498910728528,9.0,11.635555555555557
1161.0122269610015,1038.7156566853012,12.0,13.464000000000002
1162.3218513292202,1033.8280720042785,15.0,15.375555555555557
1163.95346105952,1028.8064935982402,18.0,15.375555555555557
1165.3769658075837,1023.4939015536503,15.0,15.375555555555557
1167.1445430154083,1018.053858280442,18.0,15.375555555555557
1168.6819281433172,1012.316258872285,15.0,15.375555555555557
1170.585472828667,1006.4577507319068,18.0,15.375555555555557
1172.236738336421,1000.2951439601826,15.0,15.375555555555557
1174.2762504992957,994.0181709526346,18.0,15.375555555555557
1176.0232790537377,987.4981716251834,15.0,15.375555555555557
1178.1091437657685,981.0785401401912,18.0,15.375555555555557
1179.8561723202106,974.55854081274,15.0,15.375555555555557
1181.9420370322414,968.1389093277478,18.0,15.375555555555557
1183.6890655866835,961.6189100002966,15.0,15.375555555555557
1185.7749302987143,955.1992785153044,18.0,18.008666666666667
1188.193913958145,948.8976106364482,21.0,20.641777777777776
1190.9393862989066,942.7311787973607,24.0,23.274888888888885
1194.0038221721486,936.7168847590892,27.0,25.907999999999994
1197.3788221721486,930.8712132835443,30.0,28.541111111111103
1201.0551356585001,925.2101869499127,33.0,31.174222222222213
1205.0226861114743,919.7493222378818,36.0,33.807333333333325
1209.2705987510608,914.5035869980472,39.0,36.44044444444444
1213.787230343983,909.4873594260748,42.0,39.07355555555555
1218.0351429835696,904.2416241862403,39.0,41.70666666666666
1222.5517745764919,899.2253966142679,42.0,44.339777777777776
1227.324745349501,894.4524258412587,45.0,46.97288888888889
1232.3409729214734,889.9357942483364,48.0,49.606
1237.586708161308,885.68788160875,51.0,52.239111111111114
1243.0475728733388,881.7203311557757,54.0,54.87222222222223
1248.7085992069703,878.0440176694243,57.0,57.50533333333334
1254.5542706825154,874.6690176694243,60.0,60.13844444444445
1260.5685647207868,871.6045817961824,63.0,62.771555555555565
1266.7349965598744,868.8591094554207,66.0,65.40466666666667
1273.0366644387304,866.44012579599,69.0,68.03777777777778
1279.4562959237228,864.354261083959,72.0,70.67088888888888
1285.976295251174,862.607232529517,75.0,73.30399999999999
1292.578791556127,861.203828616497,78.0,75.9371111111111
1299.2456878551443,860.1478959774755,81.0,78.5702222222222
1305.9587106488802,859.4423288504189,84.0,81.2033333333333
1312.6256069478975,858.3863962113974,81.0,83.83644444444441
1319.3386297416334,857.6808290843408,84.0,86.46955555555552
1326.0793791012268,857.3275613797009,87.0,89.10266666666662
1332.8293791012268,857.3275613797009,90.0,91.73577777777773
1339.5701284608201,857.6808290843408,93.0,94.36888888888883
1346.283151254556,858.3863962113974,96.0,97.00199999999994
1352.9500475535733,859.4423288504189,99.0,99.63511111111104
1359.5525438585264,860.8457327634388,102.0,99.63511111111104
1366.2194401575437,861.9016654024604,99.0,99.63511111111104
1372.8219364624968,863.3050693154803,102.0,99.63511111111104
1379.488832761514,864.3610019545018,99.0,99.63511111111104
1386.091329066467,865.7644058675218,102.0,99.63511111111104
1392.7582253654843,866.8203385065433,99.0,99.63511111111104
1399.3607216704374,868.2237424195632,102.0,99.63511111111104
1406.0276179694547,869.2796750585848,99.0,99.63511111111104
1412.6301142744078,870.6830789716047,102.0,99.63511111111104
1419.297010573425,871.7390116106262,99.0,99.63511111111104
1425.8995068783781,873.1424155236462,102.0,99.63511111111104
1432.5664031773954,874.1983481626677,99.0,99.63511111111104
1439.1688994823485,875.6017520756876,102.0,99.63511111111104
1445.8357957813657,876.6576847147091,99.0,99.63511111111104
1452.4382920863188,878.0610886277291,102.0,99.63511111111104
1459.105188385336,879.1170212667506,99.0,99.63511111111104
1465.7076846902892,880.5204251797705,102.0,99.63511111111104
1472.3745809893064,881.5763578187921,99.0,99.63511111111104
1478.9770772942595,882.979761731812,102.0,99.63511111111104
1485.6439735932768,884.0356943708335,99.0,99.63511111111104
1492.2464698982299,885.4390982838535,102.0,99.63511111111104
1498.9133661972471,886.495030922875,99.0,99.63511111111104
1505.5158625022002,887.8984348358949,102.0,99.63511111111104
1512.1827588012175,888.9543674749165,99.0,99.63511111111104
1518.7852551061706,890.3577713879364,102.0,99.63511111111104
1525.4521514051878,891.4137040269579,99.0,99.63511111111104
1532.054647710141,892.8171079399779,102.0,99.63511111111104
1538.7215440091582,893.8730405789994,99.0,99.63511111111104
1545.3240403141112,895.2764444920193,102.0,99.63511111111104
1551.9909366131285,896.3323771310409,99.0,99.63511111111104
1558.5934329180816,897.7357810440608,102.0,99.63511111111104
1565.2603292170988,898.7917136830823,99.0,99.63511111111104
1571.862825522052,900.1951175961022,102.0,99.63511111111104
1578.5297218210692,901.2510502351238,99.0,99.63511111111104
1585.1322181260223,902.6544541481437,102.0,99.63511111111104
1591.5818229901085,903.6759712048564,99.0,99.63511111111104
1597.753934350739,904.9878939739165,102.0,99.63511111111104
1603.7689563449633,905.9405798660115,99.0,99.63511111111104
1609.6067998707751,906.5541619453926,96.0,97.25133333333326
1615.2490567421385,906.8498600981652,93.0,94.95066666666659
1620.6790567421385,906.8498600981652,90.0,92.73311111111104
1625.88191661821,907.122530430191,93.0,90.5986666666666
1631.31191661821,907.122530430191,90.0,88.54733333333327
1636.9541734895733,906.8268322774184,87.0,86.41288888888883
1642.7920170153852,906.2132501980373,84.0,84.19533333333328
1648.8070390096095,905.2605643059422,81.0,81.89466666666661
1654.97915037024,903.9486415368822,78.0,79.51088888888883
1661.2866460159075,902.2585531723627,75.0,77.04399999999994
1667.7062775009,900.1726884603318,72.0,74.49399999999994
1674.007945379756,897.753704800901,69.0,71.86088888888884
1680.4275768647483,895.6678400888701,72.0,69.22777777777773
1686.7292447436043,893.2488564294393,69.0,66.59466666666663
1692.895676582692,890.5033840886776,66.0,63.96155555555551
1698.9099706209633,887.4389482154357,63.0,61.3284444444444
1704.7556420965084,884.0639482154357,60.0,61.3284444444444
1710.7699361347798,880.9995123421938,63.0,61.3284444444444
1716.6156076103248,877.6245123421938,60.0,61.3284444444444
1722.6299016485962,874.5600764689519,63.0,61.3284444444444
1728.4755731241412,871.1850764689519,60.0,61.3284444444444
1734.4898671624126,868.12064059571,63.0,61.3284444444444
1740.3355386379576,864.74564059571,60.0,61.3284444444444
1746.349832676229,861.6812047224681,63.0,61.3284444444444
1752.195504151774,858.3062047224681,60.0,61.3284444444444
1758.2097981900454,855.2417688492262,63.0,61.3284444444444
1764.0554696655904,851.8667688492262,60.0,61.3284444444444
1770.0697637038618,848.8023329759843,63.0,61.3284444444444
1775.9154351794068,845.4273329759843,60.0,61.3284444444444
1781.9297292176782,842.3628971027424,63.0,61.3284444444444
1787.7754006932232,838.9878971027424,60.0,61.3284444444444
1793.7896947314946,835.9234612295005,63.0,61.3284444444444
1799.6353662070396,832.5484612295005,60.0,61.3284444444444
1805.649660245311,829.4840253562586,63.0,61.3284444444444
1811.495331720856,826.1090253562586,60.0,61.3284444444444
1817.5096257591274,823.0445894830167,63.0,61.3284444444444
1823.3552972346724,819.6695894830167,60.0,61.3284444444444
1829.3695912729438,816.6051536097748,63.0,61.3284444444444
1835.2152627484888,813.2301536097748,60.0,61.3284444444444
1841.2295567867602,810.1657177365329,63.0,61.3284444444444
1847.0752282623052,806.7907177365329,60.0,61.3284444444444
1853.0895223005766,803.726281863291,63.0,61.3284444444444
1858.9351937761217,800.351281863291,60.0,61.3284444444444
1864.949487814393,797.2868459900491,63.0,61.3284444444444
1870.795159289938,793.9118459900491,60.0,61.3284444444444
1876.8094533282094,790.8474101168072,63.0,61.3284444444444
1882.6551248037545,787.4724101168072,60.0,61.3284444444444
1888.6694188420258,784.4079742435653,63.0,61.3284444444444
1894.5150903175709,781.0329742435653,60.0,61.3284444444444
1900.5293843558422,777.9685383703234,63.0,61.3284444444444
1906.3750558313873,774.5935383703234,60.0,61.3284444444444
1912.3893498696586,771.5291024970815,63.0,61.3284444444444
1918.2350213452037,768.1541024970815,60.0,61.3284444444444
1924.249315383475,765.0896666238395,63.0,61.3284444444444
1930.09498685902,761.7146666238395,60.0,61.3284444444444
1936.1092808972915,758.6502307505976,63.0,61.3284444444444
1941.9549523728365,755.2752307505976,60.0,61.3284444444444
1947.9692464111079,752.2107948773557,63.0,61.3284444444444
1953.814917886653,748.8357948773557,60.0,61.3284444444444
1959.8292119249243,745.7713590041138,63.0,61.3284444444444
1965.6748834004693,742.3963590041138,60.0,61.3284444444444
1971.6891774387407,739.3319231308719,63.0,61.3284444444444
1977.5348489142857,735.9569231308719,60.0,61.3284444444444
1983.549142952557,732.89248725763,63.0,61.3284444444444
1989.394814428102,729.51748725763,60.0,61.3284444444444
1995.4091084663735,726.4530513843881,63.0,63.96155555555551
2001.5755403054611,723.7075790436264,66.0,66.59466666666663
2007.8772081843172,721.2885953841957,69.0,69.22777777777773
2014.2968396693095,719.2027306721648,72.0,71.86088888888884
2020.8168389967607,717.4557021177227,75.0,74.49399999999994
2027.4193353017138,716.0522982047028,78.0,77.12711111111105
2034.086231600731,714.9963655656812,81.0,79.76022222222215
2040.799254394467,714.2907984386246,84.0,82.39333333333326
2047.5400037540603,713.9375307339848,87.0,85.02644444444437
2054.2530265477963,713.2319636069282,84.0,85.02644444444437
2060.9937759073896,712.8786959022883,87.0,85.02644444444437
2067.7067987011255,712.1731287752317,84.0,85.02644444444437
2074.447548060719,711.8198610705919,87.0,85.02644444444437
2081.160570854455,711.1142939435352,84.0,85.02644444444437
2087.901320214048,710.7610262388954,87.0,87.65955555555547
2094.651320214048,710.7610262388954,90.0,90.29266666666658
2101.3920695736415,711.1142939435352,93.0,92.92577777777768
2108.1050923673774,711.8198610705919,96.0,95.55888888888879
2114.7719886663945,712.8757937096134,99.0,98.1919999999999
2121.3744849713476,714.2791976226333,102.0,100.825111111111
2127.894484298799,716.0262261770754,105.0,103.4582222222221
2134.496980603752,717.4296300900953,102.0,103.4582222222221
2141.0169799312034,719.1766586445374,105.0,103.4582222222221
2147.6194762361565,720.5800625575573,102.0,103.4582222222221
2154.139475563608,722.3270911119994,105.0,103.4582222222221
2160.741971868561,723.7304950250193,102.0,103.4582222222221
2167.2619711960124,725.4775235794614,105.0,103.4582222222221
2173.8644675009655,726.8809274924813,102.0,103.4582222222221
2180.384466828417,728.6279560469234,105.0,103.4582222222221
2186.98696313337,730.0313599599433,102.0,103.4582222222221
2193.5069624608213,731.7783885143854,105.0,103.4582222222221
2199.9265939458137,733.8642532264163,108.0,106.09133333333321
2206.22826182467,736.283236885847,111.0,108.72444444444432
2212.3946936637576,739.0287092266087,114.0,111.35755555555542
2218.696361542614,741.4476928860395,111.0,113.99066666666653
2224.8627933817015,744.1931652268012,114.0,116.62377777777763
2230.877087419973,747.2576011000431,117.0,119.25688888888874
2236.722758895518,750.6326011000431,120.0,121.88999999999984
2242.3837852291495,754.3089145863945,123.0,124.52311111111095
2247.8446499411803,758.2764650393686,126.0,127.15622222222206
2253.090385181015,762.524377678955,129.0,129.78933333333316
2258.106612752987,767.0410092718773,132.0,132.42244444444427
2262.879583525996,771.8139800448865,135.0,135.05555555555537
2267.3962151189185,776.830207616859,138.0,137.68866666666648
2271.644127758505,782.0759428566935,141.0,140.32177777777758
2275.611678211479,787.5368075687244,144.0,142.9548888888887
2279.2879916978304,793.197833902356,147.0,145.5879999999998
2282.6629916978304,799.0435053779009,150.0,148.2211111111109
2285.7274275710724,805.0577994161724,153.0,150.854222222222
2288.4728999118342,811.22423125526,156.0,153.4873333333331
2290.891883571265,817.5258991341161,159.0,156.12044444444422
2293.637355912027,823.6923309732036,156.0,158.75355555555532
2296.056339571458,829.9939988520598,159.0,161.38666666666643
2298.142204283489,836.413630337052,162.0,164.01977777777753
2299.8892328379306,842.9336296645032,165.0,166.65288888888864
2301.2926367509504,849.5361259694564,168.0,169.28599999999975
2302.348569389972,856.2030222684735,171.0,171.91911111111085
2303.054136517029,862.9160450622094,174.0,171.91911111111085
2304.1100691560505,869.5829413612265,171.0,171.91911111111085
2304.8156362831073,876.2959641549623,174.0,171.91911111111085
2305.871568922129,882.9628604539795,171.0,171.91911111111085
2306.577136049186,889.6758832477153,174.0,171.91911111111085
2307.6330686882075,896.3427795467325,171.0,171.91911111111085
2308.3386358152643,903.0558023404683,174.0,171.91911111111085
2309.394568454286,909.7226986394854,171.0,171.91911111111085
2310.100135581343,916.4357214332213,174.0,171.91911111111085
2311.1560682203644,923.1026177322384,171.0,171.91911111111085
2311.8616353474213,929.8156405259742,174.0,171.91911111111085
2312.917567986443,936.4825368249914,171.0,171.91911111111085
2313.6231351134998,943.1955596187272,174.0,171.91911111111085
2314.6790677525214,949.8624559177443,171.0,171.91911111111085
2315.3846348795782,956.5754787114802,174.0,174.55222222222196
2315.7379025842183,963.3162280710735,177.0,177.18533333333306
2315.7379025842183,970.0662280710735,180.0,179.81844444444417
2315.3846348795782,976.8069774306668,183.0,182.45155555555527
2314.6790677525214,983.5200002244027,186.0,185.08466666666638
2313.6231351134998,990.1868965234198,189.0,187.71777777777748
2312.917567986443,996.8999193171556,186.0,187.71777777777748
2311.8616353474213,1003.5668156161728,189.0,187.71777777777748
2311.1560682203644,1010.2798384099086,186.0,187.71777777777748
2310.100135581343,1016.9467347089258,189.0,187.71777777777748
2309.394568454286,1023.6597575026616,186.0,187.71777777777748
2308.3386358152643,1030.3266538016787,189.0,187.71777777777748
2307.6330686882075,1037.0396765954147,186.0,187.71777777777748
2306.577136049186,1043.706572894432,189.0,187.71777777777748
2305.173732136166,1050.309069199385,192.0,190.3508888888886
2303.4267035817243,1056.8290685268362,195.0,192.9839999999997
2301.3408388696935,1063.2487000118285,198.0,195.6171111111108
2298.9218552102625,1069.5503678906846,201.0,198.2502222222219
2296.8359904982317,1075.969999375677,198.0,200.883333333333
2294.4170068388007,1082.271667254533,201.0,203.51644444444412
2291.671534498039,1088.4380990936206,204.0,206.14955555555522
2288.607098624797,1094.452393131892,207.0,208.78266666666633
2285.232098624797,1100.298064607437,210.0,211.41577777777744
2281.5557851384456,1105.9590909410686,213.0,214.04888888888854
2277.5882346854714,1111.4199556530994,216.0,216.68199999999965
2273.340322045885,1116.665690892934,219.0,219.31511111111075
2268.8236904529626,1121.6819184649064,222.0,221.94822222222186
2264.0507196799535,1126.4548892379155,225.0,224.58133333333296
2259.0344921079814,1130.9715208308378,228.0,227.21444444444407
2253.7887568681467,1135.2194334704243,231.0,229.84755555555518
2248.327892156116,1139.1869839233984,234.0,232.48066666666628
2242.6668658224844,1142.8632974097497,237.0,235.1137777777774
2236.8211943469396,1146.2382974097497,240.0,237.7468888888885
2230.806900308668,1149.3027332829918,243.0,240.3799999999996
2224.6404684695804,1152.0482056237533,246.0,243.0131111111107
2218.6261744313088,1155.1126414969954,243.0,245.6462222222218
2212.459742592221,1157.858113837757,246.0,248.27933333333291
2206.158074713365,1160.2770974971877,249.0,250.91244444444402
2199.7384432283725,1162.3629622092185,252.0,253.54555555555513
2193.218443900921,1164.1099907636606,255.0,256.17866666666623
2186.615947595968,1165.5133946766805,258.0,258.81177777777737
2179.949051296951,1166.5693273157021,261.0,261.4448888888885
2173.236028503215,1167.2748944427588,264.0,264.07799999999963
2166.4952791436217,1167.6281621473986,267.0,266.71111111111077
2159.7452791436217,1167.6281621473986,270.0,269.3442222222219
2153.0045297840284,1167.2748944427588,273.0,271.97733333333304
2146.2545297840284,1167.2748944427588,270.0,271.97733333333304
2139.513780424435,1166.921626738119,273.0,271.97733333333304
2132.763780424435,1166.921626738119,270.0,271.97733333333304
2126.0230310648417,1166.568359033479,273.0,271.97733333333304
2119.2730310648417,1166.568359033479,270.0,271.97733333333304
2112.5322817052484,1166.2150913288392,273.0,271.97733333333304
2105.7822817052484,1166.2150913288392,270.0,271.97733333333304
2099.041532345655,1165.8618236241994,273.0,271.97733333333304
2092.291532345655,1165.8618236241994,270.0,271.97733333333304
2085.5507829860617,1165.5085559195595,273.0,271.97733333333304
2078.8007829860617,1165.5085559195595,270.0,271.97733333333304
2072.0600336264683,1165.1552882149197,273.0,271.97733333333304
2065.3100336264683,1165.1552882149197,270.0,271.97733333333304
2058.569284266875,1164.8020205102798,273.0,271.97733333333304
2051.856261473139,1164.0964533832232,276.0,274.61044444444417
2045.1893651741218,1163.0405207442016,279.0,277.2435555555553
2038.5868688691687,1161.6371168311816,282.0,279.87666666666644
2032.0668695417176,1159.8900882767396,285.0,282.5097777777776
2025.6472380567252,1157.8042235647088,288.0,285.1428888888887
2019.127238729274,1156.0571950102667,285.0,285.1428888888887
2012.7076072442817,1153.971330298236,288.0,285.1428888888887
2006.1876079168305,1152.2243017437938,285.0,285.1428888888887
1999.7679764318382,1150.138437031763,288.0,285.1428888888887
1993.247977104387,1148.391408477321,285.0,285.1428888888887
1986.8283456193947,1146.3055437652902,288.0,285.1428888888887
1980.3083462919435,1144.558515210848,285.0,285.1428888888887
1973.7058499869904,1143.1551112978282,282.0,282.5097777777776
1967.0389536879732,1142.0991786588065,279.0,279.87666666666644
1960.3259308942372,1141.39361153175,276.0,277.2435555555553
1953.5851815346439,1141.04034382711,273.0,274.61044444444417
1946.8351815346439,1141.04034382711,270.0,271.97733333333304
1940.0944321750505,1141.39361153175,267.0,269.3442222222219
1933.3814093813146,1142.0991786588065,264.0,266.71111111111077
1926.6406600217213,1142.4524463634464,267.0,264.07799999999963
1919.9276372279853,1143.158013490503,264.0,261.4448888888885
1913.260740928968,1144.2139461295246,261.0,258.81177777777737
1906.658244624015,1145.6173500425446,258.0,256.17866666666623
1900.1382452965638,1147.3643785969866,255.0,253.54555555555513
1893.9278462451564,1149.382259570255,252.0,250.91244444444402
1887.6261783663003,1151.8012432296857,249.0,248.362444444444
1881.4597465272127,1154.5467155704473,246.0,245.7293333333329
1875.4454524889413,1157.6111514436893,243.0,243.0962222222218
1869.5997810133963,1160.9861514436893,240.0,240.4631111111107
1863.585486975125,1164.0505873169313,243.0,240.4631111111107
1857.73981549958,1167.4255873169313,240.0,240.4631111111107
1851.7255214613085,1170.4900231901734,243.0,240.4631111111107
1845.8798499857635,1173.8650231901734,240.0,240.4631111111107
1839.865555947492,1176.9294590634154,243.0,240.4631111111107
1834.019884471947,1180.3044590634154,240.0,240.4631111111107
1828.0055904336757,1183.3688949366574,243.0,240.4631111111107
1822.1599189581307,1186.7438949366574,240.0,240.4631111111107
1816.1456249198593,1189.8083308098994,243.0,240.4631111111107
1810.2999534443143,1193.1833308098994,240.0,240.4631111111107
1804.285659406043,1196.2477666831414,243.0,240.4631111111107
1798.4399879304979,1199.6227666831414,240.0,240.4631111111107
1792.4256938922265,1202.6872025563835,243.0,240.4631111111107
1786.5800224166815,1206.0622025563835,240.0,240.4631111111107
1780.56572837841,1209.1266384296255,243.0,240.4631111111107
1774.720056902865,1212.5016384296255,240.0,240.4631111111107
1768.7057628645937,1215.5660743028675,243.0,240.4631111111107
1762.8600913890486,1218.9410743028675,240.0,240.4631111111107
1756.8457973507773,1222.0055101761095,243.0,240.4631111111107
1751.0001258752322,1225.3805101761095,240.0,240.4631111111107
1744.9858318369609,1228.4449460493515,243.0,240.4631111111107
1739.1401603614158,1231.8199460493515,240.0,240.4631111111107
1733.1258663231445,1234.8843819225935,243.0,240.4631111111107
1727.2801948475994,1238.2593819225935,240.0,240.4631111111107
1721.265900809328,1241.3238177958356,243.0,240.4631111111107
1715.420229333783,1244.6988177958356,240.0,240.4631111111107
1709.4059352955117,1247.7632536690776,243.0,240.4631111111107
1703.239503456424,1250.5087260098392,246.0,243.0962222222218
1697.2252094181526,1253.5731618830812,243.0,245.7293333333329
1691.058777579065,1256.3186342238428,246.0,248.362444444444
1684.757109700209,1258.7376178832735,249.0,250.99555555555511
1678.3374782152166,1260.8234825953043,252.0,253.62866666666622
1671.8174788877654,1262.5705111497464,255.0,256.26177777777735
1665.2149825828124,1263.9739150627663,258.0,258.8948888888885
1658.548086283795,1265.029847701788,261.0,261.5279999999996
1651.8350634900592,1265.7354148288446,264.0,264.16111111111076
1645.0943141304658,1266.0886825334844,267.0,266.7942222222219
1638.3443141304658,1266.0886825334844,270.0,269.427333333333
1631.6035647708725,1265.7354148288446,273.0,272.06044444444416
1624.8535647708725,1265.7354148288446,270.0,272.06044444444416
1618.1128154112791,1265.3821471242047,273.0,272.06044444444416
1611.3628154112791,1265.3821471242047,270.0,272.06044444444416
1604.6220660516858,1265.0288794195649,273.0,272.06044444444416
1597.8720660516858,1265.0288794195649,270.0,272.06044444444416
1591.1313166920925,1264.675611714925,273.0,272.06044444444416
1584.3813166920925,1264.675611714925,270.0,272.06044444444416
1577.6405673324991,1264.3223440102852,273.0,272.06044444444416
1570.8905673324991,1264.3223440102852,270.0,272.06044444444416
1564.1498179729058,1263.9690763056453,273.0,272.06044444444416
1557.3998179729058,1263.9690763056453,270.0,272.06044444444416
1550.6590686133125,1263.6158086010055,273.0,272.06044444444416
1543.9090686133125,1263.6158086010055,270.0,272.06044444444416
1537.1683192537191,1263.2625408963656,273.0,272.06044444444416
1530.4183192537191,1263.2625408963656,270.0,272.06044444444416
1523.6775698941258,1262.9092731917258,273.0,272.06044444444416
1516.9275698941258,1262.9092731917258,270.0,272.06044444444416
1510.1868205345324,1262.556005487086,273.0,272.06044444444416
1503.4368205345324,1262.556005487086,270.0,272.06044444444416
1496.696071174939,1262.202737782446,273.0,272.06044444444416
1489.946071174939,1262.202737782446,270.0,272.06044444444416
1483.2053218153458,1261.8494700778062,273.0,272.06044444444416
1476.4553218153458,1261.8494700778062,270.0,272.06044444444416
1469.7145724557524,1261.4962023731664,273.0,274.6935555555553
1463.0015496620165,1260.7906352461098,276.0,277.3266666666664
1456.3346533629992,1259.7347026070881,279.0,279.95977777777756
1449.7321570580461,1258.3312986940682,282.0,279.95977777777756
1443.065260759029,1257.2753660550466,279.0,279.95977777777756
1436.4627644540758,1255.8719621420266,282.0,279.95977777777756
1429.7958681550585,1254.816029503005,279.0,279.95977777777756
1423.1933718501054,1253.412625589985,282.0,279.95977777777756
1416.5264755510882,1252.3566929509634,279.0,279.95977777777756
1409.923979246135,1250.9532890379435,282.0,279.95977777777756
1403.2570829471179,1249.8973563989218,279.0,279.95977777777756
1396.6545866421648,1248.493952485902,282.0,279.95977777777756
1389.9876903431475,1247.4380198468803,279.0,279.95977777777756
1383.3851940381944,1246.0346159338603,282.0,279.95977777777756
1376.7182977391772,1244.9786832948387,279.0,279.95977777777756
1370.115801434224,1243.5752793818187,282.0,279.95977777777756
1363.595802106773,1241.8282508273767,285.0,282.5928888888887
1357.1761706217806,1239.7423861153459,288.0,285.22599999999983
1350.6561712943294,1237.9953575609038,285.0,287.85911111111096
1344.236539809337,1235.909492848873,288.0,290.4922222222221
1337.934871930481,1233.4905091894423,291.0,293.12533333333323
1331.7684400913934,1230.7450368486807,294.0,295.75844444444436
1325.754146053122,1227.6806009754387,297.0,298.3915555555555
1319.908474577577,1224.3056009754387,300.0,298.3915555555555
1313.8941805393056,1221.2411651021966,297.0,298.3915555555555
1308.0485090637605,1217.8661651021966,300.0,298.3915555555555
1302.0342150254892,1214.8017292289546,297.0,298.3915555555555
1296.1885435499441,1211.4267292289546,300.0,298.3915555555555
1290.1742495116728,1208.3622933557126,297.0,298.3915555555555
1284.3285780361277,1204.9872933557126,300.0,301.02466666666663
1278.6675517024962,1201.3109798693613,303.0,303.65777777777777
1273.2066869904654,1197.3434294163872,306.0,306.2908888888889
1267.9609517506308,1193.0955167768007,309.0,308.92400000000004
1262.9447241786584,1188.5788851838784,312.0,311.55711111111117
1257.6989889388237,1184.3309725442919,309.0,311.55711111111117
1252.6827613668513,1179.8143409513696,312.0,311.55711111111117
1247.4370261270167,1175.566428311783,309.0,311.55711111111117
1242.4207985550443,1171.0497967188608,312.0,311.55711111111117
1237.1750633152096,1166.8018840792743,309.0,311.55711111111117
1232.1588357432372,1162.285252486352,312.0,314.1902222222223
1227.385864970228,1157.5122817133429,315.0,316.82333333333344
1222.8692333773058,1152.4960541413705,318.0,319.45644444444457
1218.6213207377193,1147.2503189015358,321.0,322.0895555555557
1214.6537702847452,1141.789454189505,324.0,324.72266666666684
1210.9774567983939,1136.1284278558735,327.0,327.355777777778
1207.6024567983939,1130.2827563803285,330.0,329.9888888888891
1204.5380209251518,1124.268462342057,333.0,332.62200000000024
1201.7925485843903,1118.1020305029695,336.0,335.2551111111114
1199.3735649249595,1111.8003626241134,339.0,337.8882222222225
1197.2877002129287,1105.380731139121,342.0,340.52133333333364
1195.5406716584866,1098.86073181167,345.0,343.1544444444448
1194.1372677454667,1092.2582355067168,348.0,345.7875555555559
1193.081335106445,1085.5913392076995,351.0,348.42066666666705
1192.3757679793885,1078.8783164139636,354.0,351.0537777777782
1191.3198353403668,1072.2114201149463,351.0,353.6868888888893
1190.6142682133102,1065.4983973212104,354.0,356.32000000000045
1190.2610005086703,1058.757647961617,357.0,358.9531111111116
1190.2610005086703,1052.007647961617,360.0,361.5862222222227
1190.6142682133102,1045.2668986020237,363.0,364.21933333333385
1191.3198353403668,1038.5538758082878,366.0,366.852444444445
1192.3757679793885,1031.8869795092705,369.0,369.4855555555561
1193.7791718924084,1025.2844832043174,372.0,372.11866666666725
1195.5262004468505,1018.7644838768663,375.0,374.7517777777784
1197.6120651588813,1012.344852391874,378.0,377.3848888888895
1199.3590937133233,1005.8248530644229,375.0,377.3848888888895
1201.4449584253541,999.4052215794306,378.0,377.3848888888895
1203.1919869797962,992.8852222519795,375.0,377.3848888888895
1205.277851691827,986.4655907669872,378.0,377.3848888888895
1207.6968353512577,980.1639228881311,381.0,380.01800000000065
1210.4423076920193,973.9974910490436,384.0,382.6511111111118
1213.5067435652613,967.9831970107721,387.0,385.2842222222229
1216.8817435652613,962.1375255352272,390.0,387.91733333333406
1220.5580570516129,956.4764992015955,393.0,390.5504444444452
1224.525607504587,951.0156344895646,396.0,393.1835555555563
1228.2019209909386,945.354608155933,393.0,395.81666666666746
1232.1694714439127,939.893743443902,396.0,395.81666666666746
1235.8457849302642,934.2327171102704,393.0,395.81666666666746
1239.8133353832384,928.7718523982395,396.0,395.81666666666746
1243.48964886959,923.1108260646079,393.0,395.81666666666746
1247.457199322564,917.649961352577,396.0,395.81666666666746
1251.7051119621506,912.4042261127424,399.0,398.4497777777786
1256.2217435550729,907.38799854077,402.0,401.0828888888897
1260.994714328082,902.6150277677608,405.0,403.71600000000086
1266.0109419000544,898.0983961748385,408.0,406.349111111112
1271.0857050283685,893.9889340212831,411.0,408.98222222222313
1276.5465697403993,890.0213835683088,414.0,411.53222222222314
1282.0230885490828,886.4648906696607,417.0,414.1653333333343
1287.1279857835887,882.7559657276952,414.0,416.7153333333343
1292.6045045922722,879.1994728290471,417.0,416.7153333333343
1298.4501760678172,875.8244728290471,420.0,419.2653333333343
1304.4644701060886,872.7600369558052,423.0,421.89844444444543
1310.6309019451762,870.0145646150435,426.0,424.53155555555657
1316.9325698240323,867.5955809556127,429.0,427.1646666666677
1323.3522013090246,865.5097162435818,432.0,429.79777777777883
1329.8722006364758,863.7626876891397,435.0,432.43088888888997
1336.4746969414289,862.3592837761198,438.0,435.0640000000011
1342.99469626888,860.6122552216777,435.0,437.69711111111224
1349.5971925738331,859.2088513086578,438.0,440.33022222222337
1356.2640888728504,858.1529186696363,441.0,442.9633333333345
1362.9771116665863,857.4473515425797,444.0,445.59644444444564
1369.7178610261797,857.0940838379398,447.0,448.2295555555568
1376.4678610261797,857.0940838379398,450.0,450.8626666666679
1383.208610385773,857.4473515425797,453.0,453.49577777777904
1389.921633179509,858.1529186696363,456.0,456.1288888888902
1396.5885294785262,859.2088513086578,459.0,458.7620000000013
1403.1910257834793,860.6122552216776,462.0,461.39511111111244
1409.8579220824965,861.6681878606992,459.0,461.39511111111244
1416.4604183874496,863.071591773719,462.0,461.39511111111244
1423.127314686467,864.1275244127405,459.0,461.39511111111244
1429.72981099142,865.5309283257603,462.0,461.39511111111244
1436.3967072904372,866.5868609647819,459.0,461.39511111111244
1442.9992035953903,867.9902648778017,462.0,461.39511111111244
1449.6660998944076,869.0461975168232,459.0,461.39511111111244
1456.2685961993607,870.449601429843,462.0,461.39511111111244
1462.7885955268118,872.196629984285,465.0,464.0282222222236
1469.2082270118042,874.2824946963159,468.0,466.6613333333347
1475.7282263392553,876.0295232507578,465.0,466.6613333333347
1482.1478578242477,878.1153879627888,468.0,466.6613333333347
1488.6678571516989,879.8624165172307,465.0,466.6613333333347
1495.0874886366912,881.9482812292616,468.0,466.6613333333347
1501.6074879641424,883.6953097837036,465.0,466.6613333333347
1508.0271194491347,885.7811744957345,468.0,466.6613333333347
1514.5471187765859,887.5282030501764,465.0,466.6613333333347
1520.9667502615782,889.6140677622074,468.0,466.6613333333347
1527.4867495890294,891.3610963166493,465.0,466.6613333333347
1533.9063810740217,893.4469610286802,468.0,466.6613333333347
1540.426380401473,895.1939895831222,465.0,466.6613333333347
1546.8460118864652,897.2798542951531,468.0,466.6613333333347
1553.3660112139164,899.026882849595,465.0,466.6613333333347
1559.7856426989088,901.112747561626,468.0,466.6613333333347
1566.30564202636,902.8597761160679,465.0,466.6613333333347
1572.7252735113523,904.9456408280988,468.0,466.6613333333347
1579.2452728388034,906.6926693825408,465.0,466.6613333333347
1585.6649043237958,908.7785340945717,468.0,466.6613333333347
1592.184903651247,910.5255626490136,465.0,464.0282222222236
1598.7873999562,911.9289665620335,462.0,461.39511111111244
1605.4542962552173,912.984899201055,459.0,458.7620000000013
1612.1673190489532,913.6904663281116,456.0,456.1288888888902
1618.9080684085466,914.0437340327514,453.0,453.49577777777904
1625.6580684085466,914.0437340327514,450.0,450.8626666666679
1632.39881776814,913.6904663281116,447.0,448.2295555555568
1639.1118405618759,912.984899201055,444.0,445.59644444444564
1645.778736860893,911.9289665620335,441.0,442.9633333333345
1652.3812331658462,910.5255626490135,438.0,440.33022222222337
1658.9012324932974,908.7785340945715,435.0,437.69711111111224
1665.5037287982504,907.3751301815515,438.0,435.0640000000011
1672.0237281257016,905.6281016271095,435.0,435.0640000000011
1678.6262244306547,904.2246977140895,438.0,435.0640000000011
1685.1462237581059,902.4776691596475,435.0,435.0640000000011
1691.748720063059,901.0742652466275,438.0,435.0640000000011
1698.2687193905101,899.3272366921855,435.0,435.0640000000011
1704.8712156954632,897.9238327791655,438.0,435.0640000000011
1711.3912150229144,896.1768042247235,435.0,435.0640000000011
1717.9937113278675,894.7734003117035,438.0,435.0640000000011
1724.5137106553186,893.0263717572615,435.0,435.0640000000011
1730.933342140311,890.9405070452306,432.0,432.43088888888997
1737.235010019167,888.5215233857998,429.0,429.79777777777883
1743.4014418582547,885.7760510450381,426.0,427.1646666666677
1749.415735896526,882.7116151717962,423.0,424.53155555555657
1755.261407372071,879.3366151717962,420.0,421.89844444444543
1761.2757014103424,876.2721792985543,423.0,421.89844444444543
1767.1213728858875,872.8971792985543,420.0,421.89844444444543
1773.1356669241588,869.8327434253124,423.0,421.89844444444543
1778.9813383997039,866.4577434253124,420.0,421.89844444444543
1784.9956324379752,863.3933075520705,423.0,421.89844444444543
1790.8413039135203,860.0183075520705,420.0,421.89844444444543
1796.8555979517917,856.9538716788286,423.0,421.89844444444543
1802.7012694273367,853.5788716788286,420.0,421.89844444444543
1808.715563465608,850.5144358055867,423.0,421.89844444444543
1814.561234941153,847.1394358055867,420.0,421.89844444444543
1820.5755289794245,844.0749999323448,423.0,421.89844444444543
1826.4212004549695,840.6999999323448,420.0,421.89844444444543
1832.4354944932409,837.6355640591029,423.0,421.89844444444543
1838.281165968786,834.2605640591029,420.0,421.89844444444543
1844.2954600070573,831.196128185861,423.0,421.89844444444543
1850.1411314826023,827.821128185861,420.0,421.89844444444543
1856.1554255208737,824.7566923126191,423.0,421.89844444444543
1862.0010969964187,821.3816923126191,420.0,421.89844444444543
1868.01539103469,818.3172564393772,423.0,421.89844444444543
1873.8610625102351,814.9422564393772,420.0,421.89844444444543
1879.8753565485065,811.8778205661353,423.0,421.89844444444543
1885.7210280240515,808.5028205661353,420.0,421.89844444444543
1891.735322062323,805.4383846928934,423.0,421.89844444444543
1897.580993537868,802.0633846928934,420.0,421.89844444444543
1903.5952875761393,798.9989488196514,423.0,421.89844444444543
1909.4409590516843,795.6239488196514,420.0,421.89844444444543
1915.4552530899557,792.5595129464095,423.0,421.89844444444543
1921.3009245655007,789.1845129464095,420.0,421.89844444444543
1927.315218603772,786.1200770731676,423.0,421.89844444444543
1933.1608900793171,782.7450770731676,420.0,421.89844444444543
1939.1751841175885,779.6806411999257,423.0,421.89844444444543
1945.0208555931335,776.3056411999257,420.0,421.89844444444543
1951.035149631405,773.2412053266838,423.0,421.89844444444543
1956.88082110695,769.8662053266838,420.0,421.89844444444543
1962.8951151452213,766.8017694534419,423.0,421.89844444444543
1968.7407866207664,763.4267694534419,420.0,421.89844444444543
1974.7550806590377,760.3623335802,423.0,421.89844444444543
1980.6007521345828,756.9873335802,420.0,421.89844444444543
1986.6150461728541,753.9228977069581,423.0,421.89844444444543
1992.4607176483992,750.5478977069581,420.0,421.89844444444543
1998.4750116866705,747.4834618337162,423.0,421.89844444444543
2004.3206831622156,744.1084618337162,420.0,421.89844444444543
2010.334977200487,741.0440259604743,423.0,424.53155555555657
2016.5014090395746,738.2985536197126,426.0,427.1646666666677
2022.8030769184306,735.8795699602819,429.0,429.79777777777883
2029.222708403423,733.793705248251,432.0,432.43088888888997
2035.7427077308741,732.0466766938089,435.0,435.0640000000011
2042.3452040358272,730.643272780789,438.0,437.69711111111224
2049.0121003348445,729.5873401417674,441.0,440.33022222222337
2055.7251231285804,728.8817730147108,444.0,442.9633333333345
2062.3920194275975,727.8258403756893,441.0,442.9633333333345
2069.1050422213334,727.1202732486327,444.0,442.9633333333345
2075.7719385203504,726.0643406096111,441.0,442.9633333333345
2082.4849613140864,725.3587734825545,444.0,442.9633333333345
2089.1518576131034,724.302840843533,441.0,442.9633333333345
2095.8648804068393,723.5972737164764,444.0,442.9633333333345
2102.5317767058564,722.5413410774548,441.0,442.9633333333345
2109.2447994995923,721.8357739503982,444.0,445.59644444444564
2115.9855488591857,721.4825062457584,447.0,448.2295555555568
2122.7355488591857,721.4825062457584,450.0,450.8626666666679
2129.476298218779,721.8357739503982,453.0,453.49577777777904
2136.189321012515,722.5413410774548,456.0,456.1288888888902
2142.856217311532,723.5972737164764,459.0,458.7620000000013
2149.458713616485,725.0006776294962,462.0,461.39511111111244
2155.9787129439364,726.7477061839381,465.0,464.0282222222236
2162.5812092488895,728.151110096958,462.0,464.0282222222236
2169.101208576341,729.8981386513999,465.0,464.0282222222236
2175.703704881294,731.3015425644197,462.0,464.0282222222236
2182.2237042087454,733.0485711188617,465.0,464.0282222222236
2188.8262005136985,734.4519750318815,462.0,464.0282222222236
2195.34619984115,736.1990035863234,465.0,464.0282222222236
2201.7658313261422,738.2848682983544,468.0,466.6613333333347
2208.0674992049985,740.7038519577851,471.0,469.29444444444584
2214.233931044086,743.4493242985468,474.0,471.927555555557
2220.2482250823577,746.5137601717887,477.0,474.5606666666681
2226.0938965579026,749.8887601717887,480.0,477.19377777777925
2232.108190596174,752.9531960450306,477.0,479.8268888888904
2237.953862071719,756.3281960450306,480.0,482.4600000000015
2243.6148884053505,760.004509531382,483.0,485.09311111111265
2249.0757531173813,763.9720599843562,486.0,487.7262222222238
2254.321488357216,768.2199726239426,489.0,490.3593333333349
2259.337715929188,772.7366042168649,492.0,492.99244444444605
2264.110686702197,777.5095749898741,495.0,495.6255555555572
2268.6273182951195,782.5258025618465,498.0,498.2586666666683
2272.875230934706,787.771537801681,501.0,500.89177777777945
2276.84278138768,793.2324025137119,504.0,503.5248888888906
2280.5190948740315,798.8934288473436,507.0,506.1580000000017
2283.8940948740315,804.7391003228885,510.0,508.79111111111285
2286.9585307472735,810.75339436116,513.0,511.424222222224
2289.7040030880353,816.9198262002475,516.0,514.0573333333351
2292.7684389612773,822.934120238519,513.0,514.0573333333351
2295.513911302039,829.1005520776065,516.0,514.0573333333351
2298.578347175281,835.114846115878,513.0,514.0573333333351
2301.323819516043,841.2812779549655,516.0,514.0573333333351
2304.388255389285,847.295571993237,513.0,514.0573333333351
2307.1337277300468,853.4620038323245,516.0,514.0573333333351
2309.5527113894777,859.7636717111807,519.0,516.6904444444463
2311.6385761015085,866.1833031961729,522.0,519.3235555555574
2314.0575597609395,872.4849710750291,519.0,521.9566666666685
2316.1434244729703,878.9046025600213,522.0,524.5897777777797
2317.890453027412,885.4246018874725,525.0,527.2228888888908
2319.293856940432,892.0270981924257,528.0,529.8560000000019
2320.3497895794535,898.6939944914428,531.0,532.4891111111131
2321.0553567065103,905.4070172851787,534.0,535.1222222222242
2321.4086244111504,912.147766644772,537.0,535.1222222222242
2322.1141915382073,918.8607894385078,534.0,535.1222222222242
2322.4674592428473,925.6015387981012,537.0,535.1222222222242
2323.173026369904,932.314561591837,534.0,535.1222222222242
2323.5262940745442,939.0553109514303,537.0,535.1222222222242
2323.5262940745442,945.8053109514303,540.0,537.7553333333353
2323.173026369904,952.5460603110237,543.0,540.3884444444465
2322.4674592428473,959.2590831047595,546.0,543.0215555555576
2322.1141915382073,965.9998324643528,543.0,545.6546666666687
2321.4086244111504,972.7128552580887,546.0,548.2877777777799
2320.3526917721288,979.3797515571058,549.0,550.920888888891
2318.949287859109,985.982247862059,552.0,553.5540000000021
2317.202259304667,992.5022471895102,555.0,553.5540000000021
2315.7988553916475,999.1047434944634,552.0,553.5540000000021
2314.0518268372057,1005.6247428219145,555.0,553.5540000000021
2312.648422924186,1012.2272391268677,552.0,553.5540000000021
2310.901394369744,1018.7472384543189,555.0,556.1871111111133
2308.8155296577133,1025.1668699393113,558.0,558.8202222222244
2306.3965459982824,1031.4685378181673,561.0,561.4533333333355
2303.6510736575206,1037.634969657255,564.0,564.0864444444467
2300.5866377842785,1043.6492636955263,567.0,566.7195555555578
2297.2116377842785,1049.4949351710713,570.0,569.3526666666689
2293.535324297927,1055.1559615047029,573.0,571.9857777777801
2290.160324297927,1061.001632980248,570.0,571.9857777777801
2286.484010811576,1066.6626593138794,573.0,571.9857777777801
2283.109010811576,1072.5083307894245,570.0,571.9857777777801
2279.4326973252246,1078.169357123056,573.0,571.9857777777801
2276.0576973252246,1084.015028598601,570.0,571.9857777777801
2272.3813838388733,1089.6760549322325,573.0,571.9857777777801
2268.413833385899,1095.1369196442633,576.0,574.6188888888912
2264.1659207463126,1100.382654884098,579.0,577.2520000000023
2259.6492891533903,1105.3988824560704,582.0,579.8851111111135
2254.8763183803812,1110.1718532290795,585.0,582.5182222222246
2249.860090808409,1114.6884848220018,588.0,585.1513333333357
2245.0871200354,1119.4614555950109,585.0,587.7844444444469
2240.0708924634278,1123.9780871879332,588.0,590.417555555558
2234.825157223593,1128.2259998275197,591.0,593.0506666666691
2229.3642925115623,1132.1935502804938,594.0,593.0506666666691
2224.1185572717277,1136.4414629200803,591.0,593.0506666666691
2218.657692559697,1140.4090133730544,594.0,593.0506666666691
2212.9966662260654,1144.085326859406,597.0,595.6837777777803
2207.1509947505206,1147.460326859406,600.0,598.3168888888914
2201.136700712249,1150.524762732648,603.0,600.9500000000025
2194.9702688731613,1153.2702350734096,606.0,603.5831111111137
2188.668600994305,1155.6892187328403,609.0,606.2162222222248
2182.5021691552174,1158.434691073602,606.0,608.849333333336
2176.200501276361,1160.8536747330327,609.0,611.4824444444471
2169.780869791369,1162.9395394450635,612.0,614.1155555555582
2163.2608704639174,1164.6865679995055,615.0,616.7486666666694
2156.6583741589643,1166.0899719125255,618.0,619.3817777777805
2149.9914778599473,1167.1459045515471,621.0,622.0148888888916
2143.2784550662113,1167.8514716786037,624.0,624.6480000000028
2136.537705706618,1168.2047393832436,627.0,627.2811111111139
2129.787705706618,1168.2047393832436,630.0,629.914222222225
2123.0469563470247,1167.8514716786037,633.0,632.5473333333362
2116.3339335532887,1167.1459045515471,636.0,635.1804444444473
2109.6670372542717,1166.0899719125255,639.0,637.8135555555584
2103.0645409493186,1164.6865679995055,642.0,640.4466666666696
2096.544541621867,1162.9395394450635,645.0,643.0797777777807
2089.942045316914,1161.5361355320435,642.0,643.0797777777807
2083.4220459894627,1159.7891069776015,645.0,643.0797777777807
2076.8195496845096,1158.3857030645815,642.0,643.0797777777807
2070.2995503570583,1156.6386745101395,645.0,643.0797777777807
2063.697054052105,1155.2352705971196,642.0,643.0797777777807
2057.1770547246538,1153.4882420426775,645.0,643.0797777777807
2050.5745584197007,1152.0848381296576,642.0,643.0797777777807
2044.0545590922495,1150.3378095752155,645.0,643.0797777777807
2037.4520627872964,1148.9344056621956,642.0,643.0797777777807
2030.9320634598453,1147.1873771077535,645.0,643.0797777777807
2024.3295671548922,1145.7839731947336,642.0,643.0797777777807
2017.809567827441,1144.0369446402915,645.0,643.0797777777807
2011.207071522488,1142.6335407272716,642.0,643.0797777777807
2004.6870721950368,1140.8865121728295,645.0,643.0797777777807
1998.0845758900837,1139.4831082598096,642.0,643.0797777777807
1991.5645765626325,1137.7360797053675,645.0,643.0797777777807
1984.9620802576794,1136.3326757923476,642.0,643.0797777777807
1978.4420809302283,1134.5856472379055,645.0,643.0797777777807
1971.8395846252752,1133.1822433248856,642.0,643.0797777777807
1965.319585297824,1131.4352147704435,645.0,643.0797777777807
1958.717088992871,1130.0318108574236,642.0,640.4466666666696
1952.0501926938537,1128.975878218402,639.0,637.8135555555584
1945.3371699001177,1128.2703110913453,636.0,635.1804444444473
1938.5964205405244,1127.9170433867055,633.0,632.5473333333362
1931.8464205405244,1127.9170433867055,630.0,629.914222222225
1925.105671180931,1128.2703110913453,627.0,627.2811111111139
1918.392648387195,1128.975878218402,624.0,624.6480000000028
1911.7257520881778,1130.0318108574236,621.0,622.0148888888916
1905.1232557832247,1131.4352147704435,618.0,619.3817777777805
1898.6032564557736,1133.1822433248856,615.0,616.7486666666694
1892.1836249707812,1135.2681080369164,612.0,614.1155555555582
1885.8819570919252,1137.6870916963471,609.0,611.4824444444471
1879.7155252528376,1140.4325640371087,606.0,608.849333333336
1873.4138573739815,1142.8515476965395,609.0,606.2162222222248
1867.2474255348939,1145.597020037301,606.0,603.5831111111137
1861.2331314966225,1148.661455910543,603.0,600.9500000000025
1855.3874600210775,1152.036455910543,600.0,598.3168888888914
1849.726433687446,1155.7127693968946,597.0,595.6837777777803
1844.2655689754151,1159.6803198498687,594.0,593.0506666666691
1839.0198337355805,1163.9282324894552,591.0,590.417555555558
1834.003606163608,1168.4448640823775,588.0,587.7844444444469
1829.230635390599,1173.2178348553866,585.0,587.7844444444469
1824.2144078186266,1177.734466448309,588.0,587.7844444444469
1819.4414370456175,1182.507437221318,585.0,587.7844444444469
1814.425209473645,1187.0240688142403,588.0,587.7844444444469
1809.652238700636,1191.7970395872494,585.0,587.7844444444469
1804.6360111286635,1196.3136711801717,588.0,587.7844444444469
1799.8630403556544,1201.0866419531808,585.0,587.7844444444469
1794.846812783682,1205.603273546103,588.0,587.7844444444469
1790.073842010673,1210.3762443191122,585.0,587.7844444444469
1785.0576144387005,1214.8928759120345,588.0,587.7844444444469
1780.2846436656914,1219.6658466850436,585.0,587.7844444444469
1775.268416093719,1224.1824782779659,588.0,587.7844444444469
1770.49544532071,1228.955449050975,585.0,587.7844444444469
1765.4792177487375,1233.4720806438972,588.0,587.7844444444469
1760.2334825089029,1237.7199932834837,591.0,590.417555555558
1754.772617796872,1241.6875437364579,594.0,593.0506666666691
1749.1115914632405,1245.3638572228094,597.0,595.6837777777803
1743.2659199876955,1248.7388572228094,600.0,598.3168888888914
1737.2516259494241,1251.8032930960514,603.0,600.9500000000025
1731.0851941103365,1254.548765436813,606.0,603.5831111111137
1724.7835262314804,1256.9677490962438,609.0,606.2162222222248
1718.6170943923928,1259.7132214370054,606.0,608.849333333336
1712.3154265135367,1262.132205096436,609.0,611.4824444444471
1705.8957950285444,1264.218069808467,612.0,614.1155555555582
1699.3757957010932,1265.965098362909,615.0,616.7486666666694
1692.7732993961401,1267.368502275929,618.0,619.3817777777805
1686.106403097123,1268.4244349149506,621.0,622.0148888888916
1679.393380303387,1269.1300020420072,624.0,624.6480000000028
1672.6526309437936,1269.483269746647,627.0,627.2811111111139
1665.9026309437936,1269.483269746647,630.0,629.914222222225
1659.1618815842003,1269.1300020420072,633.0,632.5473333333362
1652.4118815842003,1269.1300020420072,630.0,632.5473333333362
1645.671132224607,1268.7767343373673,633.0,632.5473333333362
1638.921132224607,1268.7767343373673,630.0,632.5473333333362
1632.1803828650136,1268.4234666327275,633.0,632.5473333333362
1625.4303828650136,1268.4234666327275,630.0,632.5473333333362
1618.6896335054203,1268.0701989280876,633.0,632.5473333333362
1611.9396335054203,1268.0701989280876,630.0,632.5473333333362
1605.198884145827,1267.7169312234478,633.0,632.5473333333362
1598.448884145827,1267.7169312234478,630.0,632.5473333333362
1591.7081347862336,1267.363663518808,633.0,632.5473333333362
1584.9581347862336,1267.363663518808,630.0,632.5473333333362
1578.2173854266402,1267.010395814168,633.0,632.5473333333362
1571.4673854266402,1267.010395814168,630.0,632.5473333333362
1564.726636067047,1266.6571281095282,633.0,632.5473333333362
1557.976636067047,1266.6571281095282,630.0,632.5473333333362
1551.2358867074536,1266.3038604048884,633.0,632.5473333333362
1544.4858867074536,1266.3038604048884,630.0,632.5473333333362
1537.7451373478602,1265.9505927002485,633.0,632.5473333333362
1530.9951373478602,1265.9505927002485,630.0,632.5473333333362
1524.254387988267,1265.5973249956087,633.0,635.1804444444473
1517.541365194531,1264.891757868552,636.0,637.8135555555584
1510.8744688955137,1263.8358252295304,639.0,640.4466666666696
1504.2719725905606,1262.4324213165105,642.0,643.0797777777807
1497.7519732631094,1260.6853927620684,645.0,643.0797777777807
1491.1494769581564,1259.2819888490485,642.0,643.0797777777807
1484.6294776307052,1257.5349602946064,645.0,643.0797777777807
1478.026981325752,1256.1315563815865,642.0,643.0797777777807
1471.506981998301,1254.3845278271444,645.0,643.0797777777807
1464.9044856933479,1252.9811239141245,642.0,643.0797777777807
1458.3844863658967,1251.2340953596824,645.0,643.0797777777807
1451.7819900609436,1249.8306914466625,642.0,643.0797777777807
1445.2619907334924,1248.0836628922204,645.0,643.0797777777807
1438.6594944285393,1246.6802589792005,642.0,643.0797777777807
1432.1394951010882,1244.9332304247584,645.0,643.0797777777807
1425.536998796135,1243.5298265117385,642.0,643.0797777777807
1419.016999468684,1241.7827979572965,645.0,643.0797777777807
1412.4145031637308,1240.3793940442765,642.0,643.0797777777807
1405.8945038362797,1238.6323654898345,645.0,643.0797777777807
1399.2920075313266,1237.2289615768145,642.0,643.0797777777807
1392.7720082038754,1235.4819330223725,645.0,643.0797777777807
1386.1695118989223,1234.0785291093525,642.0,643.0797777777807
1379.6495125714712,1232.3315005549105,645.0,643.0797777777807
1373.047016266518,1230.9280966418905,642.0,643.0797777777807
1366.527016939067,1229.1810680874485,645.0,643.0797777777807
1359.9245206341138,1227.7776641744285,642.0,643.0797777777807
1353.4045213066627,1226.0306356199865,645.0,643.0797777777807
1346.8020250017096,1224.6272317069665,642.0,643.0797777777807
1340.2820256742584,1222.8802031525245,645.0,643.0797777777807
1333.6795293693053,1221.4767992395045,642.0,643.0797777777807
1327.1595300418542,1219.7297706850625,645.0,643.0797777777807
1320.557033736901,1218.3263667720425,642.0,643.0797777777807
1314.03703440945,1216.5793382176005,645.0,645.7128888888918
1307.6174029244576,1214.4934735055697,648.0,648.346000000003
1301.3157350456015,1212.074489846139,651.0,650.9791111111141
1295.1493032065139,1209.3290175053774,654.0,653.6122222222252
1289.1350091682425,1206.2645816321353,657.0,656.2453333333364
1283.2893376926975,1202.8895816321353,660.0,658.8784444444475
1277.628311359066,1199.213268145784,663.0,661.5115555555586
1272.1674466470351,1195.2457176928099,666.0,664.1446666666698
1266.9217114072005,1190.9978050532234,669.0,666.7777777777809
1261.905483835228,1186.481173460301,672.0,669.410888888892
1257.132513062219,1181.708202687292,675.0,672.0440000000032
1252.1162854902466,1177.1915710943697,672.0,674.6771111111143
1247.3433147172375,1172.4186003213606,675.0,677.3102222222254
1242.8266831243152,1167.4023727493882,678.0,679.9433333333366
1238.5787704847287,1162.1566375095535,681.0,682.5764444444477
1234.6112200317546,1156.6957727975227,684.0,685.2095555555588
1230.934906545403,1151.0347464638912,687.0,687.84266666667
1227.559906545403,1145.1890749883462,690.0,690.4757777777811
1224.495470672161,1139.1747809500748,693.0,693.1088888888922
1221.7499983313994,1133.0083491109872,696.0,695.7420000000034
1219.3310146719687,1126.7066812321311,699.0,698.3751111111145
1216.585542331207,1120.5402493930435,696.0,698.3751111111145
1214.1665586717763,1114.2385815141874,699.0,698.3751111111145
1211.4210863310147,1108.0721496750998,696.0,698.3751111111145
1209.002102671584,1101.7704817962438,699.0,698.3751111111145
1206.2566303308224,1095.6040499571561,696.0,698.3751111111145
1203.8376466713917,1089.3023820783,699.0,698.3751111111145
1201.09217433063,1083.1359502392124,696.0,698.3751111111145
1198.6731906711993,1076.8342823603564,699.0,698.3751111111145
1196.5873259591685,1070.414650875364,702.0,701.0082222222256
1194.8402974047265,1063.8946515479129,705.0,703.6413333333368
1193.4368934917065,1057.2921552429598,708.0,706.2744444444479
1192.380960852685,1050.6252589439425,711.0,708.907555555559
1191.6753937256283,1043.9122361502066,714.0,711.5406666666702
1191.3221260209884,1037.1714867906132,717.0,714.1737777777813
1190.6165588939318,1030.4584639968773,714.0,716.8068888888924
1190.263291189292,1023.717714637284,717.0,719.4400000000036
1190.263291189292,1016.967714637284,720.0,722.0731111111147
1190.6165588939318,1010.2269652776906,723.0,724.7062222222258
1191.3221260209884,1003.5139424839548,726.0,727.339333333337
1192.37805866001,996.8470461849377,729.0,729.9724444444481
1193.78146257303,990.2445498799844,732.0,732.6055555555592
1195.528491127472,983.7245505525333,735.0,735.2386666666704
1197.6143558395029,977.304919067541,738.0,737.8717777777815
1200.0333394989336,971.0032511886849,741.0,740.5048888888927
1202.1192042109644,964.5836197036926,738.0,740.5048888888927
1204.5381878703952,958.2819518248365,741.0,740.5048888888927
1206.624052582426,951.8623203398442,738.0,740.5048888888927
1209.0430362418567,945.5606524609881,741.0,743.1380000000038
1211.7885085826183,939.3942206219006,744.0,745.7711111111149
1214.8529444558603,933.3799265836291,747.0,748.404222222226
1218.2279444558603,927.5342551080842,750.0,751.0373333333372
1221.9042579422116,921.8732287744525,753.0,753.6704444444483
1225.8718083951858,916.4123640624216,756.0,756.3035555555595
1230.1197210347723,911.1666288225871,759.0,758.9366666666706
1234.6363526276946,906.1504012506147,762.0,761.5697777777817
1239.4093234007037,901.3774304776055,765.0,764.2028888888929
1244.425550972676,896.8607988846832,768.0,766.836000000004
1249.6712862125107,892.6128862450968,771.0,769.4691111111151
1255.1321509245415,888.6453357921225,774.0,772.1022222222263
1260.793177258173,884.9690223057711,777.0,774.7353333333374
1266.638848733718,881.5940223057711,780.0,777.3684444444485
1272.6531427719895,878.5295864325292,783.0,780.0015555555597
1278.4988142475345,875.1545864325292,780.0,782.6346666666708
1284.5131082858059,872.0901505592873,783.0,785.2677777777819
1290.6795401248935,869.3446782185256,786.0,787.9008888888931
1296.9812080037495,866.9256945590948,789.0,790.5340000000042
1303.400839488742,864.8398298470639,792.0,793.1671111111153
1309.920838816193,863.0928012926219,795.0,795.8002222222265
1316.5233351211461,861.6893973796019,798.0,798.4333333333376
1323.1902314201634,860.6334647405804,801.0,798.4333333333376
1329.7927277251165,859.2300608275605,798.0,798.4333333333376
1336.4596240241337,858.1741281885389,801.0,798.4333333333376
1343.0621203290868,856.770724275519,798.0,798.4333333333376
1349.729016628104,855.7147916364975,801.0,798.4333333333376
1356.3315129330572,854.3113877234775,798.0,798.4333333333376
1362.9984092320744,853.255455084456,801.0,801.0664444444487
1369.7114320258104,852.5498879573994,804.0,803.6995555555599
1376.4521813854037,852.1966202527595,807.0,806.332666666671
1383.2021813854037,852.1966202527595,810.0,808.9657777777821
1389.942930744997,852.5498879573994,813.0,811.5988888888933
1396.655953538733,853.255455084456,816.0,814.2320000000044
1403.3228498377503,854.3113877234775,819.0,816.8651111111155
1409.9253461427033,855.7147916364975,822.0,819.4982222222267
1416.4453454701545,857.4618201909394,825.0,822.1313333333378
1423.0478417751076,858.8652241039593,822.0,824.7644444444489
1429.5678411025588,860.6122526584013,825.0,827.3975555555601
1435.987472587551,862.6981173704322,828.0,830.0306666666712
1442.2891404664072,865.117101029863,831.0,832.6637777777823
1448.4555723054948,867.8625733706247,834.0,832.6637777777823
1454.7572401843508,870.2815570300554,831.0,832.6637777777823
1460.9236720234385,873.0270293708171,834.0,832.6637777777823
1467.2253399022945,875.4460130302479,831.0,832.6637777777823
1473.3917717413822,878.1914853710095,834.0,832.6637777777823
1479.6934396202382,880.6104690304403,831.0,832.6637777777823
1485.8598714593259,883.355941371202,834.0,832.6637777777823
1492.161539338182,885.7749250306327,831.0,832.6637777777823
1498.3279711772695,888.5203973713944,834.0,832.6637777777823
1504.6296390561256,890.9393810308252,831.0,832.6637777777823
1510.7960708952132,893.6848533715869,834.0,832.6637777777823
1517.0977387740693,896.1038370310176,831.0,832.6637777777823
1523.264170613157,898.8493093717793,834.0,832.6637777777823
1529.565838492013,901.2682930312101,831.0,832.6637777777823
1535.7322703311006,904.0137653719718,834.0,832.6637777777823
1542.0339382099567,906.4327490314025,831.0,832.6637777777823
1548.2003700490443,909.1782213721642,834.0,832.6637777777823
1554.5020379279003,911.597205031595,831.0,830.0306666666712
1560.9216694128927,913.6830697436259,828.0,827.3975555555601
1567.4416687403439,915.4300982980678,825.0,824.7644444444489
1574.044165045297,916.8335022110878,822.0,822.1313333333378
1580.7110613443142,917.8894348501093,819.0,819.4982222222267
1587.4240841380501,918.5950019771659,816.0,816.8651111111155
1594.1648334976435,918.9482696818058,813.0,814.2320000000044
1600.9148334976435,918.9482696818058,810.0,811.5988888888933
1607.6555828572368,918.5950019771659,807.0,808.9657777777821
1614.4055828572368,918.5950019771659,810.0,808.9657777777821
1621.1463322168302,918.2417342725261,807.0,808.9657777777821
1627.8963322168302,918.2417342725261,810.0,808.9657777777821
1634.6370815764235,917.8884665678862,807.0,808.9657777777821
1641.3870815764235,917.8884665678862,810.0,808.9657777777821
1648.1278309360168,917.5351988632464,807.0,806.332666666671
1654.8408537297528,916.8296317361898,804.0,803.6995555555599
1661.50775002877,915.7736990971682,801.0,801.0664444444487
1668.1102463337231,914.3702951841483,798.0,798.4333333333376
1674.6302456611743,912.6232666297062,795.0,795.8002222222265
1681.0498771461666,910.5374019176753,792.0,793.1671111111153
1687.3515450250227,908.1184182582446,789.0,790.5340000000042
1693.5179768641103,905.3729459174829,786.0,787.9008888888931
1699.5322709023817,902.308510044241,783.0,785.2677777777819
1705.3779423779267,898.933510044241,780.0,782.6346666666708
1711.392236416198,895.869074170999,783.0,780.0015555555597
1717.2379078917431,892.494074170999,780.0,780.0015555555597
1723.2522019300145,889.4296382977572,783.0,780.0015555555597
1729.0978734055595,886.0546382977572,780.0,780.0015555555597
1735.112167443831,882.9902024245152,783.0,780.0015555555597
1740.957838919376,879.6152024245152,780.0,780.0015555555597
1746.9721329576473,876.5507665512733,783.0,780.0015555555597
1752.8178044331924,873.1757665512733,780.0,780.0015555555597
1758.8320984714637,870.1113306780314,783.0,780.0015555555597
1764.6777699470088,866.7363306780314,780.0,780.0015555555597
1770.6920639852801,863.6718948047895,783.0,780.0015555555597
1776.5377354608252,860.2968948047895,780.0,780.0015555555597
1782.5520294990965,857.2324589315476,783.0,780.0015555555597
1788.3977009746416,853.8574589315476,780.0,780.0015555555597
1794.411995012913,850.7930230583057,783.0,780.0015555555597
1800.257666488458,847.4180230583057,780.0,780.0015555555597
1806.2719605267293,844.3535871850638,783.0,780.0015555555597
1812.1176320022744,840.9785871850638,780.0,780.0015555555597
1818.1319260405457,837.9141513118219,783.0,780.0015555555597
1823.9775975160908,834.5391513118219,780.0,780.0015555555597
1829.9918915543622,831.47471543858,783.0,780.0015555555597
1835.8375630299072,828.09971543858,780.0,780.0015555555597
1841.8518570681786,825.0352795653381,783.0,780.0015555555597
1847.6975285437236,821.6602795653381,780.0,780.0015555555597
1853.711822581995,818.5958436920962,783.0,780.0015555555597
1859.55749405754,815.2208436920962,780.0,780.0015555555597
1865.5717880958114,812.1564078188543,783.0,780.0015555555597
1871.4174595713564,808.7814078188543,780.0,780.0015555555597
1877.4317536096278,805.7169719456124,783.0,780.0015555555597
1883.2774250851728,802.3419719456124,780.0,780.0015555555597
1889.2917191234442,799.2775360723705,783.0,780.0015555555597
1895.1373905989892,795.9025360723705,780.0,780.0015555555597
1901.1516846372606,792.8381001991286,783.0,780.0015555555597
1906.9973561128056,789.4631001991286,780.0,780.0015555555597
1913.011650151077,786.3986643258867,783.0,780.0015555555597
1918.857321626622,783.0236643258867,780.0,780.0015555555597
1924.8716156648934,779.9592284526448,783.0,780.0015555555597
1930.7172871404384,776.5842284526448,780.0,780.0015555555597
1936.7315811787098,773.5197925794029,783.0,780.0015555555597
1942.5772526542548,770.1447925794029,780.0,780.0015555555597
1948.5915466925262,767.080356706161,783.0,780.0015555555597
1954.4372181680712,763.705356706161,780.0,780.0015555555597
1960.4515122063426,760.640920832919,783.0,780.0015555555597
1966.2971836818876,757.265920832919,780.0,780.0015555555597
1972.311477720159,754.2014849596771,783.0,780.0015555555597
1978.157149195704,750.8264849596771,780.0,780.0015555555597
1984.1714432339754,747.7620490864352,783.0,780.0015555555597
1990.0171147095205,744.3870490864352,780.0,782.6346666666708
1996.0314087477918,741.3226132131933,783.0,785.2677777777819
2002.1978405868795,738.5771408724316,786.0,787.9008888888931
2008.4995084657355,736.1581572130009,789.0,790.5340000000042
2014.9191399507279,734.07229250097,792.0,793.1671111111153
2021.439139278179,732.3252639465279,795.0,793.1671111111153
2027.8587707631714,730.239399234497,792.0,793.1671111111153
2034.3787700906225,728.4923706800549,795.0,793.1671111111153
2040.798401575615,726.406505968024,792.0,793.1671111111153
2047.318400903066,724.659477413582,795.0,793.1671111111153
2053.7380323880584,722.573612701551,792.0,793.1671111111153
2060.25803171551,720.826584147109,795.0,793.1671111111153
2066.860528020463,719.423180234089,798.0,795.8002222222265
2073.52742431948,718.3672475950675,801.0,798.4333333333376
2080.240447113216,717.6616804680109,804.0,801.0664444444487
2086.907343412233,716.6057478289894,801.0,803.6995555555599
2093.620366205969,715.9001807019328,804.0,806.332666666671
2100.361115565562,715.5469129972929,807.0,806.332666666671
2107.074138359298,714.8413458702363,804.0,806.332666666671
2113.8148877188914,714.4880781655964,807.0,806.332666666671
2120.5279105126274,713.7825110385398,804.0,806.332666666671
2127.2686598722207,713.4292433339,807.0,806.332666666671
2133.9816826659567,712.7236762068434,804.0,806.332666666671
2140.72243202555,712.3704085022035,807.0,808.9657777777821
2147.47243202555,712.3704085022035,810.0,811.5988888888933
2154.2131813851433,712.7236762068434,813.0,814.2320000000044
2160.9262041788793,713.4292433339,816.0,816.8651111111155
2167.5931004778963,714.4851759729215,819.0,819.4982222222267
2174.1955967828494,715.8885798859415,822.0,822.1313333333378
2180.715596110301,717.6356084403834,825.0,824.7644444444489
2187.135227595293,719.7214731524143,828.0,827.3975555555601
2193.4368954741494,722.1404568118451,831.0,830.0306666666712
2199.603327313237,724.8859291526068,834.0,832.6637777777823
2205.6176213515087,727.9503650258487,837.0,835.2968888888935
2211.4632928270535,731.3253650258487,840.0,837.9300000000046
2217.124319160685,735.0016785122001,843.0,840.5631111111157
2222.585183872716,738.9692289651742,846.0,843.1962222222269
2228.2462102063473,742.6455424515257,843.0,845.829333333338
2233.707074918378,746.6130929044998,846.0,848.4624444444491
2238.9528101582127,750.8610055440862,849.0,851.0955555555603
2243.969037730185,755.3776371370085,852.0,853.7286666666714
2248.742008503194,760.1506079100177,855.0,856.3617777777825
2253.2586400961163,765.1668354819901,858.0,858.9948888888937
2257.506552735703,770.4125707218246,861.0,861.6280000000048
2261.474103188677,775.8734354338555,864.0,864.261111111116
2265.1504166750283,781.5344617674872,867.0,866.8942222222271
2268.5254166750283,787.3801332430321,870.0,869.5273333333382
2272.2017301613796,793.0411595766637,867.0,869.5273333333382
2275.5767301613796,798.8868310522087,870.0,869.5273333333382
2279.253043647731,804.5478573858403,867.0,869.5273333333382
2282.628043647731,810.3935288613852,870.0,869.5273333333382
2286.3043571340822,816.0545551950169,867.0,869.5273333333382
2289.6793571340822,821.9002266705618,870.0,869.5273333333382
2293.3556706204336,827.5612530041934,867.0,869.5273333333382
2296.7306706204336,833.4069244797383,870.0,872.1604444444494
2299.7951064936756,839.4212185180098,873.0,874.7935555555605
2302.5405788344374,845.5876503570973,876.0,877.4266666666716
2304.9595624938684,851.8893182359535,879.0,880.0597777777828
2307.045427205899,858.3089497209457,882.0,882.6928888888939
2308.792455760341,864.8289490483969,885.0,885.326000000005
2310.1958596733607,871.4314453533501,888.0,887.9591111111162
2311.9428882278025,877.9514446808013,885.0,887.9591111111162
2313.3462921408222,884.5539409857545,888.0,887.9591111111162
2315.093320695264,891.0739403132056,885.0,887.9591111111162
2316.496724608284,897.6764366181588,888.0,887.9591111111162
2318.2437531627256,904.19643594561,885.0,887.9591111111162
2319.6471570757453,910.7989322505632,888.0,887.9591111111162
2320.703089714767,917.4658285495804,891.0,890.5922222222273
2321.408656841824,924.1788513433162,894.0,893.2253333333384
2321.761924546464,930.9196007029095,897.0,895.8584444444496
2321.761924546464,937.6696007029095,900.0,898.4915555555607
2321.408656841824,944.4103500625029,903.0,901.1246666666718
2320.703089714767,951.1233728562387,906.0,903.757777777783
2320.349822010127,957.864122215832,903.0,903.757777777783
2319.64425488307,964.5771450095679,906.0,903.757777777783
2319.29098717843,971.3178943691612,903.0,903.757777777783
2318.585420051373,978.030917162897,906.0,903.757777777783
2318.232152346733,984.7716665224904,903.0,903.757777777783
2317.5265852196762,991.4846893162262,906.0,906.3908888888941
2316.4706525806546,998.1515856152433,909.0,909.0240000000052
2315.067248667635,1004.7540819201965,912.0,911.6571111111164
2313.320220113193,1011.2740812476477,915.0,914.2902222222275
2311.2343554011622,1017.6937127326399,918.0,916.9233333333386
2308.8153717417313,1023.9953806114961,921.0,919.5564444444498
2306.0698994009695,1030.1618124505837,924.0,922.1895555555609
2303.0054635277274,1036.1761064888553,927.0,924.822666666672
2299.6304635277274,1042.0217779644004,930.0,927.4557777777832
2295.954150041376,1047.682804298032,933.0,930.0888888888943
2292.579150041376,1053.528475773577,930.0,930.0888888888943
2288.902836555025,1059.1895021072085,933.0,930.0888888888943
2285.527836555025,1065.0351735827535,930.0,930.0888888888943
2281.9713436563766,1070.511692391437,933.0,930.0888888888943
2278.8163436563764,1075.9763126893167,930.0,930.0888888888943
2275.499491933135,1081.0838164481045,933.0,930.0888888888943
2272.3444919331346,1086.5484367459842,930.0,930.0888888888943
2268.7879990344863,1092.0249555546677,933.0,930.0888888888943
2265.4129990344863,1097.8706270302127,930.0,932.6388888888943
2261.736685548135,1103.5316533638443,933.0,935.2720000000054
2257.769135095161,1108.992518075875,936.0,937.9051111111165
2253.5212224555744,1114.2382533157097,939.0,940.5382222222277
2249.004590862652,1119.2544808876821,942.0,943.1713333333388
2244.231620089643,1124.0274516606912,945.0,945.8044444444499
2239.215392517671,1128.5440832536135,948.0,948.4375555555611
2233.969657277836,1132.7919958932,951.0,951.0706666666722
2228.5087925658054,1136.7595463461741,954.0,953.7037777777833
2222.847766232174,1140.4358598325255,957.0,956.3368888888945
2217.002094756629,1143.8108598325255,960.0,958.9700000000056
2210.9878007183574,1146.8752957057675,963.0,961.6031111111167
2204.82136887927,1149.620768046529,966.0,964.2362222222279
2198.5197010004135,1152.0397517059598,969.0,966.869333333339
2192.100069515421,1154.1256164179906,972.0,969.5024444444501
2185.58007018797,1155.8726449724327,975.0,972.1355555555613
2179.1604387029774,1157.9585096844635,972.0,974.7686666666724
2172.640439375526,1159.7055382389055,975.0,977.4017777777835
2166.037943070573,1161.1089421519255,978.0,980.0348888888947
2159.371046771556,1162.1648747909471,981.0,982.6680000000058
2152.65802397782,1162.8704419180037,984.0,985.3011111111169
2145.9172746182267,1163.2237096226436,987.0,987.9342222222281
2139.1672746182267,1163.2237096226436,990.0,990.5673333333392
2132.4265252586333,1162.8704419180037,993.0,993.2004444444503
2125.7135024648974,1162.1648747909471,996.0,995.8335555555615
2119.0466061658803,1161.1089421519255,999.0,998.4666666666726
2112.3335833721444,1160.4033750248689,996.0,998.4666666666726
2105.6666870731274,1159.3474423858472,999.0,998.4666666666726
2098.9536642793914,1158.6418752587906,996.0,998.4666666666726
2092.2867679803744,1157.585942619769,999.0,998.4666666666726
2085.5737451866385,1156.8803754927123,996.0,998.4666666666726
2078.9068488876214,1155.8244428536907,999.0,998.4666666666726
2072.1938260938855,1155.118875726634,996.0,998.4666666666726
2065.5269297948685,1154.0629430876124,999.0,998.4666666666726
2058.8139070011325,1153.3573759605558,996.0,998.4666666666726
2052.1470107021155,1152.3014433215342,999.0,998.4666666666726
2045.4339879083795,1151.5958761944776,996.0,998.4666666666726
2038.7670916093623,1150.539943555456,999.0,998.4666666666726
2032.0540688156264,1149.8343764283993,996.0,998.4666666666726
2025.387172516609,1148.7784437893777,999.0,998.4666666666726
2018.6741497228732,1148.072876662321,996.0,998.4666666666726
2012.007253423856,1147.0169440232994,999.0,998.4666666666726
2005.29423063012,1146.3113768962428,996.0,998.4666666666726
1998.6273343311027,1145.2554442572211,999.0,998.4666666666726
1991.9143115373668,1144.5498771301645,996.0,998.4666666666726
1985.2474152383495,1143.4939444911429,999.0,998.4666666666726
1978.5343924446136,1142.7883773640863,996.0,998.4666666666726
1971.8674961455963,1141.7324447250646,999.0,998.4666666666726
1965.1544733518604,1141.026877598008,996.0,998.4666666666726
1958.487577052843,1139.9709449589864,999.0,998.4666666666726
1951.7745542591072,1139.2653778319298,996.0,998.4666666666726
1945.0338048995138,1138.91211012729,993.0,995.8335555555615
1938.3207821057779,1138.2065430002333,996.0,993.2004444444503
1931.5800327461845,1137.8532752955934,993.0,990.5673333333392
1924.8300327461845,1137.8532752955934,990.0,987.9342222222281
1918.0892833865912,1138.2065430002333,987.0,985.3011111111169
1911.3762605928553,1138.91211012729,984.0,982.6680000000058
1904.709364293838,1139.9680427663116,981.0,980.0348888888947
1898.106867988885,1141.3714466793315,978.0,977.4017777777835
1891.5868686614338,1143.1184752337736,975.0,974.7686666666724
1885.1672371764414,1145.2043399458043,972.0,972.1355555555613
1878.8655692975854,1147.623323605235,969.0,969.5024444444501
1872.6991374584977,1150.3687959459967,966.0,966.869333333339
1866.6848434202263,1153.4332318192387,963.0,964.2362222222279
1860.8391719446813,1156.8082318192387,960.0,961.6031111111167
1855.1781456110498,1160.48454530559,957.0,958.9700000000056
1849.717280899019,1164.4520957585642,954.0,956.3368888888945
1844.0562545653875,1168.1284092449155,957.0,956.3368888888945
1838.5953898533567,1172.0959596978896,954.0,956.3368888888945
1832.9343635197251,1175.772273184241,957.0,956.3368888888945
1827.4734988076943,1179.739823637215,954.0,956.3368888888945
1821.8124724740628,1183.4161371235664,957.0,956.3368888888945
1816.351607762032,1187.3836875765405,954.0,956.3368888888945
1810.6905814284005,1191.0600010628918,957.0,956.3368888888945
1805.2297167163697,1195.027551515866,954.0,956.3368888888945
1799.5686903827382,1198.7038650022173,957.0,956.3368888888945
1794.1078256707074,1202.6714154551914,954.0,956.3368888888945
1788.4467993370758,1206.3477289415428,957.0,956.3368888888945
1782.985934625045,1210.315279394517,954.0,956.3368888888945
1777.3249082914135,1213.9915928808682,957.0,956.3368888888945
1771.8640435793827,1217.9591433338423,954.0,956.3368888888945
1766.2030172457512,1221.6354568201937,957.0,956.3368888888945
1760.7421525337204,1225.6030072731678,954.0,956.3368888888945
1755.0811262000889,1229.2793207595191,957.0,956.3368888888945
1749.620261488058,1233.2468712124933,954.0,956.3368888888945
1743.9592351544266,1236.9231846988446,957.0,956.3368888888945
1738.4983704423958,1240.8907351518187,954.0,956.3368888888945
1732.8373441087642,1244.56704863817,957.0,956.3368888888945
1727.3764793967334,1248.5345990911442,954.0,956.3368888888945
1721.715453063102,1252.2109125774955,957.0,956.3368888888945
1715.8697815875569,1255.5859125774955,960.0,958.9700000000056
1709.8554875492855,1258.6503484507375,963.0,961.6031111111167
1703.6890557101979,1261.395820791499,966.0,964.2362222222279
1697.3873878313418,1263.8148044509298,969.0,966.869333333339
1690.9677563463495,1265.9006691629606,972.0,969.5024444444501
1684.4477570188983,1267.6476977174027,975.0,972.1355555555613
1678.028125533906,1269.7335624294335,972.0,974.7686666666724
1671.5081262064548,1271.4805909838756,975.0,977.4017777777835
1664.9056299015017,1272.8839948968955,978.0,980.0348888888947
1658.2387336024844,1273.9399275359171,981.0,982.6680000000058
1651.5257108087485,1274.6454946629738,984.0,985.3011111111169
1644.7849614491552,1274.9987623676136,987.0,987.9342222222281
1638.0349614491552,1274.9987623676136,990.0,987.9342222222281
1631.2942120895618,1275.3520300722535,987.0,987.9342222222281
1624.5442120895618,1275.3520300722535,990.0,987.9342222222281
1617.8034627299685,1275.7052977768933,987.0,987.9342222222281
1611.0534627299685,1275.7052977768933,990.0,987.9342222222281
1604.3127133703751,1276.0585654815332,987.0,987.9342222222281
1597.5627133703751,1276.0585654815332,990.0,987.9342222222281
1590.8219640107818,1276.411833186173,987.0,987.9342222222281
1584.0719640107818,1276.411833186173,990.0,987.9342222222281
1577.3312146511885,1276.7651008908128,987.0,987.9342222222281
1570.5812146511885,1276.7651008908128,990.0,987.9342222222281
1563.8404652915951,1277.1183685954527,987.0,987.9342222222281
1557.0904652915951,1277.1183685954527,990.0,987.9342222222281
1550.3497159320018,1277.4716363000925,987.0,987.9342222222281
1543.5997159320018,1277.4716363000925,990.0,987.9342222222281
1536.8589665724085,1277.1183685954527,993.0,990.5673333333392
1530.1459437786725,1276.412801468396,996.0,993.2004444444503
1523.4051944190792,1276.0595337637562,993.0,995.8335555555615
1516.6921716253432,1275.3539666366996,996.0,998.4666666666726
1510.025275326326,1274.298033997678,999.0,1001.0997777777837
1503.422779021373,1272.894630084658,1002.0,1003.7328888888949
1496.9027796939217,1271.147601530216,1005.0,1003.7328888888949
1490.3002833889686,1269.744197617196,1002.0,1003.7328888888949
1483.7802840615175,1267.997169062754,1005.0,1003.7328888888949
1477.1777877565644,1266.593765149734,1002.0,1003.7328888888949
1470.6577884291132,1264.846736595292,1005.0,1003.7328888888949
1464.0552921241601,1263.443332682272,1002.0,1003.7328888888949
1457.535292796709,1261.69630412783,1005.0,1003.7328888888949
1450.9327964917559,1260.29290021481,1002.0,1003.7328888888949
1444.4127971643047,1258.545871660368,1005.0,1003.7328888888949
1437.8103008593516,1257.142467747348,1002.0,1003.7328888888949
1431.2903015319005,1255.395439192906,1005.0,1003.7328888888949
1424.6878052269474,1253.992035279886,1002.0,1003.7328888888949
1418.1678058994962,1252.245006725444,1005.0,1003.7328888888949
1411.5653095945431,1250.841602812424,1002.0,1003.7328888888949
1405.045310267092,1249.094574257982,1005.0,1003.7328888888949
1398.4428139621389,1247.691170344962,1002.0,1003.7328888888949
1391.9228146346877,1245.94414179052,1005.0,1003.7328888888949
1385.3203183297346,1244.5407378775,1002.0,1003.7328888888949
1378.8003190022835,1242.793709323058,1005.0,1003.7328888888949
1372.1978226973304,1241.390305410038,1002.0,1003.7328888888949
1365.6778233698792,1239.643276855596,1005.0,1003.7328888888949
1359.0753270649261,1238.239872942576,1002.0,1003.7328888888949
1352.555327737475,1236.492844388134,1005.0,1003.7328888888949
1345.9528314325219,1235.089440475114,1002.0,1003.7328888888949
1339.4328321050707,1233.342411920672,1005.0,1003.7328888888949
1332.8303358001176,1231.939008007652,1002.0,1003.7328888888949
1326.3103364726664,1230.19197945321,1005.0,1006.366000000006
1319.890704987674,1228.1061147411792,1008.0,1008.9991111111171
1313.589037108818,1225.6871310817485,1011.0,1011.6322222222283
1307.4226052697304,1222.941658740987,1014.0,1014.2653333333394
1301.408311231459,1219.8772228677449,1017.0,1016.8984444444505
1295.2418793923714,1217.1317505269833,1014.0,1016.8984444444505
1289.2275853541,1214.0673146537413,1017.0,1016.8984444444505
1283.0611535150124,1211.3218423129797,1014.0,1016.8984444444505
1277.046859476741,1208.2574064397377,1017.0,1016.8984444444505
1270.8804276376534,1205.511934098976,1014.0,1016.8984444444505
1264.866133599382,1202.447498225734,1017.0,1019.5315555555617
1259.020462123837,1199.072498225734,1020.0,1022.1646666666728
1253.3594357902055,1195.3961847393825,1023.0,1024.797777777784
1247.8985710781747,1191.4286342864084,1026.0,1027.430888888895
1242.65283583834,1187.180721646822,1029.0,1030.064000000006
1237.6366082663676,1182.6640900538996,1032.0,1032.697111111117
1232.8636374933585,1177.8911192808905,1035.0,1035.330222222228
1228.3470059004362,1172.874891708918,1038.0,1037.963333333339
1224.0990932608497,1167.6291564690835,1041.0,1040.59644444445
1220.1315428078756,1162.1682917570527,1044.0,1043.229555555561
1216.455229321524,1156.5072654234211,1047.0,1045.862666666672
1213.080229321524,1150.661593947876,1050.0,1048.4957777777831
1210.015793448282,1144.6472999096047,1053.0,1051.1288888888942
1207.2703211075204,1138.480868070517,1056.0,1053.7620000000052
1204.8513374480897,1132.179200191661,1059.0,1056.3951111111162
1202.7654727360589,1125.7595687066687,1062.0,1059.0282222222272
1200.3464890766281,1119.4579008278126,1059.0,1061.6613333333382
1198.2606243645973,1113.0382693428203,1062.0,1064.2944444444493
1196.5135958101553,1106.5182700153691,1065.0,1066.9275555555603
1195.1101918971353,1099.915773710416,1068.0,1069.5606666666713
1194.0542592581137,1093.2488774113988,1071.0,1072.1937777777823
1193.348692131057,1086.5358546176628,1074.0,1074.8268888888933
1192.9954244264172,1079.7951052580695,1077.0,1077.4600000000044
1192.9954244264172,1073.0451052580695,1080.0,1080.0931111111154
1193.348692131057,1066.3043558984762,1083.0,1082.7262222222264
1194.0542592581137,1059.5913331047402,1086.0,1085.3593333333374
1194.4075269627535,1052.8505837451469,1083.0,1085.3593333333374
1195.1130940898101,1046.137560951411,1086.0,1085.3593333333374
1195.46636179445,1039.3968115918176,1083.0,1085.3593333333374
