1156.0115139103734,1093.780301502354,3.0,0
1156.0115139103734,1093.340301502354,0.0,0
1156.0460556414937,1092.681206009416,3.0,0
1156.0460556414937,1091.8012060094159,0.0,0
1156.103625193361,1090.7027135211858,3.0,0
1156.103625193361,1089.382713521186,0.0,0
1156.1842225659752,1087.8448240376638,3.0,0
1156.1842225659752,1086.0848240376638,0.0,0
1156.2878477593363,1084.1075375588498,3.0,0
1156.2878477593363,1081.9075375588498,0.0,0
1156.4145007734442,1079.4908540847437,3.0,0
1156.4145007734442,1076.8508540847436,0.0,0
1156.564181608299,1073.9947736153454,3.0,0
1156.564181608299,1070.9147736153454,0.0,0
1156.7368902639007,1067.6192961506554,3.0,0
1156.7368902639007,1064.0992961506554,0.0,0
1156.9326267402494,1060.3644216906732,3.0,0
1156.9326267402494,1056.4044216906732,0.0,0
1157.1513910373449,1052.2301502353992,3.0,0
1157.1513910373449,1047.830150235399,0.0,0
1157.3931831551872,1043.216481784833,3.0,0
1157.3931831551872,1038.376481784833,0.0,0
1157.6580030937764,1033.3234163389748,3.0,0
1157.6580030937764,1028.0434163389748,0.0,1.9946666666666666
1157.9458508531127,1022.5509538978247,3.0,4.072444444444444
1158.5437536630036,1016.8622886563181,6.0,6.2333333333333325
1159.4729743853425,1010.995419913183,9.0,8.477333333333332
1160.75371040078,1004.9700306926628,12.0,10.804444444444442
1162.404975908534,998.8074239209386,15.0,13.214666666666664
1164.4444880714086,992.5304509133906,18.0,15.707999999999997
1166.8634717308394,986.2287830345344,21.0,18.28444444444444
1168.9493364428702,979.8091515495422,18.0,18.28444444444444
1171.368320102301,973.507483670686,21.0,18.28444444444444
1173.4541848143317,967.0878521856938,18.0,18.28444444444444
1175.8731684737625,960.7861843068376,21.0,18.28444444444444
1177.9590331857933,954.3665528218454,18.0,18.28444444444444
1180.378016845224,948.0648849429892,21.0,18.28444444444444
1182.4638815572548,941.645253457997,18.0,18.28444444444444
1184.8828652166856,935.3435855791408,21.0,18.28444444444444
1186.9687299287164,928.9239540941486,18.0,18.28444444444444
1189.387713588147,922.6222862152924,21.0,20.91755555555555
1192.1331859289087,916.4558543762049,24.0,23.550666666666658
1195.1976218021507,910.4415603379334,27.0,26.183777777777767
1198.5726218021507,904.5958888623885,30.0,28.816888888888876
1202.2489352885023,898.9348625287569,33.0,31.449999999999985
1206.2164857414764,893.473997816726,36.0,34.083111111111094
1210.464398381063,888.2282625768914,39.0,36.71622222222221
1214.431948834037,882.7673978648605,36.0,36.71622222222221
1218.6798614736235,877.521662625026,39.0,36.71622222222221
1222.6474119265977,872.0607979129951,36.0,36.71622222222221
1226.8953245661842,866.8150626731606,39.0,36.71622222222221
1230.8628750191583,861.3541979611297,36.0,36.71622222222221
1235.1107876587448,856.1084627212952,39.0,36.71622222222221
1239.078338111719,850.6475980092642,36.0,36.71622222222221
1243.3262507513055,845.4018627694297,39.0,39.34933333333332
1247.8428823442277,840.3856351974573,42.0,41.98244444444443
1252.6158531172368,835.6126644244481,45.0,44.615555555555545
1257.6320806892093,831.0960328315258,48.0,47.24866666666666
1262.877815929044,826.8481201919394,51.0,49.88177777777777
1268.3386806410747,822.8805697389653,54.0,52.51488888888888
1273.9997069747062,819.2042562526138,57.0,55.147999999999996
1279.8453784502512,815.8292562526138,60.0,57.78111111111111
1285.8596724885226,812.7648203793719,63.0,60.41422222222222
1292.0261043276103,810.0193480386102,66.0,63.047333333333334
1298.0403983658816,806.9549121653683,63.0,65.68044444444445
1304.2068302049693,804.2094398246066,66.0,68.31355555555555
1310.5084980838253,801.7904561651759,69.0,70.94666666666666
1316.9281295688177,799.704591453145,72.0,73.57977777777776
1323.4481288962688,797.9575628987029,75.0,76.21288888888887
1330.050625201222,796.554158985683,78.0,78.84599999999998
1336.7175215002392,795.4982263466615,81.0,81.47911111111108
1343.4305442939751,794.7926592196048,84.0,84.11222222222219
1350.1712936535685,794.439391514965,87.0,86.74533333333329
1356.9212936535685,794.439391514965,90.0,89.3784444444444
1363.6620430131618,794.7926592196048,93.0,92.0115555555555
1370.3750658068977,795.4982263466615,96.0,94.64466666666661
1377.041962105915,796.554158985683,99.0,97.27777777777771
1383.644458410868,797.9575628987029,102.0,99.91088888888882
1390.1644577383192,799.704591453145,105.0,102.54399999999993
1396.5840892233116,801.7904561651759,108.0,105.17711111111103
1403.1040885507628,803.537484719618,105.0,107.81022222222214
1409.523720035755,805.6233494316489,108.0,110.44333333333324
1415.8253879146112,808.0423330910796,111.0,113.07644444444435
1421.9918197536988,810.7878054318413,114.0,115.70955555555545
1428.0061137919702,813.8522413050832,117.0,118.34266666666656
1433.8517852675152,817.2272413050832,120.0,120.97577777777767
1439.5128116011467,820.9035547914347,123.0,123.60888888888877
1444.9736763131775,824.8711052444088,126.0,126.24199999999988
1450.2194115530122,829.1190178839952,129.0,128.87511111111098
1455.2356391249846,833.6356494769175,132.0,131.5082222222221
1460.0086098979937,838.4086202499267,135.0,134.1413333333332
1464.525241490916,843.4248478218991,138.0,136.7744444444443
1468.7731541305025,848.6705830617336,141.0,139.4075555555554
1472.7407045834766,854.1314477737645,144.0,142.0406666666665
1476.988617223063,859.377183013599,141.0,142.0406666666665
1480.9561676760372,864.83804772563,144.0,142.0406666666665
1485.2040803156237,870.0837829654645,141.0,142.0406666666665
1489.1716307685979,875.5446476774954,144.0,142.0406666666665
1493.4195434081844,880.7903829173299,141.0,142.0406666666665
1497.3870938611585,886.2512476293608,144.0,142.0406666666665
1501.635006500745,891.4969828691953,141.0,139.4075555555554
1506.1516380936673,896.5132104411678,138.0,136.7744444444443
1510.9246088666764,901.286181214177,135.0,134.1413333333332
1515.9408364386488,905.8028128070993,132.0,131.5082222222221
1521.1865716784835,910.0507254466856,129.0,128.87511111111098
1526.6474363905143,914.0182758996598,126.0,126.24199999999988
1532.3084627241458,917.6945893860112,123.0,123.60888888888877
1538.1541341996908,921.0695893860112,120.0,120.97577777777767
1544.1684282379622,924.1340252592531,117.0,118.34266666666656
1550.3348600770498,926.8794976000148,114.0,115.70955555555545
1556.6365279559059,929.2984812594456,111.0,113.07644444444435
1563.0561594408982,931.3843459714765,108.0,110.44333333333324
1569.5761587683494,933.1313745259185,105.0,107.81022222222214
1575.9957902533417,935.2172392379495,108.0,105.17711111111103
1582.515789580793,936.9642677923915,105.0,102.54399999999993
1589.118285885746,938.3676717054115,102.0,99.91088888888882
1595.7851821847632,939.423604344433,99.0,97.27777777777771
1602.4982049784992,940.1291714714896,96.0,94.64466666666661
1609.2389543380925,940.4824391761294,93.0,92.0115555555555
1615.9889543380925,940.4824391761294,90.0,89.3784444444444
1622.7297036976859,940.1291714714896,87.0,86.74533333333329
1629.4427264914218,939.423604344433,84.0,84.11222222222219
1636.109622790439,938.3676717054115,81.0,81.47911111111108
1642.7121190953922,936.9642677923915,78.0,78.84599999999998
1649.2321184228433,935.2172392379495,75.0,76.21288888888887
1655.6517499078357,933.1313745259185,72.0,73.57977777777776
1661.9534177866917,930.7123908664878,69.0,70.94666666666666
1668.373049271684,928.6265261544569,72.0,70.94666666666666
1674.6747171505401,926.2075424950261,69.0,70.94666666666666
1681.0943486355325,924.1216777829952,72.0,70.94666666666666
1687.3960165143885,921.7026941235645,69.0,70.94666666666666
1693.8156479993809,919.6168294115336,72.0,70.94666666666666
1700.117315878237,917.1978457521028,69.0,70.94666666666666
1706.5369473632293,915.1119810400719,72.0,70.94666666666666
1712.8386152420853,912.6929973806411,69.0,70.94666666666666
1719.2582467270777,910.6071326686102,72.0,70.94666666666666
1725.5599146059337,908.1881490091795,69.0,70.94666666666666
1731.979546090926,906.1022842971486,72.0,70.94666666666666
1738.2812139697821,903.6833006377178,69.0,70.94666666666666
1744.7008454547745,901.5974359256869,72.0,70.94666666666666
1751.0025133336305,899.1784522662562,69.0,70.94666666666666
1757.4221448186229,897.0925875542252,72.0,70.94666666666666
1763.723812697479,894.6736038947945,69.0,70.94666666666666
1770.1434441824713,892.5877391827636,72.0,70.94666666666666
1776.4451120613273,890.1687555233328,69.0,70.94666666666666
1782.611543900415,887.4232831825711,66.0,68.31355555555555
1788.6258379386863,884.3588473093292,63.0,65.68044444444445
1794.792269777774,881.6133749685675,66.0,63.047333333333334
1800.8065638160454,878.5489390953256,63.0,60.41422222222222
1806.6522352915904,875.1739390953256,60.0,57.78111111111111
1812.313261625222,871.4976256089742,57.0,55.147999999999996
1817.7741263372527,867.5300751560001,54.0,52.51488888888888
1823.0198615770873,863.2821625164137,51.0,49.88177777777777
1828.0360891490598,858.7655309234914,48.0,47.24866666666666
1832.8090599220689,853.9925601504822,45.0,44.615555555555545
1837.3256915149911,848.9763325785098,42.0,44.615555555555545
1842.0986622880002,844.2033618055005,45.0,44.615555555555545
1846.6152938809225,839.1871342335281,42.0,44.615555555555545
1851.3882646539316,834.4141634605189,45.0,44.615555555555545
1855.904896246854,829.3979358885465,42.0,44.615555555555545
1860.677867019863,824.6249651155373,45.0,44.615555555555545
1865.1944986127853,819.6087375435649,42.0,44.615555555555545
1869.9674693857944,814.8357667705557,45.0,44.615555555555545
1874.4841009787167,809.8195391985832,42.0,44.615555555555545
1879.2570717517258,805.046568425574,45.0,44.615555555555545
1883.773703344648,800.0303408536016,42.0,44.615555555555545
1888.5466741176572,795.2573700805924,45.0,44.615555555555545
1893.0633057105795,790.24114250862,42.0,44.615555555555545
1897.8362764835886,785.4681717356108,45.0,44.615555555555545
1902.3529080765109,780.4519441636384,42.0,44.615555555555545
1907.12587884952,775.6789733906292,45.0,44.615555555555545
1911.6425104424422,770.6627458186567,42.0,44.615555555555545
1916.4154812154513,765.8897750456475,45.0,44.615555555555545
1920.9321128083736,760.8735474736751,42.0,44.615555555555545
1925.7050835813827,756.1005767006659,45.0,44.615555555555545
1930.221715174305,751.0843491286935,42.0,44.615555555555545
1934.994685947314,746.3113783556843,45.0,47.24866666666666
1940.0109135192865,741.794746762762,48.0,49.88177777777777
1945.2566487591212,737.5468341231756,51.0,52.51488888888888
1950.717513471152,733.5792836702014,54.0,55.147999999999996
1956.3785398047835,729.90297018385,57.0,57.78111111111111
1962.2242112803285,726.52797018385,60.0,60.41422222222222
1968.2385053186,723.4635343106081,63.0,63.047333333333334
1974.4049371576875,720.7180619698464,66.0,65.68044444444445
1980.419231195959,717.6536260966045,63.0,65.68044444444445
1986.5856630350465,714.9081537558428,66.0,65.68044444444445
1992.599957073318,711.8437178826009,63.0,65.68044444444445
1998.7663889124055,709.0982455418392,66.0,65.68044444444445
2004.780682950677,706.0338096685973,63.0,65.68044444444445
2010.9471147897646,703.2883373278356,66.0,65.68044444444445
2016.961408828036,700.2239014545937,63.0,65.68044444444445
2023.1278406671236,697.478429113832,66.0,65.68044444444445
2029.142134705395,694.4139932405901,63.0,65.68044444444445
2035.3085665444826,691.6685208998284,66.0,65.68044444444445
2041.322860582754,688.6040850265865,63.0,65.68044444444445
2047.4892924218416,685.8586126858248,66.0,65.68044444444445
2053.503586460113,682.7941768125829,63.0,65.68044444444445
2059.670018299201,680.0487044718212,66.0,68.31355555555555
2065.971686178057,677.6297208123905,69.0,70.94666666666666
2072.3913176630494,675.5438561003596,72.0,73.57977777777776
2078.911316990501,673.7968275459175,75.0,76.21288888888887
2085.513813295454,672.3934236328976,78.0,78.84599999999998
2092.180709594471,671.337490993876,81.0,81.47911111111108
2098.893732388207,670.6319238668194,84.0,84.11222222222219
2105.6344817478002,670.2786561621796,87.0,86.74533333333329
2112.3844817478002,670.2786561621796,90.0,89.3784444444444
2119.1252311073936,670.6319238668194,93.0,92.0115555555555
2125.8382539011295,671.337490993876,96.0,94.64466666666661
2132.5051502001465,672.3934236328976,99.0,97.27777777777771
2139.2181729938825,673.0989907599542,96.0,97.27777777777771
2145.8850692928995,674.1549233989757,99.0,97.27777777777771
2152.5980920866355,674.8604905260323,96.0,97.27777777777771
2159.2649883856525,675.9164231650539,99.0,97.27777777777771
2165.9780111793884,676.6219902921105,96.0,97.27777777777771
2172.6449074784055,677.677922931132,99.0,97.27777777777771
2179.3579302721414,678.3834900581886,96.0,97.27777777777771
2186.0248265711584,679.4394226972101,99.0,97.27777777777771
2192.6273228761115,680.8428266102301,102.0,99.91088888888882
2199.147322203563,682.5898551646721,105.0,102.54399999999993
2205.5669536885553,684.675719876703,108.0,105.17711111111103
2212.0869530160066,686.4227484311451,105.0,107.81022222222214
2218.506584500999,688.508613143176,108.0,110.44333333333324
2224.8082523798553,690.9275968026068,111.0,113.07644444444435
2230.974684218943,693.6730691433685,114.0,115.70955555555545
2236.9889782572145,696.7375050166104,117.0,118.34266666666656
2242.8346497327593,700.1125050166104,120.0,120.97577777777767
2248.495676066391,703.7888185029618,123.0,123.60888888888877
2253.9565407784216,707.756368955936,126.0,123.60888888888877
2259.617567112053,711.4326824422874,123.0,123.60888888888877
2265.078431824084,715.4002328952615,126.0,123.60888888888877
2270.7394581577155,719.076546381613,123.0,123.60888888888877
2276.2003228697463,723.0440968345871,126.0,123.60888888888877
2281.861349203378,726.7204103209385,123.0,123.60888888888877
2287.3222139154086,730.6879607739127,126.0,126.24199999999988
2292.5679491552432,734.935873413499,129.0,128.87511111111098
2297.5841767272154,739.4525050064213,132.0,131.5082222222221
2302.3571475002245,744.2254757794306,135.0,134.1413333333332
2306.873779093147,749.241703351403,138.0,136.7744444444443
2311.1216917327333,754.4874385912375,141.0,139.4075555555554
2315.0892421857075,759.9483033032684,144.0,142.0406666666665
2318.765555672059,765.6093296369,147.0,144.67377777777762
2322.140555672059,771.455001112445,150.0,147.30688888888872
2325.81686915841,777.1160274460766,147.0,149.93999999999983
2329.19186915841,782.9616989216215,150.0,152.57311111111093
2332.256305031652,788.975992959893,153.0,155.20622222222204
2335.001777372414,795.1424247989805,156.0,157.83933333333314
2337.420761031845,801.4440926778367,159.0,160.47244444444425
2339.5066257438757,807.8637241628289,162.0,163.10555555555536
2341.2536542983175,814.3837234902801,165.0,165.73866666666646
2342.6570582113372,820.9862197952333,168.0,168.37177777777757
2343.712990850359,827.6531160942504,171.0,171.00488888888867
2344.4185579774157,834.3661388879863,174.0,173.63799999999978
2345.4744906164374,841.0330351870034,171.0,173.63799999999978
2346.180057743494,847.7460579807392,174.0,173.63799999999978
2347.235990382516,854.4129542797564,171.0,173.63799999999978
2347.9415575095727,861.1259770734922,174.0,173.63799999999978
2348.9974901485944,867.7928733725093,171.0,173.63799999999978
2349.703057275651,874.5058961662452,174.0,173.63799999999978
2350.758989914673,881.1727924652623,171.0,173.63799999999978
2351.4645570417297,887.8858152589982,174.0,173.63799999999978
2352.5204896807513,894.5527115580153,171.0,173.63799999999978
2353.226056807808,901.2657343517511,174.0,173.63799999999978
2353.5793245124482,908.0064837113445,177.0,176.27111111111088
2353.5793245124482,914.7564837113445,180.0,178.904222222222
2353.226056807808,921.4972330709378,183.0,181.5373333333331
2352.5204896807513,928.2102558646736,186.0,184.1704444444442
2351.4645570417297,934.8771521636908,189.0,186.8035555555553
2350.06115312871,941.479648468644,192.0,189.4366666666664
2349.0052204896883,948.1465447676611,189.0,189.4366666666664
2347.6018165766686,954.7490410726143,192.0,189.4366666666664
2346.545883937647,961.4159373716315,189.0,189.4366666666664
2345.1424800246273,968.0184336765847,192.0,189.4366666666664
2344.0865473856056,974.6853299756018,189.0,189.4366666666664
2342.683143472586,981.287826280555,192.0,189.4366666666664
2341.6272108335643,987.9547225795721,189.0,189.4366666666664
2340.2238069205446,994.5572188845254,192.0,189.4366666666664
2339.167874281523,1001.2241151835425,189.0,189.4366666666664
2337.764470368503,1007.8266114884957,192.0,189.4366666666664
2336.7085377294816,1014.4935077875128,189.0,189.4366666666664
2335.305133816462,1021.096004092466,192.0,189.4366666666664
2334.24920117744,1027.7629003914833,189.0,189.4366666666664
2332.8457972644205,1034.3653966964364,192.0,189.4366666666664
2331.789864625399,1041.0322929954536,189.0,189.4366666666664
2330.386460712379,1047.6347893004067,192.0,189.4366666666664
2329.3305280733575,1054.301685599424,189.0,189.4366666666664
2327.927124160338,1060.904181904377,192.0,189.4366666666664
2326.871191521316,1067.5710782033943,189.0,189.4366666666664
2325.4677876082965,1074.1735745083474,192.0,192.06977777777752
2323.7207590538546,1080.6935738357986,195.0,194.70288888888862
2321.634894341824,1087.113205320791,198.0,197.33599999999973
2319.215910682393,1093.414873199647,201.0,199.96911111111083
2316.470438341631,1099.5813050387346,204.0,202.60222222222194
2313.406002468389,1105.595599077006,207.0,205.23533333333305
2310.031002468389,1111.441270552551,210.0,207.86844444444415
2306.3546889820377,1117.1022968861826,213.0,210.50155555555526
2302.3871385290636,1122.5631615982134,216.0,213.13466666666636
2298.7108250427123,1128.2241879318449,213.0,215.76777777777747
2294.743274589738,1133.6850526438757,216.0,218.40088888888857
2290.4953619501516,1138.9307878837103,219.0,221.03399999999968
2285.9787303572293,1143.9470154556827,222.0,223.66711111111078
2281.2057595842202,1148.7199862286918,225.0,226.3002222222219
2276.189532012248,1153.2366178216141,228.0,228.933333333333
2270.9437967724134,1157.4845304612006,231.0,231.5664444444441
2265.4829320603826,1161.4520809141748,234.0,234.1995555555552
2259.821905726751,1165.128394400526,237.0,236.8326666666663
2253.9762342512063,1168.503394400526,240.0,239.46577777777742
2247.9619402129347,1171.567830273768,243.0,242.09888888888852
2241.795508373847,1174.3133026145297,246.0,244.73199999999963
2235.4938404949908,1176.7322862739604,249.0,247.36511111111074
2229.0742090099984,1178.8181509859912,252.0,249.99822222222184
2222.554209682547,1180.5651795404333,255.0,252.63133333333295
2215.951713377594,1181.9685834534532,258.0,255.26444444444405
2209.4317140501425,1183.7156120078953,255.0,257.8975555555552
2202.8292177451895,1185.1190159209152,258.0,260.5306666666663
2196.1623214461724,1186.1749485599369,261.0,263.16377777777745
2189.4492986524365,1186.8805156869935,264.0,265.7968888888886
2182.708549292843,1187.2337833916333,267.0,268.4299999999997
2175.958549292843,1187.2337833916333,270.0,271.06311111111086
2169.21779993325,1186.8805156869935,273.0,273.696222222222
2162.504777139514,1186.1749485599369,276.0,276.3293333333331
2155.837880840497,1185.1190159209152,279.0,278.96244444444426
2149.2353845355437,1183.7156120078953,282.0,281.5955555555554
2142.7153852080924,1181.9685834534532,285.0,284.2286666666665
2136.2957537231,1179.8827187414224,288.0,286.86177777777766
2129.9940858442437,1177.4637350819917,291.0,289.4948888888888
2123.827654005156,1174.71826274123,294.0,292.12799999999993
2117.8133599668845,1171.653826867988,297.0,294.76111111111106
2111.9676884913397,1168.278826867988,300.0,297.3942222222222
2106.306662157708,1164.6025133816368,303.0,300.02733333333333
2100.4609906821634,1161.2275133816368,300.0,302.66044444444447
2094.799964348532,1157.5511998952854,303.0,305.2935555555556
2089.339099636501,1153.5836494423113,306.0,305.2935555555556
2083.6780733028695,1149.90733595596,303.0,305.2935555555556
2078.2172085908387,1145.9397855029858,306.0,305.2935555555556
2072.556182257207,1142.2634720166345,303.0,305.2935555555556
2067.0953175451764,1138.2959215636604,306.0,305.2935555555556
2061.434291211545,1134.619608077309,303.0,305.2935555555556
2055.973426499514,1130.652057624335,306.0,305.2935555555556
2050.3124001658825,1126.9757441379836,303.0,305.2935555555556
2044.8515354538517,1123.0081936850095,306.0,305.2935555555556
2039.1905091202202,1119.3318801986582,303.0,305.2935555555556
2033.3448376446752,1115.9568801986582,300.0,302.66044444444447
2027.6838113110437,1112.2805667123068,303.0,300.02733333333333
2021.8381398354986,1108.9055667123068,300.0,297.3942222222222
2015.8238457972272,1105.8411308390648,297.0,294.76111111111106
2009.6574139581396,1103.0956584983032,294.0,292.12799999999993
2003.3557460792836,1100.6766748388725,291.0,289.4948888888888
1996.9361145942912,1098.5908101268417,288.0,286.86177777777766
1990.41611526684,1096.8437815723996,285.0,284.2286666666665
1983.813618961887,1095.4403776593797,282.0,281.5955555555554
1977.1467226628697,1094.384445020358,279.0,278.96244444444426
1970.4336998691338,1093.6788778933014,276.0,276.3293333333331
1963.6929505095404,1093.3256101886616,273.0,273.696222222222
1956.9429505095404,1093.3256101886616,270.0,271.06311111111086
1950.202201149947,1093.6788778933014,267.0,268.4299999999997
1943.4891783562111,1094.384445020358,264.0,265.7968888888886
1936.822282057194,1095.4403776593797,261.0,263.16377777777745
1930.2197857522408,1096.8437815723996,258.0,260.5306666666663
1923.6997864247896,1098.5908101268417,255.0,257.8975555555552
1917.0972901198365,1099.9942140398616,258.0,255.26444444444408
1910.5772907923854,1101.7412425943037,255.0,252.63133333333298
1904.157659307393,1103.8271073063345,252.0,249.99822222222187
1897.855991428537,1106.2460909657652,249.0,247.36511111111076
1891.6895595894493,1108.9915633065268,246.0,244.73199999999966
1885.675265551178,1112.0559991797688,243.0,242.09888888888855
1879.829594075633,1115.4309991797688,240.0,239.46577777777745
1874.1685677420014,1119.1073126661202,237.0,236.83266666666634
1868.7077030299706,1123.0748631190943,234.0,234.19955555555524
1863.461967790136,1127.3227757586808,231.0,231.56644444444413
1858.4457402181636,1131.839407351603,228.0,228.93333333333302
1853.6727694451545,1136.6123781246122,225.0,226.30022222222192
1849.1561378522322,1141.6286056965846,222.0,223.6671111111108
1844.9082252126457,1146.8743409364192,219.0,221.0339999999997
1840.9406747596715,1152.33520564845,216.0,218.4008888888886
1837.26436127332,1157.9962319820816,213.0,215.7677777777775
1833.2968108203459,1163.4570966941124,216.0,213.1346666666664
1829.6204973339943,1169.1181230277439,213.0,210.50155555555529
1826.2454973339943,1174.963794503289,210.0,207.86844444444418
1823.1810614607523,1180.9780885415603,207.0,205.23533333333307
1820.4355891199907,1187.144520380648,204.0,205.23533333333307
1817.3711532467487,1193.1588144189193,207.0,205.23533333333307
1814.625680905987,1199.325246258007,204.0,205.23533333333307
1811.561245032745,1205.3395402962783,207.0,205.23533333333307
1808.8157726919835,1211.505972135366,204.0,205.23533333333307
1805.7513368187415,1217.5202661736373,207.0,205.23533333333307
1803.00586447798,1223.686698012725,204.0,205.23533333333307
1799.941428604738,1229.7009920509963,207.0,205.23533333333307
1797.1959562639763,1235.867423890084,204.0,205.23533333333307
1794.1315203907343,1241.8817179283553,207.0,205.23533333333307
1790.7565203907343,1247.7273894039004,210.0,207.86844444444418
1787.0802069043827,1253.388415737532,213.0,210.50155555555529
1783.1126564514086,1258.8492804495627,216.0,213.1346666666664
1779.436342965057,1264.5103067831942,213.0,215.7677777777775
1775.468792512083,1269.971171495225,216.0,218.4008888888886
1771.2208798724964,1275.2169067350596,219.0,221.0339999999997
1766.7042482795741,1280.233134307032,222.0,223.6671111111108
1761.931277506565,1285.0061050800412,225.0,226.30022222222192
1756.9150499345926,1289.5227366729634,228.0,226.30022222222192
1752.1420791615835,1294.2957074459725,225.0,226.30022222222192
1747.125851589611,1298.8123390388948,228.0,226.30022222222192
1742.352880816602,1303.585309811904,225.0,226.30022222222192
1737.3366532446296,1308.1019414048262,228.0,228.93333333333302
1732.090918004795,1312.3498540444127,231.0,231.56644444444413
1726.6300532927642,1316.3174044973869,234.0,234.19955555555524
1720.9690269591326,1319.9937179837382,237.0,236.83266666666634
1715.1233554835876,1323.3687179837382,240.0,239.46577777777745
1709.1090614453162,1326.4331538569802,243.0,242.09888888888855
1702.9426296062286,1329.1786261977418,246.0,244.73199999999966
1696.6409617273725,1331.5976098571725,249.0,247.36511111111076
1690.2213302423802,1333.6834745692033,252.0,249.99822222222187
1683.701330914929,1335.4305031236454,255.0,252.63133333333298
1677.098834609976,1336.8339070366653,258.0,255.26444444444408
1670.5788352825248,1338.5809355911074,255.0,257.8975555555552
1663.9763389775717,1339.9843395041273,258.0,260.5306666666663
1657.3094426785544,1341.040272143149,261.0,263.16377777777745
1650.5964198848185,1341.7458392702056,264.0,265.7968888888886
1643.8556705252252,1342.0991069748454,267.0,268.4299999999997
1637.1056705252252,1342.0991069748454,270.0,271.06311111111086
1630.3649211656318,1341.7458392702056,273.0,273.696222222222
1623.6518983718959,1341.040272143149,276.0,276.3293333333331
1616.9850020728786,1339.9843395041273,279.0,278.96244444444426
1610.3825057679255,1338.5809355911074,282.0,281.5955555555554
1603.8625064404744,1336.8339070366653,285.0,284.2286666666665
1597.442874955482,1334.7480423246345,288.0,286.86177777777766
1590.9228756280309,1333.0010137701925,285.0,286.86177777777766
1584.5032441430385,1330.9151490581617,288.0,286.86177777777766
1577.9832448155873,1329.1681205037196,285.0,286.86177777777766
1571.563613330595,1327.0822557916888,288.0,286.86177777777766
1565.0436140031438,1325.3352272372467,285.0,286.86177777777766
1558.6239825181515,1323.249362525216,288.0,286.86177777777766
1552.1039831907003,1321.5023339707739,285.0,286.86177777777766
1545.684351705708,1319.416469258743,288.0,286.86177777777766
1539.1643523782568,1317.669440704301,285.0,286.86177777777766
1532.7447208932645,1315.5835759922702,288.0,286.86177777777766
1526.2247215658133,1313.8365474378281,285.0,286.86177777777766
1519.805090080821,1311.7506827257973,288.0,286.86177777777766
1513.2850907533698,1310.0036541713553,285.0,286.86177777777766
1506.8654592683774,1307.9177894593245,288.0,286.86177777777766
1500.3454599409263,1306.1707609048824,285.0,286.86177777777766
1493.925828455934,1304.0848961928516,288.0,286.86177777777766
1487.4058291284828,1302.3378676384095,285.0,286.86177777777766
1480.9861976434904,1300.2520029263787,288.0,286.86177777777766
1474.4661983160393,1298.5049743719367,285.0,286.86177777777766
1468.046566831047,1296.4191096599059,288.0,286.86177777777766
1461.5265675035957,1294.6720811054638,285.0,286.86177777777766
1455.1069360186034,1292.586216393433,288.0,286.86177777777766
1448.5869366911522,1290.839187838991,285.0,286.86177777777766
1442.1673052061599,1288.7533231269601,288.0,286.86177777777766
1435.6473058787087,1287.006294572518,285.0,286.86177777777766
1429.2276743937164,1284.9204298604873,288.0,286.86177777777766
1422.7076750662652,1283.1734013060452,285.0,286.86177777777766
1416.2880435812729,1281.0875365940144,288.0,286.86177777777766
1409.7680442538217,1279.3405080395723,285.0,286.86177777777766
1403.3484127688293,1277.2546433275415,288.0,286.86177777777766
1396.8284134413782,1275.5076147730995,285.0,286.86177777777766
1390.4087819563858,1273.4217500610687,288.0,286.86177777777766
1383.8887826289347,1271.6747215066266,285.0,286.86177777777766
1377.4691511439423,1269.5888567945958,288.0,286.86177777777766
1370.9491518164912,1267.8418282401537,285.0,286.86177777777766
1364.5295203314988,1265.755963528123,288.0,286.86177777777766
1358.0095210040477,1264.0089349736809,285.0,286.86177777777766
1351.5898895190553,1261.92307026165,288.0,286.86177777777766
1345.0698901916041,1260.176041707208,285.0,286.86177777777766
1338.6502587066118,1258.0901769951772,288.0,286.86177777777766
1332.1302593791606,1256.3431484407351,285.0,286.86177777777766
1325.7106278941683,1254.2572837287044,288.0,286.86177777777766
1319.1906285667171,1252.5102551742623,285.0,286.86177777777766
1312.7709970817248,1250.4243904622315,288.0,286.86177777777766
1306.2509977542736,1248.6773619077894,285.0,286.86177777777766
1299.8313662692813,1246.5914971957586,288.0,286.86177777777766
1293.31136694183,1244.8444686413166,285.0,286.86177777777766
1286.8917354568378,1242.7586039292858,288.0,286.86177777777766
1280.5900675779817,1240.339620269855,291.0,289.4948888888888
1274.423635738894,1237.5941479290934,294.0,292.12799999999993
1268.4093417006227,1234.5297120558514,297.0,294.76111111111106
1262.5636702250777,1231.1547120558514,300.0,297.3942222222222
1256.9026438914461,1227.4783985695,303.0,300.02733333333333
1251.056972415901,1224.1033985695,300.0,302.66044444444447
1245.3959460822696,1220.4270850831488,303.0,305.2935555555556
1239.9350813702388,1216.4595346301746,306.0,307.92666666666673
1234.6893461304041,1212.2116219905881,309.0,310.55977777777787
1229.6731185584317,1207.6949903976658,312.0,313.192888888889
1224.9001477854226,1202.9220196246567,315.0,315.82600000000014
1220.3835161925003,1197.9057920526843,318.0,318.45911111111127
1216.1356035529138,1192.6600568128497,321.0,321.0922222222224
1212.1680530999397,1187.199192100819,324.0,323.72533333333354
1208.4917396135884,1181.5381657671874,327.0,326.3584444444447
1205.1167396135884,1175.6924942916423,330.0,328.9915555555558
1202.0523037403464,1169.678200253371,333.0,331.62466666666694
1199.3068313995848,1163.5117684142833,336.0,334.2577777777781
1196.2423955263428,1157.497474376012,333.0,334.2577777777781
1193.4969231855812,1151.3310425369243,336.0,334.2577777777781
1190.4324873123392,1145.316748498653,333.0,334.2577777777781
1187.6870149715776,1139.1503166595653,336.0,334.2577777777781
1184.6225790983356,1133.136022621294,333.0,334.2577777777781
1181.877106757574,1126.9695907822063,336.0,334.2577777777781
1178.812670884332,1120.955296743935,333.0,334.2577777777781
1176.0671985435704,1114.7888649048473,336.0,334.2577777777781
1173.0027626703284,1108.774570866576,333.0,334.2577777777781
1170.2572903295668,1102.6081390274883,336.0,334.2577777777781
1167.1928544563248,1096.593844989217,333.0,334.2577777777781
1164.4473821155632,1090.4274131501293,336.0,336.8908888888892
1162.0283984561324,1084.1257452712732,339.0,339.52400000000034
1159.9425337441016,1077.7061137862809,342.0,342.1571111111115
1158.1955051896596,1071.1861144588297,345.0,344.7902222222226
1156.7921012766396,1064.5836181538766,348.0,347.42333333333374
1155.736168637618,1057.9167218548594,351.0,350.0564444444449
1155.0306015105614,1051.2036990611234,354.0,352.689555555556
1154.6773338059215,1044.46294970153,357.0,355.32266666666715
1154.6773338059215,1037.71294970153,360.0,357.9557777777783
1155.0306015105614,1030.9722003419367,363.0,360.5888888888894
1155.736168637618,1024.2591775482008,366.0,363.22200000000055
1156.0894363422578,1017.5184281886075,363.0,365.8551111111117
1156.7950034693145,1010.8054053948716,366.0,368.4882222222228
1157.850936108336,1004.1385090958545,369.0,371.12133333333395
1159.254340021356,997.5360127909013,372.0,373.7544444444451
1161.001368575798,991.0160134634501,375.0,376.3875555555562
1163.087233287829,984.5963819784579,378.0,379.02066666666735
1165.5062169472596,978.2947140996017,381.0,381.6537777777785
1168.2516892880212,972.1282822605142,384.0,384.2868888888896
1171.3161251612632,966.1139882222427,387.0,386.92000000000075
1174.6911251612632,960.2683167466978,390.0,389.5531111111119
1178.3674386476148,954.6072904130662,393.0,392.186222222223
1182.334989100589,949.1464257010352,396.0,394.81933333333416
1186.0113025869405,943.4853993674036,393.0,394.81933333333416
1189.9788530399146,938.0245346553727,396.0,394.81933333333416
1193.6551665262662,932.363508321741,393.0,394.81933333333416
1197.6227169792403,926.9026436097101,396.0,394.81933333333416
1201.2990304655918,921.2416172760785,393.0,394.81933333333416
1205.266580918566,915.7807525640476,396.0,394.81933333333416
1208.9428944049175,910.119726230416,393.0,394.81933333333416
1212.9104448578917,904.658861518385,396.0,394.81933333333416
1216.5867583442432,898.9978351847534,393.0,394.81933333333416
1220.5543087972173,893.5369704727225,396.0,394.81933333333416
1224.230622283569,887.8759441390908,393.0,394.81933333333416
1228.198172736543,882.4150794270599,396.0,394.81933333333416
1231.8744862228946,876.7540530934283,393.0,394.81933333333416
1235.8420366758687,871.2931883813974,396.0,394.81933333333416
1239.5183501622203,865.6321620477657,393.0,394.81933333333416
1243.4859006151944,860.1712973357348,396.0,394.81933333333416
1247.162214101546,854.5102710021032,393.0,394.81933333333416
1251.12976455452,849.0494062900723,396.0,394.81933333333416
1255.3776771941066,843.8036710502378,399.0,397.4524444444453
1259.8943087870289,838.7874434782653,402.0,400.0855555555564
1264.667279560038,834.0144727052561,405.0,402.71866666666756
1269.6835071320104,829.4978411123338,408.0,405.3517777777787
1274.4564779050195,824.7248703393246,405.0,407.9848888888898
1279.472705476992,820.2082387464023,408.0,410.61800000000096
1284.7184407168265,815.960326106816,411.0,413.2511111111121
1290.1793054288573,811.9927756538417,414.0,415.88422222222323
1295.8403317624889,808.3164621674903,417.0,418.51733333333436
1301.686003238034,804.9414621674903,420.0,421.1504444444455
1307.7002972763053,801.8770262942484,423.0,423.78355555555663
1313.866729115393,799.1315539534867,426.0,426.41666666666777
1320.168396994249,796.7125702940559,429.0,429.0497777777789
1326.5880284792413,794.626705582025,432.0,431.68288888889003
1333.1080278066925,792.8796770275829,435.0,434.31600000000117
1339.7105241116456,791.476273114563,438.0,436.9491111111123
1346.3774204106628,790.4203404755415,441.0,439.58222222222344
1353.0904432043988,789.7147733484849,444.0,442.21533333333457
1359.831192563992,789.361505643845,447.0,444.8484444444457
1366.581192563992,789.361505643845,450.0,447.48155555555684
1373.3219419235854,789.7147733484849,453.0,450.114666666668
1380.0719419235854,789.7147733484849,450.0,452.7477777777791
1386.8126912831788,790.0680410531247,453.0,455.38088888889024
1393.5257140769147,790.7736081801813,456.0,458.0140000000014
1400.192610375932,791.8295408192029,459.0,460.6471111111125
1406.795106680885,793.2329447322227,462.0,463.28022222222364
1413.3151060083362,794.9799732866647,465.0,465.9133333333348
1419.7347374933286,797.0658379986957,468.0,468.5464444444459
1426.0364053721846,799.4848216581264,471.0,471.17955555555704
1432.2028372112723,802.2302939988881,474.0,473.8126666666682
1438.2171312495436,805.29472987213,477.0,476.4457777777793
1444.0628027250887,808.66972987213,480.0,479.07888888889045
1449.7238290587202,812.3460433584814,483.0,481.7120000000016
1455.184693770751,816.3135938114556,486.0,484.3451111111127
1460.4304290105856,820.561506451042,489.0,486.97822222222385
1465.446656582558,825.0781380439643,492.0,489.611333333335
1470.2196273555671,829.8511088169735,495.0,492.2444444444461
1475.2358549275395,834.3677404098958,492.0,494.87755555555725
1480.0088257005486,839.140711182905,495.0,497.5106666666684
1484.525457293471,844.1569387548774,498.0,500.1437777777795
1488.7733699330574,849.4026739947119,501.0,502.77688888889065
1492.7409203860316,854.8635387067428,504.0,505.4100000000018
1496.4172338723831,860.5245650403745,507.0,508.0431111111129
1499.7922338723831,866.3702365159194,510.0,508.0431111111129
1503.4685473587347,872.031262849551,507.0,508.0431111111129
1506.8435473587347,877.8769343250959,510.0,508.0431111111129
1510.5198608450862,883.5379606587276,507.0,508.0431111111129
1513.8948608450862,889.3836321342725,510.0,508.0431111111129
1517.5711743314378,895.0446584679041,507.0,508.0431111111129
1521.538724784412,900.505523179935,504.0,505.4100000000018
1525.7866374239984,905.7512584197696,501.0,502.77688888889065
1530.3032690169207,910.767485991742,498.0,500.1437777777795
1535.0762397899298,915.5404567647512,495.0,497.5106666666684
1540.0924673619022,920.0570883576735,492.0,494.87755555555725
1544.8654381349113,924.8300591306827,495.0,492.2444444444461
1549.8816657068837,929.346690723605,492.0,489.611333333335
1555.1274009467184,933.5946033631914,489.0,486.97822222222385
1560.5882656587492,937.5621538161655,486.0,484.3451111111127
1566.2492919923807,941.2384673025169,483.0,481.7120000000016
1572.0949634679257,944.6134673025169,480.0,479.07888888889045
1578.109257506197,947.6779031757588,477.0,476.4457777777793
1584.2756893452847,950.4233755165205,474.0,473.8126666666682
1590.5773572241408,952.8423591759513,471.0,471.17955555555704
1596.9969887091331,954.9282238879822,468.0,468.5464444444459
1603.5169880365843,956.6752524424243,465.0,465.9133333333348
1610.1194843415374,958.0786563554441,462.0,463.28022222222364
1616.7863806405546,959.1345889944656,459.0,460.6471111111125
1623.4994034342906,959.8401561215222,456.0,458.0140000000014
1630.240152793884,960.1934238261621,453.0,455.38088888889024
1636.990152793884,960.1934238261621,450.0,452.7477777777791
1643.7309021534772,960.5466915308019,453.0,450.114666666668
1650.4809021534772,960.5466915308019,450.0,447.48155555555684
1657.2216515130706,960.1934238261621,447.0,444.8484444444457
1663.9346743068065,959.4878566991055,444.0,442.21533333333457
1670.6015706058238,958.4319240600839,441.0,439.58222222222344
1677.2040669107769,957.028520147064,438.0,436.9491111111123
1683.724066238228,955.2814915926219,435.0,434.31600000000117
1690.1436977232204,953.195626880591,432.0,431.68288888889003
1696.4453656020764,950.7766432211603,429.0,429.0497777777789
1702.611797441164,948.0311708803986,426.0,426.41666666666777
1708.6260914794354,944.9667350071567,423.0,423.78355555555663
1714.4717629549805,941.5917350071567,420.0,421.1504444444455
1720.132789288612,937.9154215208052,417.0,418.51733333333436
1725.5936540006428,933.947871067831,414.0,415.88422222222323
1730.8393892404774,929.6999584282446,411.0,413.2511111111121
1735.8556168124499,925.1833268353223,408.0,410.61800000000096
1740.628587585459,920.4103560623131,405.0,407.9848888888898
1745.6448151574314,915.8937244693908,408.0,405.3517777777787
1750.4177859304405,911.1207536963816,405.0,402.71866666666756
1754.9344175233628,906.1045261244092,402.0,400.0855555555564
1759.1823301629493,900.8587908845747,399.0,397.4524444444453
1763.1498806159234,895.3979261725437,396.0,394.81933333333416
1766.826194102275,889.7368998389121,393.0,394.81933333333416
1770.793744555249,884.2760351268812,396.0,394.81933333333416
1774.4700580416006,878.6150087932496,393.0,394.81933333333416
1778.4376084945748,873.1541440812186,396.0,394.81933333333416
1782.1139219809263,867.493117747587,393.0,394.81933333333416
1786.0814724339004,862.0322530355561,396.0,394.81933333333416
1789.757785920252,856.3712267019245,393.0,394.81933333333416
1793.7253363732261,850.9103619898935,396.0,394.81933333333416
1797.4016498595777,845.2493356562619,393.0,394.81933333333416
1801.3692003125518,839.788470944231,396.0,394.81933333333416
1805.6171129521383,834.5427357043965,399.0,397.4524444444453
1810.1337445450606,829.526508132424,402.0,400.0855555555564
1814.9067153180697,824.7535373594148,405.0,402.71866666666756
1819.9229428900421,820.2369057664926,408.0,405.3517777777787
1824.6959136630512,815.4639349934833,405.0,407.9848888888898
1829.7121412350236,810.947303400561,408.0,410.61800000000096
1834.9578764748583,806.6993907609747,411.0,413.2511111111121
1840.418741186889,802.7318403080004,414.0,415.88422222222323
1846.0797675205206,799.055526821649,417.0,418.51733333333436
1851.9254389960656,795.680526821649,420.0,418.51733333333436
1857.5864653296971,792.0042133352975,417.0,418.51733333333436
1863.4321368052422,788.6292133352975,420.0,418.51733333333436
1869.0931631388737,784.9528998489461,417.0,418.51733333333436
1874.9388346144187,781.5778998489461,420.0,418.51733333333436
1880.5998609480503,777.9015863625947,417.0,418.51733333333436
1886.4455324235953,774.5265863625947,420.0,418.51733333333436
1892.1065587572268,770.8502728762433,417.0,418.51733333333436
1897.9522302327719,767.4752728762433,420.0,418.51733333333436
1903.6132565664034,763.7989593898918,417.0,418.51733333333436
1909.4589280419484,760.4239593898918,420.0,418.51733333333436
1915.11995437558,756.7476459035404,417.0,418.51733333333436
1920.965625851125,753.3726459035404,420.0,418.51733333333436
1926.6266521847565,749.696332417189,417.0,418.51733333333436
1932.4723236603015,746.321332417189,420.0,418.51733333333436
1938.133349993933,742.6450189308375,417.0,418.51733333333436
1943.979021469478,739.2700189308375,420.0,418.51733333333436
1949.6400478031096,735.5937054444861,417.0,418.51733333333436
1955.4857192786546,732.2187054444861,420.0,418.51733333333436
1961.1467456122862,728.5423919581347,417.0,418.51733333333436
1966.9924170878312,725.1673919581347,420.0,418.51733333333436
1972.6534434214627,721.4910784717832,417.0,418.51733333333436
1978.4991148970078,718.1160784717832,420.0,418.51733333333436
1984.1601412306393,714.4397649854318,417.0,418.51733333333436
1990.0058127061843,711.0647649854318,420.0,418.51733333333436
1996.0201067444557,708.0003291121899,423.0,421.1504444444455
2002.1865385835433,705.2548567714282,426.0,423.78355555555663
2008.4882064623994,702.8358731119974,429.0,426.41666666666777
2014.9078379473917,700.7500083999665,432.0,429.0497777777789
2021.2095058262478,698.3310247405358,429.0,431.68288888889003
2027.6291373112401,696.2451600285049,432.0,434.31600000000117
2034.1491366386913,694.4981314740628,435.0,436.9491111111123
2040.7516329436444,693.0947275610429,438.0,436.9491111111123
2047.2716322710955,691.3476990066008,435.0,436.9491111111123
2053.874128576049,689.9442950935809,438.0,436.9491111111123
2060.3941279035002,688.1972665391388,435.0,436.9491111111123
2066.9966242084533,686.7938626261189,438.0,436.9491111111123
2073.5166235359047,685.0468340716768,435.0,436.9491111111123
2080.119119840858,683.6434301586569,438.0,436.9491111111123
2086.639119168309,681.8964016042148,435.0,436.9491111111123
2093.2416154732623,680.4929976911949,438.0,436.9491111111123
2099.7616148007137,678.7459691367528,435.0,436.9491111111123
2106.364111105667,677.3425652237329,438.0,436.9491111111123
2112.884110433118,675.5955366692908,435.0,436.9491111111123
2119.4866067380713,674.1921327562709,438.0,436.9491111111123
2126.0066060655226,672.4451042018288,435.0,436.9491111111123
2132.6091023704757,671.0417002888089,438.0,436.9491111111123
2139.129101697927,669.2946717343668,435.0,436.9491111111123
2145.73159800288,667.8912678213469,438.0,436.9491111111123
2152.2515973303316,666.1442392669048,435.0,436.9491111111123
2158.8540936352847,664.7408353538849,438.0,439.58222222222344
2165.5209899343017,663.6849027148634,441.0,442.21533333333457
2172.2340127280377,662.9793355878068,444.0,444.8484444444457
2178.974762087631,662.6260678831669,447.0,447.48155555555684
2185.724762087631,662.6260678831669,450.0,450.114666666668
2192.4655114472243,662.9793355878068,453.0,452.7477777777791
2199.1785342409603,663.6849027148634,456.0,455.38088888889024
2205.8454305399773,664.7408353538849,459.0,458.0140000000014
2212.4479268449304,666.1442392669047,462.0,460.6471111111125
2218.967926172382,667.8912678213468,465.0,463.28022222222364
2225.387557657374,669.9771325333777,468.0,465.9133333333348
2231.6892255362304,672.3961161928084,471.0,468.5464444444459
2237.855657375318,675.1415885335701,474.0,471.17955555555704
2244.1573252541743,677.5605721930009,471.0,473.8126666666682
2250.323757093262,680.3060445337626,474.0,476.4457777777793
2256.3380511315336,683.3704804070045,477.0,479.07888888889045
2262.1837226070784,686.7454804070045,480.0,481.7120000000016
2267.84474894071,690.4217938933559,483.0,484.3451111111127
2273.3056136527407,694.3893443463301,486.0,486.97822222222385
2278.5513488925753,698.6372569859165,489.0,489.611333333335
2283.5675764645475,703.1538885788387,492.0,492.2444444444461
2288.3405472375566,707.926859351848,495.0,494.87755555555725
2292.857178830479,712.9430869238204,498.0,497.5106666666684
2297.1050914700654,718.1888221636549,501.0,500.1437777777795
2301.0726419230396,723.6496868756858,504.0,502.77688888889065
2304.748955409391,729.3107132093174,507.0,505.4100000000018
2308.123955409391,735.1563846848624,510.0,508.0431111111129
2311.188391282633,741.1706787231338,513.0,510.67622222222406
2313.9338636233947,747.3371105622214,516.0,513.3093333333352
2316.9982994966367,753.3514046004929,513.0,515.9424444444463
2319.7437718373985,759.5178364395804,516.0,518.5755555555575
2322.1627554968295,765.8195043184365,519.0,521.2086666666686
2324.2486202088603,772.2391358034288,522.0,521.2086666666686
2326.6676038682913,778.540803682285,519.0,521.2086666666686
2328.753468580322,784.9604351672772,522.0,521.2086666666686
2331.172452239753,791.2621030461333,519.0,521.2086666666686
2333.258316951784,797.6817345311256,522.0,521.2086666666686
2335.677300611215,803.9834024099817,519.0,521.2086666666686
2337.7631653232456,810.403033894974,522.0,521.2086666666686
2340.1821489826766,816.7047017738302,519.0,521.2086666666686
2342.2680136947074,823.1243332588224,522.0,521.2086666666686
2344.0150422491492,829.6443325862735,525.0,523.8417777777797
2345.418446162169,836.2468288912268,528.0,526.4748888888909
2346.4743788011906,842.9137251902439,531.0,529.108000000002
2347.1799459282474,849.6267479839797,534.0,531.7411111111131
2347.5332136328875,856.3674973435731,537.0,534.3742222222243
2347.5332136328875,863.1174973435731,540.0,537.0073333333354
2347.8864813375276,869.8582467031664,537.0,537.0073333333354
2347.8864813375276,876.6082467031664,540.0,537.0073333333354
2348.2397490421677,883.3489960627597,537.0,537.0073333333354
2348.2397490421677,890.0989960627597,540.0,537.0073333333354
2348.5930167468077,896.8397454223531,537.0,537.0073333333354
2348.5930167468077,903.5897454223531,540.0,537.0073333333354
2348.946284451448,910.3304947819464,537.0,537.0073333333354
2348.946284451448,917.0804947819464,540.0,537.0073333333354
2349.299552156088,923.8212441415398,537.0,537.0073333333354
2349.299552156088,930.5712441415398,540.0,537.0073333333354
2349.652819860728,937.3119935011331,537.0,537.0073333333354
2349.652819860728,944.0619935011331,540.0,537.0073333333354
2350.006087565368,950.8027428607264,537.0,537.0073333333354
2350.006087565368,957.5527428607264,540.0,537.0073333333354
2350.359355270008,964.2934922203198,537.0,537.0073333333354
2350.359355270008,971.0434922203198,540.0,537.0073333333354
2350.712622974648,977.7842415799131,537.0,537.0073333333354
2350.712622974648,984.5342415799131,540.0,537.0073333333354
2351.0658906792883,991.2749909395064,537.0,537.0073333333354
2351.0658906792883,998.0249909395064,540.0,537.0073333333354
2351.4191583839283,1004.7657402990998,537.0,537.0073333333354
2351.4191583839283,1011.5157402990998,540.0,539.6404444444465
2351.0658906792883,1018.2564896586931,543.0,542.2735555555577
2350.3603235522314,1024.969512452429,546.0,544.9066666666688
2349.3043909132098,1031.6364087514462,549.0,547.5397777777799
2347.90098700019,1038.2389050563993,552.0,550.1728888888911
2346.1539584457482,1044.7589043838504,555.0,552.8060000000022
2344.0680937337174,1051.1785358688428,558.0,555.4391111111133
2341.6491100742865,1057.4802037476989,561.0,558.0722222222245
2339.5632453622557,1063.8998352326912,558.0,560.7053333333356
2337.1442617028247,1070.2015031115473,561.0,563.3384444444467
2334.398789362063,1076.367934950635,564.0,565.9715555555579
2331.334353488821,1082.3822289889063,567.0,568.604666666669
2327.959353488821,1088.2279004644513,570.0,571.2377777777801
2324.2830400024695,1093.8889267980828,573.0,573.8708888888913
2320.3154895494954,1099.3497915101136,576.0,576.5040000000024
2316.067576909909,1104.5955267499482,579.0,579.1371111111135
2311.5509453169866,1109.6117543219207,582.0,581.7702222222247
2306.7779745439775,1114.3847250949298,585.0,584.4033333333358
2301.7617469720053,1118.901356687852,588.0,587.0364444444469
2296.5160117321707,1123.1492693274386,591.0,589.6695555555581
2291.05514702014,1127.1168197804127,594.0,592.3026666666692
2285.3941206865084,1130.7931332667642,597.0,594.9357777777803
2279.5484492109636,1134.1681332667642,600.0,597.5688888888915
2273.534155172692,1137.2325691400063,603.0,600.2020000000026
2267.688483697147,1140.6075691400063,600.0,602.8351111111137
2261.6741896588755,1143.6720050132483,603.0,605.4682222222249
2255.507757819788,1146.4174773540099,606.0,608.101333333336
2249.2060899409316,1148.8364610134406,609.0,610.7344444444471
2242.7864584559393,1150.9223257254714,612.0,613.3675555555583
2236.266459128488,1152.6693542799135,615.0,616.0006666666694
2229.663962823535,1154.0727581929334,618.0,618.6337777777806
2222.997066524518,1155.128690831955,621.0,621.2668888888917
2216.284043730782,1155.8342579590117,624.0,623.9000000000028
2209.5432943711885,1156.1875256636515,627.0,626.533111111114
2202.7932943711885,1156.1875256636515,630.0,629.1662222222251
2196.052545011595,1155.8342579590117,633.0,631.7993333333362
2189.339522217859,1155.128690831955,636.0,634.4324444444474
2182.672625918842,1154.0727581929334,639.0,637.0655555555585
2176.070129613889,1152.6693542799135,642.0,639.6986666666696
2169.5501302864377,1150.9223257254714,645.0,642.3317777777808
2162.9476339814846,1149.5189218124515,642.0,644.9648888888919
2156.427634654033,1147.7718932580094,645.0,647.598000000003
2150.008003169041,1145.6860285459786,648.0,650.2311111111142
2143.7063352901846,1143.2670448865479,651.0,652.8642222222253
2137.539903451097,1140.5215725457863,654.0,655.4973333333364
2131.5256094128254,1137.4571366725443,657.0,655.4973333333364
2125.3591775737377,1134.7116643317827,654.0,655.4973333333364
2119.344883535466,1131.6472284585407,657.0,655.4973333333364
2113.1784516963785,1128.901756117779,654.0,655.4973333333364
2107.164157658107,1125.837320244537,657.0,655.4973333333364
2100.9977258190193,1123.0918479037755,654.0,655.4973333333364
2094.9834317807477,1120.0274120305335,657.0,655.4973333333364
2088.81699994166,1117.281939689772,654.0,655.4973333333364
2082.8027059033884,1114.2175038165299,657.0,655.4973333333364
2076.636274064301,1111.4720314757683,654.0,655.4973333333364
2070.621980026029,1108.4075956025263,657.0,655.4973333333364
2064.4555481869415,1105.6621232617647,654.0,655.4973333333364
2058.44125414867,1102.5976873885227,657.0,655.4973333333364
2052.2748223095823,1099.852215047761,654.0,655.4973333333364
2046.260528271311,1096.787779174519,657.0,655.4973333333364
2040.0940964322233,1094.0423068337575,654.0,655.4973333333364
2034.079802393952,1090.9778709605155,657.0,655.4973333333364
2027.9133705548643,1088.232398619754,654.0,655.4973333333364
2021.899076516593,1085.1679627465119,657.0,655.4973333333364
2015.7326446775053,1082.4224904057503,654.0,652.8642222222253
2009.4309767986492,1080.0035067463195,651.0,650.2311111111142
2003.0113453136569,1077.9176420342887,648.0,647.598000000003
1996.4913459862057,1076.1706134798467,645.0,644.9648888888919
1989.8888496812526,1074.7672095668268,642.0,642.3317777777808
1983.2219533822354,1073.711276927805,639.0,639.6986666666696
1976.5089305884994,1073.0057098007485,636.0,637.0655555555585
1969.768181228906,1072.6524420961086,633.0,634.4324444444474
1963.018181228906,1072.6524420961086,630.0,631.7993333333362
1956.2774318693127,1073.0057098007485,627.0,629.1662222222251
1949.5644090755768,1073.711276927805,624.0,626.533111111114
1942.8975127765596,1074.7672095668268,621.0,623.9000000000028
1936.1844899828236,1075.4727766938834,624.0,621.2668888888917
1929.5175936838064,1076.528709332905,621.0,618.6337777777806
1922.9150973788533,1077.932113245925,618.0,616.0006666666694
1916.395098051402,1079.679141800367,615.0,613.3675555555583
1909.9754665664098,1081.7650065123978,612.0,610.7344444444471
1903.6737986875537,1084.1839901718286,609.0,608.101333333336
1897.507366848466,1086.9294625125901,606.0,605.4682222222249
1891.4930728101947,1089.9938983858322,603.0,602.8351111111137
1885.6474013346497,1093.3688983858322,600.0,600.2020000000026
1879.9863750010181,1097.0452118721837,597.0,597.5688888888915
1874.5255102889873,1101.0127623251578,594.0,594.9357777777803
1869.2797750491527,1105.2606749647443,591.0,592.3026666666692
1864.2635474771803,1109.7773065576666,588.0,589.6695555555581
1859.4905767041712,1114.5502773306757,585.0,587.0364444444469
1854.973945111249,1119.5665049026481,582.0,584.4033333333358
1850.7260324716624,1124.8122401424828,579.0,581.7702222222247
1846.20940087874,1129.8284677144552,582.0,579.1371111111135
1841.9614882391536,1135.0742029542898,579.0,576.5040000000024
1837.9939377861795,1140.5350676663206,576.0,573.8708888888913
1834.3176242998281,1146.1960939999522,573.0,571.2377777777801
1830.9426242998281,1152.0417654754972,570.0,568.604666666669
1827.8781884265861,1158.0560595137686,567.0,565.9715555555579
1825.1327160858245,1164.2224913528562,564.0,563.3384444444467
1822.7137324263938,1170.5241592317122,561.0,560.7053333333356
1820.627867714363,1176.9437907167046,558.0,558.0722222222245
1818.2088840549322,1183.2454585955606,561.0,558.0722222222245
1816.1230193429014,1189.665090080553,558.0,558.0722222222245
1813.7040356834707,1195.966757959409,561.0,558.0722222222245
1811.61817097144,1202.3863894444014,558.0,558.0722222222245
1809.1991873120091,1208.6880573232575,561.0,558.0722222222245
1807.1133225999783,1215.1076888082498,558.0,558.0722222222245
1804.6943389405476,1221.4093566871059,561.0,558.0722222222245
1802.6084742285168,1227.8289881720982,558.0,560.7053333333356
1800.189490569086,1234.1306560509543,561.0,563.3384444444467
1797.4440182283245,1240.297087890042,564.0,565.9715555555579
1794.3795823550824,1246.3113819283133,567.0,568.604666666669
1791.0045823550824,1252.1570534038583,570.0,571.2377777777801
1787.3282688687311,1257.8180797374898,573.0,573.8708888888913
1783.360718415757,1263.2789444495206,576.0,576.5040000000024
1779.1128057761705,1268.5246796893553,579.0,579.1371111111135
1774.5961741832482,1273.5409072613277,582.0,581.7702222222247
1769.823203410239,1278.3138780343368,585.0,584.4033333333358
1764.8069758382667,1282.830509627259,588.0,587.0364444444469
1760.0340050652576,1287.6034804002682,585.0,587.0364444444469
1755.0177774932852,1292.1201119931904,588.0,587.0364444444469
1750.244806720276,1296.8930827661995,585.0,587.0364444444469
1745.2285791483037,1301.4097143591218,588.0,587.0364444444469
1740.4556083752946,1306.182685132131,585.0,587.0364444444469
1735.4393808033221,1310.6993167250532,588.0,587.0364444444469
1730.666410030313,1315.4722874980623,585.0,587.0364444444469
1725.6501824583406,1319.9889190909846,588.0,589.6695555555581
1720.404447218506,1324.236831730571,591.0,592.3026666666692
1714.9435825064752,1328.2043821835452,594.0,594.9357777777803
1709.2825561728437,1331.8806956698968,597.0,597.5688888888915
1703.4368846972986,1335.2556956698968,600.0,600.2020000000026
1697.4225906590273,1338.3201315431388,603.0,602.8351111111137
1691.2561588199396,1341.0656038839004,606.0,605.4682222222249
1684.9544909410836,1343.4845875433311,609.0,608.101333333336
1678.5348594560912,1345.570452255362,612.0,610.7344444444471
1672.01486012864,1347.317480809804,615.0,613.3675555555583
1665.412363823687,1348.720884722824,618.0,616.0006666666694
1658.7454675246697,1349.7768173618456,621.0,618.6337777777806
1652.0324447309338,1350.4823844889022,624.0,621.2668888888917
1645.3655484319165,1351.5383171279238,621.0,623.9000000000028
1638.6525256381806,1352.2438842549805,624.0,626.533111111114
1631.9117762785872,1352.5971519596203,627.0,629.1662222222251
1625.1617762785872,1352.5971519596203,630.0,631.7993333333362
1618.421026918994,1352.2438842549805,633.0,634.4324444444474
1611.708004125258,1351.5383171279238,636.0,637.0655555555585
1605.0411078262407,1350.4823844889022,639.0,639.6986666666696
1598.4386115212876,1349.0789805758823,642.0,642.3317777777808
1591.9186121938365,1347.3319520214402,645.0,644.9648888888919
1585.498980708844,1345.2460873094094,648.0,647.598000000003
1579.197312829988,1342.8271036499787,651.0,650.2311111111142
1573.0308809909004,1340.081631309217,654.0,652.8642222222253
1566.7292131120444,1337.6626476497863,651.0,652.8642222222253
1560.5627812729567,1334.9171753090247,654.0,652.8642222222253
1554.2611133941007,1332.498191649594,651.0,652.8642222222253
1548.094681555013,1329.7527193088324,654.0,652.8642222222253
1541.793013676157,1327.3337356494017,651.0,652.8642222222253
1535.6265818370694,1324.58826330864,654.0,652.8642222222253
1529.3249139582133,1322.1692796492093,651.0,652.8642222222253
1523.1584821191257,1319.4238073084477,654.0,652.8642222222253
1516.8568142402696,1317.004823649017,651.0,652.8642222222253
1510.690382401182,1314.2593513082554,654.0,652.8642222222253
1504.388714522326,1311.8403676488247,651.0,652.8642222222253
1498.2222826832383,1309.094895308063,654.0,652.8642222222253
1491.9206148043822,1306.6759116486323,651.0,652.8642222222253
1485.7541829652946,1303.9304393078708,654.0,652.8642222222253
1479.4525150864386,1301.51145564844,651.0,652.8642222222253
1473.286083247351,1298.7659833076784,654.0,652.8642222222253
1466.9844153684949,1296.3469996482477,651.0,652.8642222222253
1460.8179835294072,1293.601527307486,654.0,652.8642222222253
1454.5163156505512,1291.1825436480553,651.0,652.8642222222253
1448.3498838114635,1288.4370713072938,654.0,652.8642222222253
1442.0482159326075,1286.018087647863,651.0,652.8642222222253
1435.8817840935199,1283.2726153071014,654.0,652.8642222222253
1429.5801162146638,1280.8536316476707,651.0,652.8642222222253
1423.4136843755762,1278.108159306909,654.0,652.8642222222253
1417.1120164967201,1275.6891756474784,651.0,652.8642222222253
1410.9455846576325,1272.9437033067168,654.0,652.8642222222253
1404.6439167787764,1270.524719647286,651.0,652.8642222222253
1398.4774849396888,1267.7792473065244,654.0,652.8642222222253
1392.1758170608327,1265.3602636470937,651.0,652.8642222222253
1386.009385221745,1262.614791306332,654.0,652.8642222222253
1379.707717342889,1260.1958076469014,651.0,652.8642222222253
1373.5412855038014,1257.4503353061398,654.0,652.8642222222253
1367.2396176249454,1255.031351646709,651.0,652.8642222222253
1361.0731857858577,1252.2858793059474,654.0,652.8642222222253
1354.7715179070017,1249.8668956465167,651.0,652.8642222222253
1348.605086067914,1247.1214233057551,654.0,652.8642222222253
1342.303418189058,1244.7024396463244,651.0,652.8642222222253
1336.1369863499704,1241.9569673055628,654.0,652.8642222222253
1329.8353184711143,1239.537983646132,651.0,652.8642222222253
1323.6688866320267,1236.7925113053705,654.0,652.8642222222253
1317.3672187531706,1234.3735276459397,651.0,652.8642222222253
1311.200786914083,1231.6280553051781,654.0,652.8642222222253
1304.899119035227,1229.2090716457474,651.0,652.8642222222253
1298.7326871961393,1226.4635993049858,654.0,652.8642222222253
1292.4310193172832,1224.044615645555,651.0,652.8642222222253
1286.2645874781956,1221.2991433047935,654.0,652.8642222222253
1279.9629195993396,1218.8801596453627,651.0,652.8642222222253
1273.796487760252,1216.1346873046011,654.0,652.8642222222253
1267.4948198813959,1213.7157036451704,651.0,652.8642222222253
1261.3283880423082,1210.9702313044088,654.0,652.8642222222253
1255.0267201634522,1208.551247644978,651.0,652.8642222222253
1248.8602883243645,1205.8057753042165,654.0,652.8642222222253
1242.8459942860932,1202.7413394309744,657.0,655.4973333333364
1237.0003228105481,1199.3663394309744,660.0,658.1304444444476
1231.3392964769166,1195.6900259446231,663.0,660.7635555555587
1225.8784317648858,1191.722475491649,666.0,663.3966666666698
1220.6326965250512,1187.4745628520625,669.0,666.029777777781
1215.1718318130204,1183.5070123990884,666.0,668.6628888888921
1209.9260965731858,1179.2590997595019,669.0,671.2960000000032
1204.9098690012133,1174.7424681665796,672.0,673.9291111111144
1200.1368982282042,1169.9694973935705,675.0,676.5622222222255
1195.620266635282,1164.953269821598,678.0,679.1953333333366
1191.3723539956954,1159.7075345817634,681.0,681.8284444444478
1187.4048035427213,1154.2466698697326,684.0,684.4615555555589
1183.7284900563698,1148.585643536101,687.0,687.09466666667
1180.3534900563698,1142.739972060556,690.0,689.7277777777812
1177.2890541831277,1136.7256780222847,693.0,692.3608888888923
1174.5435818423662,1130.559246183197,696.0,694.9940000000034
1172.1245981829354,1124.257578304341,699.0,697.6271111111146
1170.0387334709046,1117.8379468193486,702.0,700.2602222222257
1168.2917049164625,1111.3179474918975,705.0,702.8933333333368
1166.8883010034426,1104.7154511869444,708.0,705.526444444448
1165.832368364421,1098.0485548879271,711.0,708.1595555555591
1164.428964451401,1091.446058582974,708.0,710.7926666666702
1163.3730318123794,1084.7791622839568,711.0,713.4257777777814
1162.6674646853228,1078.0661394902208,714.0,716.0588888888925
1162.314196980683,1071.3253901306275,717.0,718.6920000000036
1162.314196980683,1064.5753901306275,720.0,721.3251111111148
1162.6674646853228,1057.8346407710342,723.0,723.9582222222259
1163.3730318123794,1051.1216179772982,726.0,723.9582222222259
1163.7262995170192,1044.380868617705,723.0,723.9582222222259
1164.4318666440759,1037.667845823969,726.0,723.9582222222259
1164.7851343487157,1030.9270964643756,723.0,723.9582222222259
1165.4907014757723,1024.2140736706397,726.0,723.9582222222259
1165.8439691804122,1017.4733243110463,723.0,723.9582222222259
1166.5495363074688,1010.7603015173105,726.0,723.9582222222259
1166.9028040121086,1004.0195521577172,723.0,723.9582222222259
1167.6083711391652,997.3065293639813,726.0,723.9582222222259
1168.6643037781869,990.6396330649642,729.0,726.591333333337
1170.0677076912068,984.037136760011,732.0,729.2244444444482
1171.1236403302285,977.3702404609938,729.0,731.8575555555593
1172.5270442432484,970.7677441560406,732.0,734.4906666666704
1174.2740727976905,964.2477448285895,735.0,737.1237777777816
1176.3599375097212,957.8281133435972,738.0,739.7568888888927
1178.778921169152,951.5264454647411,741.0,742.3900000000039
1181.5243935099136,945.3600136256536,744.0,745.023111111115
1184.5888293831556,939.3457195873821,747.0,747.6562222222261
1187.9638293831556,933.5000481118371,750.0,750.2893333333373
1191.640142869507,927.8390217782055,753.0,752.9224444444484
1195.607693322481,922.3781570661746,756.0,755.5555555555595
1199.8556059620676,917.1324218263401,759.0,758.1886666666707
1203.8231564150417,911.6715571143092,756.0,758.1886666666707
1208.0710690546282,906.4258218744747,759.0,758.1886666666707
1212.0386195076023,900.9649571624437,756.0,758.1886666666707
1216.2865321471888,895.7192219226092,759.0,758.1886666666707
1220.254082600163,890.2583572105783,756.0,758.1886666666707
1224.5019952397495,885.0126219707438,759.0,758.1886666666707
1228.4695456927236,879.5517572587129,756.0,758.1886666666707
1232.7174583323101,874.3060220188784,759.0,758.1886666666707
1237.2340899252324,869.289794446906,762.0,760.8217777777818
1242.0070606982415,864.5168236738967,765.0,763.4548888888929
1247.023288270214,860.0001920809744,768.0,766.0880000000041
1252.2690235100486,855.752279441388,771.0,768.7211111111152
1257.7298882220794,851.7847289884138,774.0,771.3542222222263
1262.975623461914,847.5368163488274,771.0,773.9873333333375
1268.4364881739448,843.5692658958532,774.0,776.6204444444486
1274.0975145075763,839.8929524095017,777.0,779.2535555555597
1279.9431859831213,836.5179524095017,780.0,781.8866666666709
1285.9574800213927,833.4535165362598,783.0,784.519777777782
1292.1239118604803,830.7080441954981,786.0,787.1528888888931
1298.4255797393364,828.2890605360674,789.0,789.7860000000043
1304.8452112243288,826.2031958240365,792.0,792.4191111111154
1311.36521055178,824.4561672695944,795.0,795.0522222222265
1317.967706856733,823.0527633565745,798.0,797.6853333333377
1324.6346031557503,821.9968307175529,801.0,800.3184444444488
1331.3476259494862,821.2912635904963,804.0,802.9515555555599
1338.0883753090795,820.9379958858565,807.0,805.5846666666711
1344.8383753090795,820.9379958858565,810.0,808.2177777777822
1351.5791246686729,821.2912635904963,813.0,810.8508888888933
1358.2921474624088,821.9968307175529,816.0,813.4840000000045
1364.959043761426,823.0527633565745,819.0,816.1171111111156
1371.672066555162,823.7583304836311,816.0,818.7502222222267
1378.3389628541793,824.8142631226526,819.0,821.3833333333379
1384.9414591591324,826.2176670356725,822.0,824.016444444449
1391.4614584865835,827.9646955901145,825.0,826.6495555555601
1397.8810899715759,830.0505603021454,828.0,829.2826666666713
1404.182757850432,832.4695439615762,831.0,831.9157777777824
1410.3491896895196,835.2150163023379,834.0,834.5488888888935
1416.363483727791,838.2794521755798,837.0,837.1820000000047
1422.209155203336,841.6544521755798,840.0,839.8151111111158
1427.8701815369675,845.3307656619312,843.0,842.448222222227
1433.3310462489983,849.2983161149053,846.0,845.0813333333381
1438.576781488833,853.5462287544917,849.0,847.7144444444492
1443.5930090608053,858.062860347414,852.0,850.3475555555603
1448.3659798338144,862.8358311204232,855.0,852.9806666666715
1452.8826114267367,867.8520586923956,858.0,855.6137777777826
1457.1305240663232,873.0977939322302,861.0,858.2468888888937
1461.6471556592455,878.1140215042026,858.0,858.2468888888937
1465.895068298832,883.3597567440371,861.0,858.2468888888937
1470.4116998917543,888.3759843160095,858.0,858.2468888888937
1474.6596125313408,893.621719555844,861.0,858.2468888888937
1479.1762441242631,898.6379471278165,858.0,858.2468888888937
1483.4241567638496,903.883682367651,861.0,858.2468888888937
1487.940788356772,908.8999099396234,858.0,858.2468888888937
1492.1887009963584,914.1456451794579,861.0,858.2468888888937
1496.7053325892807,919.1618727514303,858.0,858.2468888888937
1500.9532452288672,924.4076079912649,861.0,858.2468888888937
1505.4698768217895,929.4238355632373,858.0,858.2468888888937
1509.717789461376,934.6695708030718,861.0,858.2468888888937
1514.2344210542983,939.6857983750442,858.0,858.2468888888937
1518.4823336938848,944.9315336148787,861.0,858.2468888888937
1522.998965286807,949.9477611868512,858.0,858.2468888888937
1527.2468779263936,955.1934964266857,861.0,858.2468888888937
1531.763509519316,960.2097239986581,858.0,855.6137777777826
1536.536480292325,964.9826947716673,855.0,852.9806666666715
1541.5527078642974,969.4993263645896,852.0,850.3475555555603
1546.798443104132,973.747239004176,849.0,847.7144444444492
1552.2593078161628,977.7147894571501,846.0,845.0813333333381
1557.9203341497944,981.3911029435016,843.0,842.448222222227
1563.7660056253394,984.7661029435016,840.0,839.8151111111158
1569.7802996636108,987.8305388167435,837.0,837.1820000000047
1575.9467315026984,990.5760111575051,834.0,834.5488888888935
1582.2483993815545,992.9949948169359,831.0,831.9157777777824
1588.6680308665468,995.0808595289668,828.0,829.2826666666713
1595.188030193998,996.8278880834088,825.0,826.6495555555601
1601.790526498951,998.2312919964287,822.0,824.016444444449
1608.4574227979683,999.2872246354502,819.0,821.3833333333379
1615.1704455917043,999.9927917625068,816.0,818.7502222222267
1621.8373418907215,1001.0487244015284,819.0,816.1171111111156
1628.5503646844575,1001.754291528585,816.0,813.4840000000045
1635.2911140440508,1002.1075592332248,813.0,810.8508888888933
1642.0411140440508,1002.1075592332248,810.0,808.2177777777822
1648.7818634036441,1001.754291528585,807.0,805.5846666666711
1655.49488619738,1001.0487244015284,804.0,802.9515555555599
1662.1617824963973,999.9927917625068,801.0,800.3184444444488
1668.7642788013504,998.5893878494869,798.0,797.6853333333377
1675.2842781288016,996.8423592950448,795.0,795.0522222222265
1681.703909613794,994.7564945830139,792.0,792.4191111111154
1688.00557749265,992.3375109235832,789.0,789.7860000000043
1694.1720093317376,989.5920385828215,786.0,787.1528888888931
1700.186303370009,986.5276027095796,783.0,784.519777777782
1706.031974845554,983.1526027095796,780.0,781.8866666666709
1711.6930011791856,979.4762892232282,777.0,779.2535555555597
1717.1538658912164,975.5087387702539,774.0,776.6204444444486
1722.8148922248479,971.8324252839025,777.0,776.6204444444486
1728.2757569368787,967.8648748309282,774.0,776.6204444444486
1733.9367832705102,964.1885613445768,777.0,776.6204444444486
1739.397647982541,960.2210108916025,774.0,776.6204444444486
1745.0586743161725,956.5446974052511,777.0,776.6204444444486
1750.5195390282033,952.5771469522768,774.0,776.6204444444486
1756.1805653618349,948.9008334659254,777.0,776.6204444444486
1761.6414300738656,944.9332830129512,774.0,776.6204444444486
1767.3024564074972,941.2569695265997,777.0,776.6204444444486
1772.763321119528,937.2894190736255,774.0,776.6204444444486
1778.4243474531595,933.613105587274,777.0,776.6204444444486
1783.8852121651903,929.6455551342998,774.0,776.6204444444486
1789.5462384988218,925.9692416479484,777.0,776.6204444444486
1795.0071032108526,922.0016911949741,774.0,776.6204444444486
1800.6681295444841,918.3253777086227,777.0,776.6204444444486
1806.128994256515,914.3578272556484,774.0,776.6204444444486
1811.7900205901465,910.681513769297,777.0,776.6204444444486
1817.2508853021773,906.7139633163227,774.0,776.6204444444486
1822.496620542012,902.4660506767364,771.0,773.9873333333375
1827.9574852540427,898.4985002237621,774.0,771.3542222222263
1833.2032204938773,894.2505875841757,771.0,768.7211111111152
1838.2194480658497,889.7339559912534,768.0,766.0880000000041
1842.9924188388588,884.9609852182442,765.0,763.4548888888929
1847.5090504317811,879.9447576462718,762.0,760.8217777777818
1851.7569630713676,874.6990224064373,759.0,758.1886666666707
1855.7245135243418,869.2381576944064,756.0,755.5555555555595
1859.400827010693,863.5771313607747,753.0,752.9224444444484
1862.775827010693,857.7314598852298,750.0,752.9224444444484
1866.4521404970444,852.0704335515982,753.0,752.9224444444484
1869.8271404970444,846.2247620760533,750.0,752.9224444444484
1873.5034539833957,840.5637357424216,753.0,752.9224444444484
1876.8784539833957,834.7180642668767,750.0,752.9224444444484
1880.554767469747,829.057037933245,753.0,752.9224444444484
1883.929767469747,823.2113664577001,750.0,752.9224444444484
1887.6060809560984,817.5503401240685,753.0,752.9224444444484
1890.9810809560984,811.7046686485236,750.0,752.9224444444484
1894.6573944424497,806.0436423148919,753.0,752.9224444444484
1898.0323944424497,800.197970839347,750.0,752.9224444444484
1901.708707928801,794.5369445057154,753.0,752.9224444444484
1905.083707928801,788.6912730301705,750.0,752.9224444444484
1908.7600214151523,783.0302466965388,753.0,752.9224444444484
1912.1350214151523,777.1845752209939,750.0,752.9224444444484
1915.8113349015036,771.5235488873623,753.0,752.9224444444484
1919.1863349015036,765.6778774118173,750.0,752.9224444444484
1922.862648387855,760.0168510781857,753.0,755.5555555555595
1926.830198840829,754.5559863661548,756.0,758.1886666666707
1931.0781114804156,749.3102511263203,759.0,760.8217777777818
1935.594743073338,744.2940235543479,762.0,763.4548888888929
1940.367713846347,739.5210527813387,765.0,766.0880000000041
1945.3839414183194,735.0044211884164,768.0,768.7211111111152
1950.629676658154,730.75650854883,771.0,771.3542222222263
1956.0905413701848,726.7889580958557,774.0,773.9873333333375
1961.3362766100195,722.5410454562693,771.0,773.9873333333375
1966.7971413220503,718.5734950032951,774.0,773.9873333333375
1972.042876561885,714.3255823637087,771.0,773.9873333333375
1977.5037412739157,710.3580319107344,774.0,773.9873333333375
1982.7494765137503,706.110119271148,771.0,773.9873333333375
1988.2103412257811,702.1425688181738,774.0,773.9873333333375
1993.4560764656158,697.8946561785874,771.0,773.9873333333375
1998.9169411776465,693.9271057256132,774.0,776.6204444444486
2004.577967511278,690.2507922392617,777.0,779.2535555555597
2010.423638986823,686.8757922392617,780.0,781.8866666666709
2016.4379330250945,683.8113563660198,783.0,784.519777777782
2022.6043648641821,681.0658840252581,786.0,787.1528888888931
2028.9060327430382,678.6469003658274,789.0,789.7860000000043
2035.3256642280305,676.5610356537965,792.0,792.4191111111154
2041.8456635554817,674.8140070993544,795.0,792.4191111111154
2048.265295040474,672.7281423873235,792.0,792.4191111111154
2054.7852943679254,670.9811138328814,795.0,792.4191111111154
2061.2049258529178,668.8952491208505,792.0,792.4191111111154
2067.724925180369,667.1482205664084,795.0,792.4191111111154
2074.1445566653615,665.0623558543775,792.0,792.4191111111154
2080.664555992813,663.3153272999355,795.0,792.4191111111154
2087.0841874778052,661.2294625879045,792.0,792.4191111111154
2093.6041868052566,659.4824340334625,795.0,792.4191111111154
2100.2066831102097,658.0790301204426,798.0,795.0522222222265
2106.726682437661,656.3320015660005,795.0,797.6853333333377
2113.329178742614,654.9285976529806,798.0,800.3184444444488
2119.9960750416312,653.872665013959,801.0,802.9515555555599
2126.709097835367,653.1670978869024,804.0,805.5846666666711
2133.4498471949605,652.8138301822626,807.0,808.2177777777822
2140.1998471949605,652.8138301822626,810.0,810.8508888888933
2146.940596554554,653.1670978869024,813.0,813.4840000000045
2153.65361934829,653.872665013959,816.0,816.1171111111156
2160.320515647307,654.9285976529806,819.0,818.7502222222267
2166.92301195226,656.3320015660005,822.0,821.3833333333379
2173.4430112797113,658.0790301204424,825.0,824.016444444449
2179.8626427647037,660.1648948324734,828.0,826.6495555555601
2186.16431064356,662.5838784919041,831.0,829.2826666666713
2192.5839421285523,664.669743203935,828.0,829.2826666666713
2198.8856100074086,667.0887268633658,831.0,829.2826666666713
2205.305241492401,669.1745915753967,828.0,829.2826666666713
2211.606909371257,671.5935752348274,831.0,829.2826666666713
2218.0265408562495,673.6794399468583,828.0,829.2826666666713
2224.328208735106,676.0984236062891,831.0,829.2826666666713
2230.4946405741935,678.8438959470508,834.0,831.9157777777824
2236.508934612465,681.9083318202927,837.0,834.5488888888935
2242.35460608801,685.2833318202927,840.0,837.1820000000047
2248.3689001262815,688.3477676935346,837.0,839.8151111111158
2254.2145716018263,691.7227676935346,840.0,842.448222222227
2259.875597935458,695.399081179886,843.0,845.0813333333381
2265.3364626474886,699.3666316328602,846.0,847.7144444444492
2270.582197887323,703.6145442724466,849.0,850.3475555555603
2275.5984254592954,708.1311758653688,852.0,852.9806666666715
2280.3713962323045,712.904146638378,855.0,855.6137777777826
2284.888027825227,717.9203742103505,858.0,858.2468888888937
2289.1359404648133,723.166109450185,861.0,860.8800000000049
2293.6525720577356,728.1823370221574,858.0,860.8800000000049
2297.900484697322,733.4280722619919,861.0,860.8800000000049
2302.4171162902444,738.4442998339644,858.0,860.8800000000049
2306.665028929831,743.6900350737989,861.0,860.8800000000049
2311.181660522753,748.7062626457713,858.0,860.8800000000049
2315.4295731623397,753.9519978856058,861.0,860.8800000000049
2319.397123615314,759.4128625976367,864.0,863.513111111116
2323.073437101665,765.0738889312684,867.0,866.1462222222272
2326.448437101665,770.9195604068133,870.0,868.7793333333383
2329.512872974907,776.9338544450848,873.0,871.4124444444494
2332.258345315669,783.1002862841723,876.0,874.0455555555606
2334.6773289751,789.4019541630284,879.0,876.6786666666717
2336.7631936871308,795.8215856480207,882.0,879.3117777777828
2339.1821773465617,802.1232535268769,879.0,881.944888888894
2341.2680420585925,808.5428850118691,882.0,884.5780000000051
2343.0150706130344,815.0628843393202,885.0,884.5780000000051
2345.100935325065,821.4825158243125,882.0,884.5780000000051
2346.847963879507,828.0025151517636,885.0,884.5780000000051
2348.933828591538,834.4221466367559,882.0,884.5780000000051
2350.6808571459796,840.942145964207,885.0,884.5780000000051
2352.7667218580104,847.3617774491993,882.0,884.5780000000051
2354.5137504124523,853.8817767766504,885.0,884.5780000000051
2355.917154325472,860.4842730816036,888.0,887.2111111111162
2356.9730869644936,867.1511693806208,891.0,889.8442222222274
2357.6786540915505,873.8641921743566,894.0,892.4773333333385
2358.0319217961905,880.60494153395,897.0,895.1104444444496
2358.0319217961905,887.35494153395,900.0,897.7435555555608
2357.6786540915505,894.0956908935433,903.0,900.3766666666719
2357.6786540915505,900.8456908935433,900.0,900.3766666666719
2357.3253863869104,907.5864402531366,903.0,900.3766666666719
2357.3253863869104,914.3364402531366,900.0,900.3766666666719
2356.9721186822703,921.07718961273,903.0,900.3766666666719
2356.9721186822703,927.82718961273,900.0,900.3766666666719
2356.6188509776302,934.5679389723233,903.0,900.3766666666719
2356.6188509776302,941.3179389723233,900.0,900.3766666666719
2356.26558327299,948.0586883319166,903.0,900.3766666666719
2356.26558327299,954.8086883319166,900.0,900.3766666666719
2355.91231556835,961.54943769151,903.0,900.3766666666719
2355.91231556835,968.29943769151,900.0,900.3766666666719
2355.55904786371,975.0401870511033,903.0,900.3766666666719
2355.55904786371,981.7901870511033,900.0,900.3766666666719
2355.20578015907,988.5309364106967,903.0,900.3766666666719
2355.20578015907,995.2809364106967,900.0,900.3766666666719
2354.85251245443,1002.02168577029,903.0,900.3766666666719
2354.85251245443,1008.77168577029,900.0,900.3766666666719
2354.49924474979,1015.5124351298833,903.0,900.3766666666719
2354.49924474979,1022.2624351298833,900.0,900.3766666666719
2354.1459770451497,1029.0031844894768,903.0,900.3766666666719
2354.1459770451497,1035.7531844894768,900.0,900.3766666666719
2353.7927093405096,1042.4939338490701,903.0,900.3766666666719
2353.7927093405096,1049.2439338490701,900.0,900.3766666666719
2353.4394416358696,1055.9846832086635,903.0,900.3766666666719
2353.4394416358696,1062.7346832086635,900.0,900.3766666666719
2353.0861739312295,1069.4754325682568,903.0,903.009777777783
2352.3806068041727,1076.1884553619927,906.0,905.6428888888942
2351.324674165151,1082.85535166101,909.0,908.2760000000053
2349.9212702521313,1089.457847965963,912.0,910.9091111111164
2348.1742416976895,1095.9778472934142,915.0,913.5422222222276
2346.0883769856587,1102.3974787784066,918.0,916.1753333333387
2343.6693933262277,1108.6991466572626,921.0,918.8084444444498
2340.923920985466,1114.8655784963503,924.0,921.441555555561
2337.859485112224,1120.8798725346219,927.0,924.0746666666721
2335.114012771462,1127.0463043737095,924.0,926.7077777777832
2332.04957689822,1133.0605984119811,927.0,929.3408888888944
2328.67457689822,1138.9062698875262,930.0,931.9740000000055
2324.9982634118687,1144.5672962211577,933.0,934.6071111111166
2321.0307129588946,1150.0281609331885,936.0,937.2402222222278
2316.782800319308,1155.273896173023,939.0,939.8733333333389
2312.266168726386,1160.2901237449955,942.0,942.50644444445
2307.4931979533767,1165.0630945180046,945.0,945.1395555555612
2302.4769703814045,1169.579726110927,948.0,947.7726666666723
2297.23123514157,1173.8276387505134,951.0,950.4057777777834
2291.770370429539,1177.7951892034876,954.0,953.0388888888946
2286.1093440959075,1181.4715026898389,957.0,955.6720000000057
2280.2636726203627,1184.8465026898389,960.0,958.3051111111168
2274.249378582091,1187.910938563081,963.0,960.938222222228
2268.0829467430035,1190.6564109038425,966.0,963.5713333333391
2261.781278864147,1193.0753945632732,969.0,966.2044444444502
2255.6148470250596,1195.8208669040348,966.0,968.8375555555614
2249.3131791462033,1198.2398505634656,969.0,971.4706666666725
2242.893547661211,1200.3257152754963,972.0,974.1037777777836
2236.3735483337596,1202.0727438299384,975.0,976.7368888888948
2229.7710520288065,1203.4761477429583,978.0,979.3700000000059
2223.1041557297895,1204.53208038198,981.0,982.003111111117
2216.3911329360535,1205.2376475090366,984.0,984.6362222222282
2209.65038357646,1205.5909152136765,987.0,987.2693333333393
2202.90038357646,1205.5909152136765,990.0,989.9024444444505
2196.159634216867,1205.2376475090366,993.0,992.5355555555616
2189.446611423131,1204.53208038198,996.0,995.1686666666727
2182.779715124114,1203.4761477429583,999.0,997.8017777777839
2176.1772188191608,1202.0727438299384,1002.0,1000.434888888895
2169.6572194917094,1200.3257152754963,1005.0,1003.0680000000061
2163.237588006717,1198.2398505634656,1008.0,1005.7011111111173
2156.9359201278608,1195.8208669040348,1011.0,1008.3342222222284
2150.5162886428684,1193.735002192004,1008.0,1010.9673333333395
2144.214620764012,1191.3160185325733,1011.0,1013.6004444444507
2138.0481889249245,1188.5705461918117,1014.0,1016.2335555555618
2132.033894886653,1185.5061103185697,1017.0,1018.8666666666729
2126.188223411108,1182.1311103185697,1020.0,1021.4997777777841
2120.5271970774766,1178.454796832218,1023.0,1024.1328888888952
2115.0663323654458,1174.487246379244,1026.0,1026.7660000000062
2109.820597125611,1170.2393337396575,1029.0,1026.7660000000062
2104.3597324135803,1166.2717832866833,1026.0,1026.7660000000062
2099.1139971737457,1162.0238706470968,1029.0,1026.7660000000062
2093.653132461715,1158.0563201941227,1026.0,1026.7660000000062
2088.4073972218803,1153.8084075545362,1029.0,1026.7660000000062
2082.9465325098495,1149.840857101562,1026.0,1026.7660000000062
2077.700797270015,1145.5929444619755,1029.0,1026.7660000000062
2072.239932557984,1141.6253940090014,1026.0,1026.7660000000062
2066.9941973181494,1137.377481369415,1029.0,1026.7660000000062
2061.5333326061186,1133.4099309164408,1026.0,1026.7660000000062
2056.287597366284,1129.1620182768543,1029.0,1026.7660000000062
2050.826732654253,1125.1944678238801,1026.0,1026.7660000000062
2045.5809974144186,1120.9465551842936,1029.0,1026.7660000000062
2040.1201327023878,1116.9790047313195,1026.0,1026.7660000000062
2034.4591063687562,1113.302691244968,1023.0,1024.1328888888952
2028.6134348932112,1109.927691244968,1020.0,1021.4997777777841
2022.5991408549398,1106.863255371726,1017.0,1018.8666666666729
2016.4327090158522,1104.1177830309643,1014.0,1016.2335555555618
2010.1310411369961,1101.6987993715336,1011.0,1013.6004444444507
2003.7114096520038,1099.6129346595028,1008.0,1010.9673333333395
1997.4097417731477,1097.193951000072,1011.0,1008.3342222222284
1990.9901102881554,1095.1080862880412,1008.0,1005.7011111111173
1984.4701109607042,1093.3610577335992,1005.0,1003.0680000000061
1977.8676146557511,1091.9576538205793,1002.0,1000.434888888895
1971.200718356734,1090.9017211815576,999.0,997.8017777777839
1964.487695562998,1090.196154054501,996.0,995.1686666666727
1957.7469462034046,1089.8428863498611,993.0,992.5355555555616
1950.9969462034046,1089.8428863498611,990.0,989.9024444444505
1944.2561968438113,1090.196154054501,987.0,987.2693333333393
1937.5431740500753,1090.9017211815576,984.0,984.6362222222282
1930.876277751058,1091.9576538205793,981.0,982.003111111117
1924.273781446105,1093.3610577335992,978.0,979.3700000000059
1917.7537821186538,1095.1080862880412,975.0,976.7368888888948
1911.3341506336615,1097.193951000072,972.0,974.1037777777836
1905.0324827548054,1099.6129346595028,969.0,971.4706666666725
1898.8660509157178,1102.3584070002644,966.0,968.8375555555614
1892.5643830368617,1104.7773906596951,969.0,966.2044444444502
1886.397951197774,1107.5228630004567,966.0,963.5713333333391
1880.3836571595027,1110.5872988736987,963.0,960.938222222228
1874.5379856839577,1113.9622988736987,960.0,958.3051111111168
1868.8769593503262,1117.63861236005,957.0,955.6720000000057
1863.4160946382954,1121.6061628130242,954.0,953.0388888888946
1858.1703593984607,1125.8540754526107,951.0,950.4057777777834
1853.1541318264883,1130.370707045533,948.0,947.7726666666723
1848.3811610534792,1135.143677818542,945.0,945.1395555555612
1843.864529460557,1140.1599053905145,942.0,942.50644444445
1839.6166168209704,1145.4056406303491,939.0,939.8733333333389
1835.6490663679963,1150.86650534238,936.0,937.2402222222278
1831.972752881645,1156.5275316760114,933.0,934.6071111111166
1828.0052024286708,1161.9883963880422,936.0,934.6071111111166
1824.3288889423195,1167.6494227216738,933.0,934.6071111111166
1820.3613384893454,1173.1102874337046,936.0,934.6071111111166
1816.685025002994,1178.771313767336,933.0,934.6071111111166
1812.71747455002,1184.232178479367,936.0,934.6071111111166
1809.0411610636686,1189.8932048129984,933.0,934.6071111111166
1805.0736106106945,1195.3540695250292,936.0,934.6071111111166
1801.3972971243431,1201.0150958586607,933.0,934.6071111111166
1797.429746671369,1206.4759605706915,936.0,934.6071111111166
1793.7534331850177,1212.136986904323,933.0,934.6071111111166
1789.7858827320435,1217.5978516163539,936.0,934.6071111111166
1786.1095692456922,1223.2588779499854,933.0,934.6071111111166
1782.142018792718,1228.7197426620162,936.0,934.6071111111166
1778.4657053063668,1234.3807689956477,933.0,934.6071111111166
1774.4981548533926,1239.8416337076785,936.0,934.6071111111166
1770.8218413670413,1245.50266004131,933.0,934.6071111111166
1766.8542909140672,1250.9635247533408,936.0,934.6071111111166
1762.6063782744807,1256.2092599931755,939.0,937.2402222222278
1758.0897466815584,1261.225487565148,942.0,939.8733333333389
1753.3167759085493,1265.998458338157,945.0,942.50644444445
1748.3005483365769,1270.5150899310793,948.0,945.1395555555612
1743.5275775635678,1275.2880607040884,945.0,947.7726666666723
1738.5113499915954,1279.8046922970107,948.0,950.4057777777834
1733.2656147517607,1284.0526049365972,951.0,953.0388888888946
1727.80475003973,1288.0201553895713,954.0,955.6720000000057
1722.1437237060984,1291.6964688759226,957.0,958.3051111111168
1716.2980522305534,1295.0714688759226,960.0,960.938222222228
1710.283758192282,1298.1359047491646,963.0,963.5713333333391
1704.1173263531944,1300.8813770899262,966.0,966.2044444444502
1697.8156584743383,1303.300360749357,969.0,968.8375555555614
1691.396026989346,1305.3862254613878,972.0,971.4706666666725
1684.8760276618948,1307.1332540158298,975.0,974.1037777777836
1678.4563961769024,1309.2191187278606,972.0,974.1037777777836
1671.9363968494513,1310.9661472823027,975.0,974.1037777777836
1665.516765364459,1313.0520119943335,972.0,974.1037777777836
1658.9967660370078,1314.7990405487756,975.0,974.1037777777836
1652.5771345520154,1316.8849052608064,972.0,974.1037777777836
1646.0571352245643,1318.6319338152484,975.0,974.1037777777836
1639.637503739572,1320.7177985272792,972.0,974.1037777777836
1633.1175044121208,1322.4648270817213,975.0,974.1037777777836
1626.5150081071677,1323.8682309947412,978.0,976.7368888888948
1619.8481118081504,1324.9241636337629,981.0,979.3700000000059
1613.1350890144145,1325.6297307608195,984.0,982.003111111117
1606.3943396548211,1325.9829984654593,987.0,984.6362222222282
1599.6443396548211,1325.9829984654593,990.0,987.2693333333393
1592.9035902952278,1326.3362661700992,987.0,989.9024444444505
1586.1535902952278,1326.3362661700992,990.0,992.5355555555616
1579.4128409356344,1325.9829984654593,993.0,995.1686666666727
1572.6998181418985,1325.2774313384027,996.0,997.8017777777839
1566.0329218428813,1324.221498699381,999.0,997.8017777777839
1559.3198990491453,1323.5159315723245,996.0,997.8017777777839
1552.653002750128,1322.4599989333028,999.0,997.8017777777839
1545.939979956392,1321.7544318062462,996.0,997.8017777777839
1539.2730836573749,1320.6984991672246,999.0,997.8017777777839
1532.560060863639,1319.992932040168,996.0,997.8017777777839
1525.8931645646217,1318.9369994011463,999.0,997.8017777777839
1519.1801417708857,1318.2314322740897,996.0,997.8017777777839
1512.5132454718685,1317.175499635068,999.0,997.8017777777839
1505.8002226781325,1316.4699325080114,996.0,997.8017777777839
1499.1333263791153,1315.4139998689898,999.0,997.8017777777839
1492.4203035853793,1314.7084327419332,996.0,997.8017777777839
1485.753407286362,1313.6525001029115,999.0,997.8017777777839
1479.0403844926261,1312.946932975855,996.0,997.8017777777839
1472.3734881936089,1311.8910003368333,999.0,997.8017777777839
1465.660465399873,1311.1854332097766,996.0,997.8017777777839
1458.9935691008557,1310.129500570755,999.0,997.8017777777839
1452.3910727959026,1308.726096657735,1002.0,1000.434888888895
1445.8710734684514,1306.979068103293,1005.0,1003.0680000000061
1439.451441983459,1304.8932033912622,1008.0,1005.7011111111173
1433.149774104603,1302.4742197318315,1011.0,1008.3342222222284
1426.7301426196107,1300.3883550198007,1008.0,1010.9673333333395
1420.4284747407546,1297.96937136037,1011.0,1010.9673333333395
1414.0088432557623,1295.883506648339,1008.0,1010.9673333333395
1407.7071753769062,1293.4645229889084,1011.0,1010.9673333333395
1401.2875438919139,1291.3786582768776,1008.0,1010.9673333333395
1394.9858760130578,1288.9596746174468,1011.0,1010.9673333333395
1388.5662445280655,1286.873809905416,1008.0,1010.9673333333395
1382.2645766492094,1284.4548262459853,1011.0,1010.9673333333395
1375.844945164217,1282.3689615339545,1008.0,1010.9673333333395
1369.543277285361,1279.9499778745237,1011.0,1010.9673333333395
1363.1236458003686,1277.864113162493,1008.0,1010.9673333333395
1356.8219779215126,1275.4451295030622,1011.0,1010.9673333333395
1350.4023464365202,1273.3592647910314,1008.0,1010.9673333333395
1344.1006785576642,1270.9402811316006,1011.0,1010.9673333333395
1337.6810470726718,1268.8544164195698,1008.0,1010.9673333333395
1331.3793791938158,1266.435432760139,1011.0,1010.9673333333395
1324.9597477088234,1264.3495680481083,1008.0,1010.9673333333395
1318.6580798299674,1261.9305843886775,1011.0,1010.9673333333395
1312.238448344975,1259.8447196766467,1008.0,1010.9673333333395
1305.936780466119,1257.425736017216,1011.0,1010.9673333333395
1299.5171489811266,1255.3398713051852,1008.0,1010.9673333333395
1293.2154811022706,1252.9208876457544,1011.0,1010.9673333333395
1286.7958496172782,1250.8350229337236,1008.0,1010.9673333333395
1280.4941817384222,1248.4160392742929,1011.0,1010.9673333333395
1274.0745502534298,1246.330174562262,1008.0,1010.9673333333395
1267.7728823745738,1243.9111909028313,1011.0,1010.9673333333395
1261.3532508895814,1241.8253261908005,1008.0,1010.9673333333395
1255.0515830107254,1239.4063425313698,1011.0,1013.6004444444507
1248.8851511716377,1236.6608701906082,1014.0,1016.2335555555618
1242.8708571333664,1233.5964343173662,1017.0,1018.8666666666729
1237.0251856578213,1230.2214343173662,1020.0,1021.4997777777841
1231.3641593241898,1226.5451208310146,1023.0,1024.1328888888952
1225.903294612159,1222.5775703780405,1026.0,1026.7660000000062
1220.6575593723244,1218.329657738454,1029.0,1029.3991111111172
1215.641331800352,1213.8130261455317,1032.0,1032.0322222222283
1210.8683610273429,1209.0400553725226,1035.0,1034.6653333333393
1206.3517294344206,1204.0238278005502,1038.0,1037.2984444444503
1202.103816794834,1198.7780925607155,1041.0,1039.9315555555613
1198.13626634186,1193.3172278486848,1044.0,1042.5646666666723
1194.4599528555084,1187.6562015150532,1047.0,1045.1977777777834
1191.0849528555084,1181.8105300395082,1050.0,1047.8308888888944
1188.0205169822664,1175.7962360012368,1053.0,1050.4640000000054
1185.2750446415048,1169.6298041621492,1056.0,1053.0971111111164
1182.2106087682628,1163.6155101238778,1053.0,1055.7302222222274
1179.4651364275012,1157.4490782847902,1056.0,1058.3633333333385
1177.0461527680704,1151.1474104059341,1059.0,1060.9964444444495
1174.9602880560396,1144.7277789209418,1062.0,1063.6295555555605
1173.2132595015976,1138.2077795934906,1065.0,1066.2626666666715
1171.8098555885776,1131.6052832885375,1068.0,1068.8957777777825
1170.753922949556,1124.9383869895203,1071.0,1071.5288888888936
1170.0483558224994,1118.2253641957843,1074.0,1074.1620000000046
1169.6950881178595,1111.484614836191,1077.0,1076.7951111111156
1169.6950881178595,1104.734614836191,1080.0,1079.4282222222266
1170.0483558224994,1097.9938654765976,1083.0,1082.0613333333376
1170.753922949556,1091.2808426828617,1086.0,1084.6944444444487
1171.8098555885776,1084.6139463838444,1089.0,1087.3275555555597
1173.2132595015976,1078.0114500788914,1092.0,1089.9606666666707
1174.9602880560396,1071.4914507514402,1095.0,1092.5937777777817
1177.0461527680704,1065.0718192664478,1098.0,1095.2268888888927
1178.7931813225125,1058.5518199389967,1095.0,1097.8600000000038
1180.8790460345433,1052.1321884540043,1098.0,1097.8600000000038
1182.6260745889854,1045.6121891265532,1095.0,1097.8600000000038
1184.7119393010162,1039.1925576415608,1098.0,1097.8600000000038
