1310.0,449.8,0
1310.0,449.40000000000003,0
1310.0,448.8,0
1310.0,448.0,0
1310.0,447.0,0
1310.0,445.8,0
1310.0,444.40000000000003,0
1310.0,442.8,0
1310.0,441.0,0
1310.0,439.0,0
1310.0,436.8,0
1310.0,434.40000000000003,0
1310.0,431.8,0
1310.0,429.0,0
1310.0,426.0,0
1310.0,422.8,0
1310.0,419.40000000000003,0
1310.0,415.8,0
1310.0,412.0,0
1310.0,408.0,0
1310.0,403.8,0
1310.0,399.40000000000003,0
1310.0,394.8,0
1310.0,390.0,0
1310.0,385.0,0
1310.0,379.8,0
1310.0,374.40000000000003,0
1310.0,368.8,0
1310.0,363.0,0
1310.0,357.0,0
1310.0,351.0,0
1310.0,345.0,0
1310.0,339.0,0
1310.0,333.0,0
1310.0,327.0,0
1310.0,321.0,0
1310.0,315.0,0
1310.0,309.0,0
1310.0,303.0,0
1309.7295656152726,297.00609766149324,-2.5833333333333335
1309.1892465182623,291.0304759136409,-5.166666666666667
1308.38014093662,285.0852805293196,-7.75
1307.303893420995,279.18259543818425,-10.333333333333334
1305.962691502399,273.33441816543046,-12.916666666666668
1304.3592612459295,267.5526354461787,-15.500000000000002
1302.496861709897,261.8489990650455,-18.083333333333336
1300.6344621738647,256.1453626839123,-18.083333333333336
1298.7720626378323,250.4417263027791,-18.083333333333336
1296.9096631017999,244.7380899216459,-18.083333333333336
1295.0472635657675,239.0344535405127,-18.083333333333336
1293.184864029735,233.33081715937948,-18.083333333333336
1291.3224644937027,227.62718077824627,-18.083333333333336
1289.4600649576703,221.92354439711306,-18.083333333333336
1287.5976654216379,216.21990801597985,-18.083333333333336
1285.7352658856055,210.51627163484665,-18.083333333333336
1283.872866349573,204.81263525371344,-18.083333333333336
1281.7552829612898,199.19873815867624,-20.666666666666668
1279.3868198229843,193.68599089778286,-23.25
1276.7722909634817,188.28559842659814,-25.833333333333332
1273.9170105534322,183.0085373335287,-28.416666666666664
1270.826782103972,177.86553352931602,-30.999999999999996
1267.5078866707747,172.86704044604562,-33.58333333333333
1263.967070087468,168.02321778998345,-36.166666666666664
1260.2115292543638,163.34391089142616,-38.75
1256.2488975103697,158.83863069353717,-41.333333333333336
1252.0872291178184,154.51653442084273,-43.91666666666667
1247.7349828917447,150.3864069666802,-46.50000000000001
1243.201005006889,146.45664303742936,-49.08333333333334
1238.4945110173717,142.7352300898198,-51.66666666666668
1233.6250671255816,139.2297320959952,-54.250000000000014
1228.6025707383565,135.9472741693327,-56.83333333333335
1223.4372303499695,132.8945280822665,-59.416666666666686
1218.139544792816,130.07769870555117,-62.00000000000002
1212.7202818979708,127.5025113965278,-64.58333333333336
1207.1904566089927,125.17420036202708,-67.16666666666669
1201.5613085934579,123.09749801956212,-69.75000000000001
1195.8442793977308,121.2766253784351,-72.33333333333334
1190.0509891914057,119.71528346030863,-74.91666666666667
1184.193213148686,118.41664577668001,-77.5
1178.2828575147091,117.38335187854828,-80.08333333333333
1172.3319354054615,116.61750199138471,-82.66666666666666
1166.352542390475,116.12065274631149,-85.24999999999999
1160.3568319079295,115.89381401616515,-87.83333333333331
1154.3569905621364,115.93744686287567,-90.41666666666664
1148.3652133536089,116.25146260033334,-92.99999999999997
1142.393678892067,116.83522297464795,-95.5833333333333
1136.4545246427583,117.68754146143426,-98.16666666666663
1130.5598222564054,118.80668567748667,-100.74999999999996
1124.7215530329265,120.19038090194131,-103.33333333333329
1118.9515835687987,121.83581469976868,-105.91666666666661
1113.2616416375615,123.73964263819923,-108.49999999999994
1107.6632923524858,125.89799508446299,-111.08333333333327
1102.1679146598588,128.30648507102651,-113.6666666666666
1096.7866782106626,130.96021721234052,-116.24999999999993
1091.5305206576581,133.85379765497453,-118.83333333333326
1086.4101254240163,136.98134504091433,-121.41666666666659
1081.435899988686,140.3365024617388,-123.99999999999991
1076.6179547326326,143.91245037937838,-126.58333333333324
1071.9660823889437,147.70192048719338,-129.16666666666657
1067.4897381385736,151.69721048319838,-131.74999999999991
1063.1980203921773,155.89019972540578,-134.33333333333326
1059.0996522971022,160.27236573746768,-136.9166666666666
1055.2029640071212,164.83480153106785,-139.49999999999994
1051.5158757509464,169.568233709855,-142.0833333333333
1048.0458817339386,174.46304131812005,-144.66666666666663
1044.8000349057306,179.5092753959064,-147.24999999999997
1041.7849326247283,184.69667920080678,-149.83333333333331
1038.769830343726,189.88408300570717,-149.83333333333331
1035.523983515518,194.93031708349352,-147.24999999999997
1032.0539894985102,199.82512469175856,-144.66666666666663
1028.3669012423354,204.55855687054571,-142.0833333333333
1024.4702129523544,209.1209926641459,-139.49999999999994
1020.3718448572793,213.5031586762078,-136.9166666666666
1016.0801271108829,217.6961479184152,-134.33333333333326
1011.6037828605128,221.6914379144202,-131.74999999999991
1006.951910516824,225.48090802223516,-129.16666666666657
1002.1339652607704,229.05685593987474,-126.58333333333324
997.1597398254402,232.4120133606992,-123.99999999999991
992.0393445917985,235.539560746639,-121.41666666666659
986.7831870387939,238.43314118927302,-118.83333333333326
981.4019505895978,241.08687333058703,-116.24999999999993
975.9065728969708,243.49536331715055,-113.6666666666666
970.3082236118952,245.6537157634143,-111.08333333333327
964.618281680658,247.55754370184485,-108.49999999999994
958.8483122165302,249.20297749967222,-105.91666666666661
955.9291776047908,249.89482511189954,-103.33333333333329
952.9947348025894,250.51856018435282,-101.99999999999996
950.0465728624702,251.07384495348697,-100.66666666666663
947.0862882661324,251.56037872280368,-99.3333333333333
944.1154840599078,251.97789802568388,-97.99999999999997
941.1357689866819,252.32617676805958,-96.66666666666664
938.1487566147325,252.60502635084777,-95.33333333333331
934.9565516539011,252.82824706682896,-93.99999999999999
931.5600069954139,252.98149321817453,-92.58333333333331
927.9606504805422,253.04955700333886,-91.08333333333331
924.1607951728984,253.01639616844503,-89.49999999999999
920.1636548512014,252.86517034834748,-87.83333333333331
915.9734641537261,252.5782872383672,-86.08333333333331
911.5956026734221,252.13745976727407,-84.24999999999999
907.0367221561881,251.5237754595197,-82.33333333333331
902.3048757941796,250.71777917767596,-80.33333333333331
897.4096484317566,249.69957042197507,-78.24999999999999
892.3186119748368,248.64063331604615,-78.24999999999999
887.0317664234201,247.54096785988918,-78.24999999999999
881.5491117775064,246.4005740535042,-78.24999999999999
875.8706480370957,245.21945189689114,-78.24999999999999
869.9963752021882,243.99760139005008,-78.24999999999999
864.1221023672807,242.775750883209,-78.24999999999999
858.2478295323732,241.55390037636795,-78.24999999999999
852.3735566974657,240.33204986952688,-78.24999999999999
846.4992838625582,239.11019936268582,-78.24999999999999
840.6250110276507,237.88834885584475,-78.24999999999999
834.7507381927431,236.6664983490037,-78.24999999999999
828.8764653578356,235.44464784216262,-78.24999999999999
823.0021925229281,234.22279733532156,-78.24999999999999
817.1279196880206,233.0009468284805,-78.24999999999999
811.2536468531131,231.77909632163943,-78.24999999999999
805.3793740182056,230.55724581479836,-78.24999999999999
799.4559993395013,229.60140460639323,-80.83333333333331
793.4955623948964,228.91351549513405,-83.41666666666664
787.5101780933375,228.4949766526693,-85.99999999999997
781.512012050617,228.34663878172665,-88.5833333333333
775.5132558621048,228.46880338701402,-91.16666666666663
769.5261023226732,228.86122216239488,-93.74999999999996
763.562720644186,229.52309749558395,-96.33333333333329
757.6352317209202,230.45308408933707,-98.91666666666661
751.7556834931952,231.64929169584025,-101.49999999999994
745.9360264592864,233.10928895874014,-104.08333333333327
740.1880893853935,234.83010835500667,-106.6666666666666
734.5235552630368,236.8082522265834,-109.24999999999993
728.9539375627479,239.0396998895657,-111.83333333333326
723.4905568323213,241.51991580645736,-114.41666666666659
718.1445176871911,244.24385880489464,-116.99999999999991
712.9266862397028,247.2059923241004,-119.58333333333324
707.8476680131549,250.40029566824208,-122.16666666666657
702.9177863855019,253.82027624381988,-124.7499999999999
698.1470616065328,257.4589827562128,-127.33333333333323
693.5451904311741,261.3090193385588,-129.91666666666657
689.1215264103133,265.3625605842528,-132.49999999999991
684.8850608792035,269.61136745250633,-135.08333333333326
680.84440468209,274.0468040146419,-137.6666666666666
676.8037484849766,278.4822405767775,-137.6666666666666
672.7630922878632,282.91767713891306,-137.6666666666666
668.7224360907497,287.35311370104864,-137.6666666666666
664.6817798936363,291.7885502631842,-137.6666666666666
660.6411236965229,296.2239868253198,-137.6666666666666
656.404658165413,300.47279369357335,-135.08333333333326
651.9809941445523,304.5263349392673,-132.49999999999991
647.3791229691935,308.37637152161335,-129.91666666666657
642.6083981902244,312.01507803400625,-127.33333333333324
637.6785165625714,315.4350586095841,-124.74999999999991
632.5994983360235,318.6293619537257,-122.16666666666659
627.3816668885353,321.5914954729315,-119.58333333333326
622.035627743405,324.3154384713688,-116.99999999999993
616.5722470129784,326.79565438826046,-114.4166666666666
611.0026293126896,329.02710205124276,-111.83333333333327
605.3380951903329,331.0052459228195,-109.24999999999994
599.59015811644,332.72606531908605,-106.66666666666661
593.7705010825312,334.18606258198594,-104.08333333333329
587.8909528548062,335.3822701884891,-101.49999999999996
581.9634639315403,336.3122567822422,-98.91666666666663
576.0000822530532,336.97413211543125,-96.3333333333333
570.0129287136216,337.3665508908121,-93.74999999999997
564.0141725251093,337.4887154960995,-91.16666666666664
558.0160064823889,337.34037762515686,-88.58333333333331
552.0306221808299,336.92183878269213,-85.99999999999999
546.070185236225,336.233949671433,-83.41666666666666
540.1468105575208,335.2781084630278,-80.83333333333333
534.2725377226133,334.05625795618676,-78.25
528.4593065072579,332.57088162783845,-75.66666666666667
522.7189326168323,330.82499858532964,-73.08333333333334
517.0630836702792,328.822157429927,-70.50000000000001
511.5032554850429,326.56642904409404,-67.91666666666669
506.05074871120155,324.06239831720313,-65.33333333333336
500.7166458622871,321.3151548265014,-62.75000000000002
495.5117887894806,318.3302824922707,-60.166666666666686
490.44675664496543,315.11384822820935,-57.58333333333335
485.5318443792315,311.6723896101031,-55.000000000000014
480.77704181603383,308.01290158785065,-52.41666666666668
476.19201334753836,304.1428222678514,-49.83333333333334
471.6069848790429,300.2727429478521,-49.83333333333334
467.02195641054743,296.40266362785286,-49.83333333333334
462.43692794205197,292.5325843078536,-49.83333333333334
457.8518994735565,288.66250498785433,-49.83333333333334
453.26687100506103,284.79242566785507,-49.83333333333334
448.68184253656557,280.9223463478558,-49.83333333333334
444.0968140680701,277.05226702785654,-49.83333333333334
439.51178559957464,273.1821877078573,-49.83333333333334
434.756983036377,269.52269968560483,-52.41666666666668
429.84207077064303,266.0812410674986,-55.000000000000014
424.7770386261279,262.8648068034372,-57.58333333333335
419.57218155332134,259.87993446920655,-60.166666666666686
414.2380787044069,257.1326909785048,-62.75000000000002
408.78557193056554,254.6286602516139,-65.33333333333336
403.2257437453293,252.37293186578088,-67.91666666666669
397.5698947987762,250.37009071037826,-70.50000000000001
391.82952090835056,248.62420766786946,-73.08333333333334
386.01628969299514,247.13883133952115,-75.66666666666667
380.14201685808763,245.91698083268008,-78.25
374.2186421793834,244.96113962427495,-80.83333333333333
368.2582052347785,244.2732505130158,-83.41666666666666
362.2728209332195,243.85471167055104,-85.99999999999999
356.28743663166057,243.43617282808628,-85.99999999999999
350.3020523301016,243.01763398562153,-85.99999999999999
344.31666802854267,242.59909514315677,-85.99999999999999
338.3312837269837,242.18055630069202,-85.99999999999999
332.34589942542476,241.76201745822726,-85.99999999999999
326.3605151238658,241.3434786157625,-85.99999999999999
320.37513082230686,240.92493977329775,-85.99999999999999
314.3897465207479,240.506400930833,-85.99999999999999
308.40436221918895,240.08786208836824,-85.99999999999999
302.41897791763,239.66932324590348,-85.99999999999999
296.43359361607105,239.25078440343873,-85.99999999999999
290.4482093145121,238.83224556097397,-85.99999999999999
284.46282501295315,238.41370671850922,-85.99999999999999
278.4774407113942,237.99516787604446,-85.99999999999999
272.4792746686738,237.84683000510182,-88.58333333333331
266.48051848016144,237.9689946103892,-91.16666666666664
260.4933649407298,238.36141338577005,-93.74999999999997
254.5299832622427,239.02328871895912,-96.3333333333333
248.60249433897684,239.95327531271224,-98.91666666666663
242.72294611125187,241.14948291921542,-101.49999999999996
236.903289077343,242.6094801821153,-104.08333333333329
231.15535200345008,244.33029957838184,-106.66666666666661
225.49081788109336,246.30844344995856,-109.24999999999994
219.82628375873665,248.28658732153528,-109.24999999999994
214.16174963637994,250.264731193112,-109.24999999999994
208.49721551402322,252.24287506468872,-109.24999999999994
202.8326813916665,254.22101893626544,-109.24999999999994
197.1681472693098,256.19916280784213,-109.24999999999994
191.50361314695309,258.17730667941885,-109.24999999999994
185.83907902459637,260.15545055099557,-109.24999999999994
180.17454490223966,262.1335944225723,-109.24999999999994
174.51001077988295,264.111738294149,-109.24999999999994
168.84547665752623,266.0898821657257,-109.24999999999994
163.2758589572374,268.32132982870803,-111.83333333333327
157.81247822681075,270.8015457455997,-114.4166666666666
152.46643908168053,273.525488744037,-116.99999999999993
147.24860763419227,276.48762226324277,-119.58333333333326
142.1695894076444,279.6819256073844,-122.16666666666659
137.23970777999142,283.10190618296224,-124.74999999999991
132.46898300102234,286.74061269535514,-127.33333333333324
127.86711182566363,290.5906492777012,-129.91666666666657
123.44344780480287,294.64419052339514,-132.49999999999991
119.20698227369306,298.8929973916487,-135.08333333333326
114.97051674258324,303.14180425990224,-135.08333333333326
110.73405121147343,307.3906111281558,-135.08333333333326
106.49758568036361,311.63941799640935,-135.08333333333326
102.2611201492538,315.8882248646629,-135.08333333333326
98.02465461814398,320.13703173291645,-135.08333333333326
93.78818908703417,324.38583860117,-135.08333333333326
89.55172355592435,328.63464546942356,-135.08333333333326
85.51106735881095,333.07008203155914,-137.6666666666666
81.67443334692743,337.6831330239999,-140.24999999999994
78.04961968543309,342.4644221722782,-142.8333333333333
74.64399400322252,347.4042312488183,-145.41666666666663
71.46447841782329,352.49251982575686,-147.99999999999997
68.51753546581945,357.7189456826532,-150.58333333333331
65.80915496739807,363.0728858276091,-153.16666666666666
63.10077446897669,368.42682597256504,-153.16666666666666
60.392393970555304,373.78076611752095,-153.16666666666666
57.68401347213392,379.13470626247687,-153.16666666666666
54.975632973712536,384.4886464074328,-153.16666666666666
52.26725247529115,389.8425865523887,-153.16666666666666
49.55887197686977,395.1965266973446,-153.16666666666666
46.85049147844838,400.5504668423005,-153.16666666666666
44.38617836276752,406.02103910376303,-155.75
42.17094147889141,411.59712424912397,-158.33333333333334
40.20928341503512,417.2673885851587,-160.91666666666669
38.505191346811586,423.02030699436784,-163.50000000000003
37.06212893308258,428.8441863603989,-166.08333333333337
35.883029275885605,434.7271893349348,-168.6666666666667
34.97028895874611,440.65735839774135,-171.25000000000006
34.325763175492476,446.62264016097106,-173.8333333333334
33.68123739223884,452.58792192420077,-173.8333333333334
33.03671160898521,458.5532036874305,-173.8333333333334
32.39218582573157,464.5184854506602,-173.8333333333334
31.747660042477936,470.4837672138899,-173.8333333333334
31.103134259224298,476.4490489771196,-173.8333333333334
30.45860847597066,482.4143307403493,-173.8333333333334
29.814082692717022,488.37961250357904,-173.8333333333334
29.439081476699222,494.36788221093065,-176.41666666666674
29.33436703807553,500.366968381869,-179.00000000000009
29.50015221457934,506.3646775508144,-181.58333333333343
29.936100038915015,512.3488190510178,-184.16666666666677
30.641324423662052,518.3072297927474,-186.7500000000001
31.614391962295468,524.2277989854229,-189.33333333333346
32.85332484266172,530.0984927534496,-191.9166666666668
34.35560486698838,535.9073785957182,-194.50000000000014
36.11817857025666,541.6426496390559,-197.08333333333348
38.13746342653344,547.2926486363311,-199.66666666666683
40.40935513064805,552.8458916604366,-202.25000000000017
42.92923594041353,558.2910914459886,-204.8333333333335
45.69198406243613,563.6171803313022,-207.41666666666686
48.69198406243614,568.8133327540088,-210.0000000000002
51.92313827892036,573.8689872545949,-212.58333333333354
55.37887921700728,578.7738679431367,-215.16666666666688
59.052182897213996,583.5180053855997,-217.75000000000023
62.93558313207261,588.0917568672502,-220.33333333333357
67.02118670155816,592.4858259919918,-222.9166666666669
71.30068939648328,596.6912815777908,-225.50000000000026
75.76539289725028,600.6995758097852,-228.0833333333336
80.40622245365408,604.5025616141775,-230.66666666666694
85.21374532980046,608.0925092176014,-233.25000000000028
90.17818997664953,611.4621218583023,-235.83333333333363
95.28946589321521,614.6045506171981,-238.41666666666697
100.5371841360516,617.5134083386761,-241.0000000000003
105.91067843533983,620.1827826128304,-243.58333333333366
111.39902687465565,622.6072477927535,-246.166666666667
116.99107409035246,624.7818760224557,-248.75000000000034
122.67545394543845,626.7022472529975,-251.33333333333368
128.44061263186188,628.3644582264772,-253.91666666666703
134.27483215424795,629.7651304096125,-256.50000000000034
140.1662541473551,630.9014168607918,-259.08333333333366
146.10290397884077,631.7710080166352,-261.66666666666697
152.07271508834626,632.3721363863076,-264.2500000000003
158.06355351343012,632.7035801440383,-266.8333333333336
164.06324255250016,632.7646656125476,-269.4166666666669
170.05958751461472,632.5552686323325,-272.0000000000002
176.04040050584865,632.0758148140275,-274.58333333333354
181.9935252018437,631.3272786733277,-277.16666666666686
187.90686155619218,630.3111816502335,-279.75000000000017
193.7683903944326,629.029589016642,-282.3333333333335
199.56619784366887,627.4851056785706,-284.9166666666668
205.28849954815823,625.6808708815449,-287.5000000000001
210.92366462164867,623.6205518299139,-290.0833333333334
216.46023928778132,621.3083362330592,-292.66666666666674
221.88697016050753,618.7489237936504,-295.25000000000006
227.19282711720172,615.9475166552467,-297.83333333333337
232.4986840738959,613.1461095168429,-297.83333333333337
237.8045410305901,610.3447023784391,-297.83333333333337
243.11039798728427,607.5432952400354,-297.83333333333337
248.53712886001048,604.9838828006266,-295.25000000000006
254.07370352614313,602.6716672037719,-292.66666666666674
259.70886859963355,600.6113481521409,-290.0833333333334
265.43117030412293,598.8071133551152,-287.5000000000001
271.22897775335923,597.2626300170438,-284.9166666666668
277.09050659159965,595.9810373834523,-282.3333333333335
283.0038429459481,594.9649403603581,-279.75000000000017
288.95696764194315,594.2164042196583,-277.16666666666686
294.9377806331771,593.7369504013533,-274.58333333333354
300.9341255952917,593.5275534211382,-272.0000000000002
306.9338146343617,593.5886388896475,-269.4166666666669
312.9246530594456,593.9200826473782,-266.8333333333336
318.89446416895106,594.5212110170506,-264.2500000000003
324.83111400043674,595.390802172894,-261.66666666666697
330.7225359935439,596.5270886240733,-259.08333333333366
336.55675551593,597.9277608072086,-256.50000000000034
342.3219142023534,599.5899717806883,-253.916666666667
348.0062940574394,601.5103430112301,-251.33333333333366
353.5983412731362,603.6849712409323,-248.7500000000003
359.086689712452,606.1094364208554,-246.16666666666697
364.46018401174024,608.7788106950097,-243.58333333333363
369.70790225457665,611.6876684164877,-241.00000000000028
374.8191781711423,614.8300971753836,-238.41666666666694
379.7836228179914,618.1997098160845,-235.8333333333336
384.59114569413777,621.7896574195084,-233.25000000000026
389.23197525054155,625.5926432239007,-230.6666666666669
393.87280480694534,629.395629028293,-230.6666666666669
398.5136343633491,633.1986148326853,-230.6666666666669
403.1544639197529,637.0016006370776,-230.6666666666669
407.7952934761567,640.8045864414698,-230.6666666666669
412.4361230325605,644.6075722458621,-230.6666666666669
416.90082653332746,648.6158664778565,-228.08333333333357
421.18032922825256,652.8213220636555,-225.50000000000023
425.45983192317766,657.0267776494546,-225.50000000000023
429.92453542394463,661.035071881449,-228.08333333333357
434.5653649803484,664.8380576858412,-230.6666666666669
439.3728878564948,668.4280052892652,-233.25000000000026
444.3373325033439,671.7976179299661,-235.8333333333336
449.44860841990953,674.940046688862,-238.41666666666694
454.69632666274595,677.84890441034,-241.00000000000028
460.06982096203416,680.5182786844942,-243.58333333333363
465.55816940134997,682.9427438644174,-246.16666666666697
471.1502166170468,685.1173720941196,-248.7500000000003
476.8345964721328,687.0377433246614,-251.33333333333366
482.5997551585562,688.699954298141,-253.916666666667
488.4339746809423,690.1006264812764,-256.50000000000034
494.32539667404944,691.2369129324557,-259.08333333333366
500.2620465055351,692.1065040882991,-261.66666666666697
506.2318576150406,692.7076324579715,-264.2500000000003
512.2226960401244,693.0390762157022,-266.8333333333336
518.2223850791945,693.1001616842115,-269.4166666666669
524.2187300413091,692.8907647039964,-272.0000000000002
530.199543032543,692.4113108856914,-274.58333333333354
536.1526677285381,691.6627747449916,-277.16666666666686
542.0660040828865,690.6466777218974,-279.75000000000017
547.927532921127,689.3650850883059,-282.3333333333335
553.7253403703633,687.8206017502345,-284.9166666666668
559.4476420748526,686.0163669532088,-287.5000000000001
565.082807148343,683.9560479015778,-290.0833333333334
570.6193818144757,681.6438323047231,-292.66666666666674
576.0461126872019,679.0844198653143,-295.25000000000006
581.3519696438962,676.2830127269106,-297.83333333333337
586.6578266005904,673.4816055885068,-297.83333333333337
591.9636835572846,670.680198450103,-297.83333333333337
597.2695405139789,667.8787913116993,-297.83333333333337
602.5753974706731,665.0773841732955,-297.83333333333337
607.8812544273674,662.2759770348918,-297.83333333333337
613.1871113840616,659.474569896488,-297.83333333333337
618.4929683407559,656.6731627580842,-297.83333333333337
623.7988252974501,653.8717556196805,-297.83333333333337
629.1046822541443,651.0703484812767,-297.83333333333337
634.4105392108386,648.268941342873,-297.83333333333337
639.7163961675328,645.4675342044692,-297.83333333333337
645.0222531242271,642.6661270660654,-297.83333333333337
650.3281100809213,639.8647199276617,-297.83333333333337
655.6339670376155,637.0633127892579,-297.83333333333337
660.9398239943098,634.2619056508541,-297.83333333333337
666.245680951004,631.4604985124504,-297.83333333333337
671.5515379076983,628.6590913740466,-297.83333333333337
676.8573948643925,625.8576842356429,-297.83333333333337
682.1632518210868,623.0562770972391,-297.83333333333337
687.469108777781,620.2548699588353,-297.83333333333337
692.7749657344752,617.4534628204316,-297.83333333333337
698.0808226911695,614.6520556820278,-297.83333333333337
703.3866796478637,611.8506485436241,-297.83333333333337
708.692536604558,609.0492414052203,-297.83333333333337
713.9983935612522,606.2478342668165,-297.83333333333337
719.3042505179465,603.4464271284128,-297.83333333333337
724.6101074746407,600.645019990009,-297.83333333333337
729.9159644313349,597.8436128516053,-297.83333333333337
735.2218213880292,595.0422057132015,-297.83333333333337
740.5276783447234,592.2407985747977,-297.83333333333337
745.8335353014177,589.439391436394,-297.83333333333337
751.1393922581119,586.6379842979902,-297.83333333333337
756.4452492148062,583.8365771595865,-297.83333333333337
761.7511061715004,581.0351700211827,-297.83333333333337
767.0569631281946,578.2337628827789,-297.83333333333337
772.3628200848889,575.4323557443752,-297.83333333333337
777.6686770415831,572.6309486059714,-297.83333333333337
782.9745339982774,569.8295414675677,-297.83333333333337
788.2803909549716,567.0281343291639,-297.83333333333337
793.5862479116659,564.2267271907601,-297.83333333333337
798.8921048683601,561.4253200523564,-297.83333333333337
804.1979618250543,558.6239129139526,-297.83333333333337
809.5038187817486,555.8225057755488,-297.83333333333337
814.8096757384428,553.0210986371451,-297.83333333333337
820.1155326951371,550.2196914987413,-297.83333333333337
825.5422635678633,547.6602790593325,-295.25000000000006
831.078838233996,545.3480634624779,-292.66666666666674
836.7140033074863,543.2877444108468,-290.0833333333334
842.4363050119757,541.4835096138212,-287.5000000000001
848.234112461212,539.9390262757497,-284.9166666666668
854.0956412994525,538.6574336421583,-282.3333333333335
860.0089776538009,537.6413366190641,-279.75000000000017
865.9621023497959,536.8928004783643,-277.16666666666686
871.9429153410299,536.4133466600592,-274.58333333333354
877.9392603031445,536.2039496798442,-272.0000000000002
883.9389493422145,536.2650351483535,-269.4166666666669
889.9297877672984,536.5964789060841,-266.8333333333336
895.8995988768039,537.1976072757566,-264.2500000000003
901.8362487082895,538.0671984316,-261.66666666666697
907.7276707013967,539.2034848827792,-259.08333333333366
913.5618902237828,540.6041570659146,-256.50000000000034
919.3961097461689,542.00482924905,-256.50000000000034
925.230329268555,543.4055014321854,-256.50000000000034
931.0645487909411,544.8061736153207,-256.50000000000034
936.8987683133272,546.2068457984561,-256.50000000000034
942.7329878357133,547.6075179815915,-256.50000000000034
948.5672073580994,549.0081901647269,-256.50000000000034
954.4014268804855,550.4088623478623,-256.50000000000034
960.2356464028716,551.8095345309977,-256.50000000000034
966.0698659252577,553.210206714133,-256.50000000000034
971.9040854476438,554.6108788972684,-256.50000000000034
977.7383049700298,556.0115510804038,-256.50000000000034
983.5725244924159,557.4122232635392,-256.50000000000034
989.406744014802,558.8128954466746,-256.50000000000034
995.2409635371881,560.21356762981,-256.50000000000034
1001.0751830595742,561.6142398129454,-256.50000000000034
1006.9094025819603,563.0149119960807,-256.50000000000034
1012.7436221043464,564.4155841792161,-256.50000000000034
1018.5778416267325,565.8162563623515,-256.50000000000034
1024.4120611491185,567.2169285454869,-256.50000000000034
1030.2462806715046,568.6176007286223,-256.50000000000034
1036.0805001938907,570.0182729117577,-256.50000000000034
1041.9147197162767,571.418945094893,-256.50000000000034
1047.7489392386628,572.8196172780284,-256.50000000000034
1053.583158761049,574.2202894611638,-256.50000000000034
1059.474580754156,575.356575912343,-259.08333333333366
1065.4112305856418,576.2261670681864,-261.66666666666697
1071.3810416951471,576.8272954378589,-264.2500000000003
1077.371880120231,577.1587391955895,-266.8333333333336
1083.371569159301,577.2198246640988,-269.4166666666669
1089.3679141214157,577.0104276838838,-272.0000000000002
1095.3487271126496,576.5309738655787,-274.58333333333354
1101.3018518086446,575.782437724879,-277.16666666666686
1107.2151881629932,574.7663407017848,-279.75000000000017
1113.1285245173417,573.7502436786906,-279.75000000000017
1119.0418608716902,572.7341466555964,-279.75000000000017
1124.9551972260388,571.7180496325022,-279.75000000000017
1130.8685335803873,570.7019526094081,-279.75000000000017
1136.7818699347358,569.6858555863139,-279.75000000000017
1142.6952062890844,568.6697585632197,-279.75000000000017
1148.5567351273248,567.3881659296283,-282.3333333333335
1154.354542576561,565.8436825915568,-284.9166666666668
1160.0768442810504,564.0394477945312,-287.5000000000001
1165.712009354541,561.9791287429001,-290.0833333333334
1171.2485840206734,559.6669131460454,-292.66666666666674
1176.6753148933997,557.1075007066366,-295.25000000000006
1181.981171850094,554.3060935682329,-297.83333333333337
1187.1553704508717,551.2683857416456,-300.4166666666667
1192.1873938585443,548.0005515315554,-303.0
1197.0670142146564,544.5092329869054,-305.5833333333333
1201.7843134281588,540.801526400579,-308.16666666666663
1206.3297033344631,536.8849678858027,-310.74999999999994
1210.8750932407675,532.9684093710264,-310.74999999999994
1215.4204831470718,529.0518508562501,-310.74999999999994
1219.965873053376,525.1352923414738,-310.74999999999994
1224.5112629596804,521.2187338266975,-310.74999999999994
1229.0566528659847,517.3021753119212,-310.74999999999994
1233.602042772289,513.385616797145,-310.74999999999994
1237.9662846217273,509.26816696993257,-313.33333333333326
1242.1405078578086,504.95819476870463,-315.9166666666666
1246.1162281471031,500.4644604439706,-318.4999999999999
1249.8853646241053,495.79609775264805,-321.0833333333332
1253.4402563160288,490.96259539321005,-323.6666666666665
1256.7736777141465,485.9737777193948,-326.24999999999983
1259.8788534600249,480.83978477167767,-328.83333333333314
1262.7494721168055,475.57105166709334,-331.41666666666646
1265.37969899754,470.17828738929836,-333.9999999999998
1268.0099258782743,464.7855231115034,-333.9999999999998
1270.6401527590087,459.3927588337084,-333.9999999999998
1273.2703796397432,453.9999945559134,-333.9999999999998
1275.9006065204776,448.60723027811844,-333.9999999999998
1278.530833401212,443.21446600032345,-333.9999999999998
1281.1610602819464,437.8217017225285,-333.9999999999998
1283.7912871626809,432.4289374447335,-333.9999999999998
1286.4215140434153,427.0361731669385,-333.9999999999998
1288.8060030703807,421.5303387996258,-336.5833333333331
1290.9399076412699,415.92262524753187,-339.1666666666664
1292.8188904801725,410.22443049032063,-341.7499999999997
1294.4391324533206,404.447336415576,-344.33333333333303
1295.7973403316844,398.6030852779921,-346.91666666666634
1297.1555482100482,392.75883414040817,-346.91666666666634
1298.513756088412,386.91458300282426,-346.91666666666634
1299.8719639667759,381.07033186524035,-346.91666666666634
1301.2301718451397,375.22608072765644,-346.91666666666634
1302.5883797235035,369.3818295900725,-346.91666666666634
1303.9465876018673,363.5375784524886,-346.91666666666634
1305.3047954802312,357.6933273149047,-346.91666666666634
1306.3982086331841,351.793797869521,-349.49999999999966
1307.2246046396333,345.85098122751316,-352.083333333333
1307.7823038052097,339.8769564836143,-354.6666666666663
1308.0701725763379,333.8838661647046,-357.2499999999996
1308.087625844244,327.8838915494717,-359.8333333333329
1307.8346281342217,321.8892279093061,-362.41666666666623
1307.3116936777358,315.9120597207556,-364.99999999999955
1306.519885367219,309.96453589992086,-367.58333333333286
1305.7280770567024,304.0170120790861,-367.58333333333286
1304.9362687461858,298.06948825825134,-367.58333333333286
1304.144460435669,292.1219644374166,-367.58333333333286
1303.3526521251524,286.1744406165818,-367.58333333333286
1302.5608438146357,280.22691679574706,-367.58333333333286
1301.769035504119,274.2793929749123,-367.58333333333286
1300.9772271936024,268.33186915407754,-367.58333333333286
1299.91815442207,262.42607836328597,-370.1666666666662
1298.5939698119412,256.5740244402349,-372.7499999999995
1297.007364839718,250.78760199954525,-375.3333333333328
1295.1615643654154,245.07857225631707,-377.9166666666661
1293.0603200778587,239.45853912082666,-380.49999999999943
1290.7079028691746,233.93892561295434,-383.08333333333275
1288.1090941539728,228.53095064428155,-385.66666666666606
1285.2691761508638,223.2456062150492,-388.2499999999994
1282.4292581477548,217.96026178581687,-388.2499999999994
1279.5893401446458,212.67491735658453,-388.2499999999994
1276.7494221415368,207.3895729273522,-388.2499999999994
1273.9095041384278,202.10422849811985,-388.2499999999994
1271.0695861353188,196.8188840688875,-388.2499999999994
1268.2296681322098,191.53353963965517,-388.2499999999994
1265.1544131274106,186.38156849693146,-390.8333333333327
1261.8500717422628,181.3734422994001,-393.416666666666
1258.323360228508,176.51934033315038,-395.9999999999993
1254.5814468171445,171.82912882173022,-398.58333333333263
1250.6319371486122,167.31234087251568,-401.16666666666595
1246.4828588139187,162.9781571001571,-403.74999999999926
1242.1426450381284,158.83538696648554,-406.3333333333326
1237.6201175393792,154.89245087480748,-408.9166666666659
1232.9244685982646,151.1573630549817,-411.4999999999992
1228.0652423740296,147.63771527406578,-414.0833333333325
1223.052315505552,144.34066140564087,-416.66666666666583
1217.8958770365434,141.27290288917848,-419.24999999999915
1212.6064077057686,138.44067510900405,-421.83333333333246
1207.19465864438,135.84973472054264,-424.4166666666658
1201.6716295236654,133.50534794960691,-426.9999999999991
1196.0485461976232,131.41227988850963,-429.5833333333324
1190.3368378858102,129.57478481075708,-432.1666666666657
1184.5481139428373,127.99659752400913,-434.74999999999903
1178.694140261732,126.68092577888162,-437.33333333333235
1172.7868153591269,125.63044374902051,-439.91666666666566
1166.8381461908841,124.8472865957001,-442.499999999999
1160.8602237473112,124.33304612799267,-445.0833333333323
1154.865198477573,124.08876756733099,-447.6666666666656
1148.8652555932485,124.11494742303935,-450.2499999999989
1142.872590301234,124.41153248315176,-452.83333333333223
1136.8993830163265,124.97791992256802,-455.41666666666555
1130.9577746038772,125.8129585283283,-457.99999999999886
1125.0598417028273,126.91495103951534,-460.5833333333322
1119.2175721792903,128.28165759702875,-463.1666666666655
1113.4428407605683,129.91030029621908,-465.7499999999988
1107.74738489913,131.79756883312865,-468.3333333333321
1102.1427809156064,133.93962723286248,-470.91666666666544
1096.6404204692956,136.33212164641384,-473.49999999999875
1091.2514874040028,138.97018920009663,-476.08333333333206
1085.9869350162753,141.848467879598,-478.6666666666654
1080.8574637922375,144.961107428561,-481.2499999999987
1075.8734996582773,148.30178123954568,-483.833333333332
1071.0451727897891,151.8636992131991,-486.4166666666653
1066.3822970210472,155.63962155949804,-488.99999999999864
1061.894349898059,159.62187351301162,-491.58333333333195
1057.5904534149433,163.80236093227543,-494.16666666666526
1053.4793554729852,168.17258675156972,-496.7499999999986
1049.5694121000563,172.72366825166284,-499.3333333333319
1045.8685704665388,177.44635511441624,-501.9166666666652
1042.1677288330213,182.16904197716963,-501.9166666666652
1038.4668871995038,186.89172883992302,-501.9166666666652
1034.7660455659864,191.6144157026764,-501.9166666666652
1031.0652039324689,196.3371025654298,-501.9166666666652
1027.3643622989514,201.0597894281832,-501.9166666666652
1023.4544189260225,205.6108709282763,-499.3333333333319
1019.3433209840642,209.9810967475706,-496.7499999999986
1015.0394245009484,214.16158416683442,-494.16666666666526
1010.5514773779603,218.143836120348,-491.58333333333195
1005.8886016092183,221.91975846664693,-488.99999999999864
1001.0602747407302,225.48167644030036,-486.4166666666653
996.07631060677,228.82235025128503,-483.833333333332
990.9468393827323,231.93498980024805,-481.2499999999987
985.6822869950047,234.8132684797494,-478.6666666666654
980.2933539297119,237.4513360334322,-476.08333333333206
974.790993483401,239.84383044698356,-473.49999999999875
969.1863894998774,241.9858888467174,-470.91666666666544
963.4909336384391,243.87315738362696,-468.3333333333321
960.603567929078,244.68747873322212,-465.7499999999988
957.6980355914928,245.43439361140207,-464.4166666666655
954.7759100227008,246.11349755058387,-463.0833333333322
951.8387736052471,246.72442280400435,-461.74999999999886
948.8882168503158,247.2668385448614,-460.41666666666555
945.9258375364408,247.74045104546252,-459.08333333333223
942.9532398442801,248.14500383628362,-457.7499999999989
939.9720334879239,248.48027784485174,-456.4166666666656
936.9838328432058,248.74609151437664,-455.0833333333323
933.9902560734901,248.94230090206702,-453.749999999999
930.9929242534073,249.0687997570781,-452.41666666666566
927.793496240188,249.12930089944632,-451.08333333333235
924.3935537788717,249.10952061283928,-449.66666666666566
920.7953965570256,248.99434853776773,-448.16666666666566
917.0021509271958,248.7678808981869,-446.58333333333235
913.017883400905,248.41346267215357,-444.91666666666566
908.8477182880885,247.913739817115,-443.16666666666566
904.4979587223012,247.2507226832172,-441.33333333333235
899.9762101648296,246.4058617579736,-439.41666666666566
895.2915053202911,245.36013688040876,-437.41666666666566
890.4544292229768,244.09416103988468,-435.33333333333235
885.42387008177,242.77754616573964,-435.33333333333235
880.1998278966706,241.41029225797362,-435.33333333333235
874.7823026676787,239.99239931658664,-435.33333333333235
869.1712943947941,238.5238673415787,-435.33333333333235
863.366803078017,237.00469633294978,-435.33333333333235
857.5623117612399,235.48552532432086,-435.33333333333235
851.7578204444628,233.96635431569194,-435.33333333333235
845.9533291276857,232.44718330706303,-435.33333333333235
840.1488378109086,230.9280122984341,-435.33333333333235
834.3443464941315,229.4088412898052,-435.33333333333235
828.4772814683836,228.15283651925455,-437.91666666666566
822.5595678591602,227.16255088409036,-440.499999999999
816.6032337379289,226.4399971931743,-443.0833333333323
810.6203856744271,225.98664407577894,-445.6666666666656
804.6231841294068,225.80341299651988,-448.2499999999989
798.6238187378442,225.89067638242926,-450.83333333333223
792.6344835328498,226.24825686597774,-453.41666666666555
786.6673521606401,226.87542764558353,-455.99999999999886
780.7345531369463,227.77091396287585,-458.5833333333322
774.8481451951529,228.93289569370978,-461.1666666666655
769.0200927762734,230.35901104766668,-463.7499999999988
763.2622417105792,232.04636136852034,-466.3333333333321
757.5862951403129,233.99151702591172,-468.91666666666544
752.0037897324207,236.19052438625738,-471.49999999999875
746.5260722296565,238.63891384872247,-474.08333333333206
741.164276387716,241.33170892992513,-476.6666666666654
735.9293003452791,244.26343637890673,-479.2499999999987
730.8317844729565,247.42813730180922,-481.833333333332
725.8820897461636,250.8193792736475,-484.4166666666653
721.0902766858798,254.43026941255968,-486.99999999999864
716.4660849100985,258.2534683899603,-489.58333333333195
712.0189133375294,262.28120534812086,-492.16666666666526
707.7578010837896,266.50529369485656,-494.7499999999986
703.4966888300497,270.72938204159226,-494.7499999999986
699.2355765763099,274.95347038832796,-494.7499999999986
694.97446432257,279.17755873506366,-494.7499999999986
690.7133520688302,283.40164708179935,-494.7499999999986
686.4522398150904,287.62573542853505,-494.7499999999986
682.1911275613505,291.84982377527075,-494.7499999999986
677.9300153076107,296.07391212200645,-494.7499999999986
673.6689030538708,300.29800046874215,-494.7499999999986
669.407790800131,304.52208881547784,-494.7499999999986
665.1466785463912,308.74617716221354,-494.7499999999986
660.699506973822,312.7739141203741,-492.16666666666526
656.0753151980408,316.59711309777475,-489.58333333333195
651.283502137757,320.2080032366869,-486.99999999999864
646.333807410964,323.59924520852525,-484.4166666666653
641.2362915386415,326.7639461314277,-481.833333333332
636.0013154962046,329.69567358040933,-479.2499999999987
630.6395196542641,332.38846866161197,-476.6666666666654
625.1618021514998,334.8368581240771,-474.08333333333206
619.5792967436076,337.03586548442274,-471.49999999999875
613.9033501733413,338.98102114181415,-468.91666666666544
608.1454991076472,340.66837146266784,-466.3333333333321
602.3174466887676,342.09448681662474,-463.7499999999988
596.4310387469743,343.25646854745867,-461.1666666666655
590.4982397232804,344.15195486475096,-458.5833333333322
584.5311083510708,344.7791256443568,-455.99999999999886
578.5417731460764,345.13670612790526,-453.41666666666555
572.5424077545138,345.2239695138146,-450.83333333333223
566.5452062094935,345.0407384345556,-448.2499999999989
560.5623581459917,344.5873853171602,-445.6666666666656
554.6060240247604,343.86483162624415,-443.0833333333323
548.688310415537,342.87454599107997,-440.499999999999
542.821245389789,341.6185412205293,-437.91666666666566
537.016754073012,340.0993702119004,-435.33333333333235
531.2866344062688,338.3201207620469,-432.74999999999903
525.6425331662409,336.28440929125446,-430.1666666666657
520.0959222925267,333.9963734926721,-427.5833333333324
514.6580755703068,331.4606639222278,-424.9999999999991
509.3400457157694,328.6824345461235,-422.4166666666658
504.1526419108691,325.66733226512116,-419.83333333333246
499.10640783308276,322.42148543691314,-417.24999999999915
494.06017375529643,319.1756386087051,-417.24999999999915
489.0139396775101,315.9297917804971,-417.24999999999915
483.9677055997238,312.6839449522891,-417.24999999999915
478.92147152193746,309.4380981240811,-417.24999999999915
473.87523744415114,306.19225129587306,-417.24999999999915
468.8290033663648,302.94640446766505,-417.24999999999915
463.7827692885785,299.70055763945703,-417.24999999999915
458.73653521079217,296.454710811249,-417.24999999999915
453.69030113300585,293.208863983041,-417.24999999999915
448.6440670552195,289.963017154833,-417.24999999999915
443.5978329774332,286.71717032662497,-417.24999999999915
438.5515988996469,283.47132349841695,-417.24999999999915
433.50536482186055,280.22547667020893,-417.24999999999915
428.45913074407423,276.9796298420009,-417.24999999999915
423.4128966662879,273.7337830137929,-417.24999999999915
418.3666625885016,270.4879361855849,-417.24999999999915
413.17925878360126,267.47283390458256,-419.83333333333246
407.8612289290639,264.69460452847824,-422.4166666666658
402.42338220684405,262.15889495803395,-424.9999999999991
396.87677133312974,259.8708591594516,-427.5833333333324
391.2326700931019,257.83514768865916,-430.1666666666657
385.5025504263588,256.05589823880564,-432.74999999999903
379.69805910958166,254.53672723017672,-435.33333333333235
373.8309940838338,253.28072245962608,-437.91666666666566
367.9639290580859,252.02471768907543,-437.91666666666566
362.09686403233803,250.76871291852478,-437.91666666666566
356.22979900659016,249.51270814797414,-437.91666666666566
350.3627339808423,248.2567033774235,-437.91666666666566
344.4956689550944,247.00069860687285,-437.91666666666566
338.6286039293465,245.7446938363222,-437.91666666666566
332.76153890359865,244.48868906577155,-437.91666666666566
326.89447387785077,243.2326842952209,-437.91666666666566
321.0274088521029,241.97667952467026,-437.91666666666566
315.1096952428795,240.98639388950608,-440.499999999999
309.1533611216483,240.26384019859,-443.0833333333323
303.1705130581464,239.81048708119465,-445.6666666666656
297.1733115131261,239.6272560019356,-448.2499999999989
291.17394612156346,239.71451938784497,-450.83333333333223
285.1745807300008,239.80178277375435,-450.83333333333223
279.17521533843814,239.88904615966374,-450.83333333333223
273.1758499468755,239.97630954557312,-450.83333333333223
267.1764845553128,240.0635729314825,-450.83333333333223
261.17711916375015,240.15083631739188,-450.83333333333223
255.17775377218751,240.23809970330126,-450.83333333333223
249.17838838062488,240.32536308921064,-450.83333333333223
243.18905317563048,240.68294357275911,-453.41666666666555
237.22192180342083,241.3101143523649,-455.99999999999886
231.28912277972702,242.20560066965723,-458.5833333333322
225.40271483793364,243.36758240049116,-461.1666666666655
219.57466241905405,244.79369775444806,-463.7499999999988
213.81681135335992,246.48104807530171,-466.3333333333321
208.14086478309358,248.4262037326931,-468.91666666666544
202.55835937520138,250.62521109303876,-471.49999999999875
196.97585396730918,252.82421845338442,-471.49999999999875
191.39334855941698,255.02322581373008,-471.49999999999875
185.81084315152478,257.22223317407577,-471.49999999999875
180.22833774363258,259.42124053442143,-471.49999999999875
174.64583233574038,261.6202478947671,-471.49999999999875
169.06332692784818,263.81925525511275,-471.49999999999875
163.48082151995598,266.0182626154584,-471.49999999999875
157.89831611206378,268.2172699758041,-471.49999999999875
152.31581070417158,270.41627733614973,-471.49999999999875
146.83809320140733,272.86466679861485,-474.08333333333206
141.4762973594668,275.5574618798175,-476.6666666666654
136.24132131702996,278.4891893287991,-479.2499999999987
131.14380544470743,281.65389025170157,-481.833333333332
126.19411071791444,285.0451322235399,-484.4166666666653
121.4022976576306,288.65602236245206,-486.99999999999864
116.77810588184936,292.4792213398527,-489.58333333333195
112.3309343092802,296.5069582980133,-492.16666666666526
107.88376273671103,300.53469525617385,-492.16666666666526
103.43659116414187,304.5624322143344,-492.16666666666526
98.98941959157271,308.590169172495,-492.16666666666526
94.54224801900355,312.61790613065557,-492.16666666666526
90.09507644643439,316.64564308881614,-492.16666666666526
85.64790487386523,320.6733800469767,-492.16666666666526
81.20073330129607,324.7011170051373,-492.16666666666526
76.75356172872691,328.72885396329787,-492.16666666666526
72.30639015615775,332.75659092145844,-492.16666666666526
68.04527790241792,336.98067926819414,-494.7499999999986
63.978885907543415,341.392533316553,-497.3333333333319
60.115479332162046,345.9831857356869,-499.9166666666652
56.4629107581096,350.7433057774342,-502.4999999999985
53.02860422763452,355.66321824156773,-505.08333333333184
49.819540153632396,360.7329231411599,-507.66666666666515
46.842241131581005,365.9421160280947,-510.24999999999847
44.10275868201387,371.2802089374129,-512.8333333333318
41.60666095047901,376.7363519079212,-515.4166666666652
39.35902138998339,382.29945503532184,-517.9999999999985
37.364408448926575,387.9582110130407,-520.5833333333319
35.62687628548341,393.7011181149361,-523.1666666666653
34.14995652730932,399.5165035731766,-525.7499999999986
32.936651093316954,405.39254730376985,-528.333333333332
31.989426092114442,411.31730593151974,-530.9166666666654
31.310206809506873,417.27873706557926,-533.4999999999987
30.900373795249244,423.26472377625817,-536.0833333333321
30.760760057004777,429.2630992233349,-538.6666666666655
30.62114631876031,435.26147467041164,-538.6666666666655
30.481532580515843,441.2598501174884,-538.6666666666655
30.341918842271376,447.2582255645651,-538.6666666666655
30.20230510402691,453.25660101164186,-538.6666666666655
30.06269136578244,459.2549764587186,-538.6666666666655
29.923077627537975,465.25335190579534,-538.6666666666655
29.783463889293508,471.2517273528721,-538.6666666666655
29.64385015104904,477.2501027999488,-538.6666666666655
29.504236412804573,483.24847824702556,-538.6666666666655
29.364622674560106,489.2468536941023,-538.6666666666655
29.22500893631564,495.24522914117904,-538.6666666666655
29.085395198071172,501.2436045882558,-538.6666666666655
28.945781459826705,507.2419800353325,-538.6666666666655
29.07667077003395,513.240552197812,-541.2499999999989
29.477797089123996,519.2271286548644,-543.8333333333322
30.148345106260237,525.1895413675768,-546.4166666666656
31.08695189650152,531.1156714111477,-548.999999999999
32.291709691020465,536.9934736072535,-551.5833333333323
33.76016975474631,542.8110010065221,-554.1666666666657
35.48934736355075,548.556429171351,-556.7499999999991
37.47572787086041,554.2180802097126,-559.3333333333325
39.71527385136518,559.7844465110986,-561.9166666666658
42.20343330730254,565.2442141363579,-564.4999999999992
44.93514892063799,570.586285813887,-567.0833333333326
47.90486833233625,575.799803495432,-569.666666666666
51.10655542782986,580.8741704256558,-572.2499999999993
54.533702605746974,585.7990726806142,-574.8333333333327
58.17934400496147,590.5645001313612,-577.4166666666661
62.03606966308066,595.1607667900752,-579.9999999999994
66.09604057759273,599.5785304973501,-582.5833333333328
70.35100463906136,603.8088119106382,-585.1666666666662
74.79231340398232,607.8430127552461,-587.7499999999995
79.41093967321049,611.6729333007921,-590.3333333333329
84.19749584022807,615.2907890275985,-592.9166666666663
89.14225297196015,618.6892264491476,-595.4999999999997
94.23516058335488,621.8613380584384,-598.083333333333
99.46586706553543,624.8006763678669,-600.6666666666664
104.82374072600224,627.5012670140916,-603.2499999999998
110.29789139812031,629.9576209012481,-605.8333333333331
115.87719257596918,632.1647453578328,-608.4166666666665
121.55030402956507,634.1181542845758,-610.9999999999999
127.30569485448889,635.8138772726793,-613.5833333333333
133.13166690907013,637.2484676738874,-616.1666666666666
139.0163785914895,638.4190096059841,-618.75
144.94786890847217,639.323123879481,-621.3333333333334
150.91408178665037,639.9589728334478,-623.9166666666667
156.90289057718158,640.3252640706569,-626.5000000000001
162.90212270381502,640.421253084451,-629.0833333333335
168.89958440430823,640.2467447719923,-631.6666666666669
174.88308551490513,639.8020938308199,-634.2500000000002
180.8404642475002,639.0882040379078,-636.8333333333336
186.7596119091273,638.1065264126894,-639.416666666667
192.62849751353014,636.8590562677828,-642.0000000000003
198.43519223478933,635.3483291534102,-644.5833333333337
204.16789365330334,633.5774157037556,-647.1666666666671
209.81494974484156,631.5499153957356,-649.7500000000005
215.36488256391084,629.2699492328688,-652.3333333333338
220.8064115732976,626.7421513691143,-654.9166666666672
226.1284765723669,623.971659689704,-657.5000000000006
231.32026017751568,620.964105368115,-660.0833333333339
236.3712098090872,617.725601420406,-662.6666666666673
241.27105914005722,614.2627302801825,-665.2500000000007
246.17090847102725,610.799859139959,-665.2500000000007
251.07075780199727,607.3369879997356,-665.2500000000007
255.9706071329673,603.8741168595121,-665.2500000000007
261.0215567645388,600.635612911803,-662.6666666666673
266.21334036968756,597.6280585902141,-660.0833333333339
271.53540536875687,594.8575669108038,-657.5000000000006
276.9769343781436,592.3297690470492,-654.9166666666672
282.5268671972129,590.0498028841824,-652.3333333333338
288.1739232887511,588.0223025761625,-649.7500000000005
293.9066247072651,586.2513891265079,-647.1666666666671
299.7133194285243,584.7406620121353,-644.5833333333337
305.5822050329271,583.4931918672287,-642.0000000000003
311.5013526945542,582.5115142420103,-639.416666666667
317.45873142714925,581.7976244490982,-636.8333333333336
323.4422325377462,581.3529735079258,-634.2500000000002
329.4396942382394,581.1784651954671,-631.6666666666669
335.4389263648728,581.2744542092612,-629.0833333333335
341.42773515540404,581.6407454464703,-626.5000000000001
347.39394803358226,582.276594400437,-623.9166666666667
353.3254383505649,583.180708673934,-621.3333333333334
359.2101500329843,584.3512506060307,-618.75
365.03612208756556,585.7858410072388,-616.1666666666666
370.7915129124894,587.4815639953423,-613.5833333333333
376.4646243660853,589.4349729220853,-610.9999999999999
382.0439255439341,591.64209737867,-608.4166666666665
387.5180762160522,594.0984512658265,-605.8333333333331
392.875949876519,596.7990419120512,-603.2499999999998
398.1066563586995,599.7383802214797,-600.6666666666664
403.19956397009423,602.9104918307705,-598.083333333333
408.14432110182634,606.3089292523196,-595.4999999999997
412.9308772688439,609.926784979126,-592.9166666666663
417.5495035380721,613.7567055246719,-590.3333333333329
421.99081230299305,617.7909063692799,-587.7499999999995
426.2457763644617,622.021187782568,-585.1666666666662
430.30574727897374,626.4389514898429,-582.5833333333328
434.3657181934858,630.8567151971179,-582.5833333333328
438.62068225495443,635.0869966104059,-585.1666666666662
443.0619910198754,639.1211974550139,-587.7499999999995
447.68061728910357,642.9511180005599,-590.3333333333329
452.46717345612115,646.5689737273663,-592.9166666666663
457.41193058785325,649.9674111489153,-595.4999999999997
462.50483819924796,653.1395227582061,-598.083333333333
467.7355446814285,656.0788610676346,-600.6666666666664
473.0934183418953,658.7794517138593,-603.2499999999998
478.5675690140134,661.2358056010158,-605.8333333333331
484.1468701918622,663.4429300576005,-608.4166666666665
489.8199816454581,665.3963389843435,-610.9999999999999
495.5753724703819,667.092061972447,-613.5833333333333
501.4013445249632,668.5266523736551,-616.1666666666666
507.28605620738256,669.6971943057519,-618.75
513.2175465243653,670.6013085792488,-621.3333333333334
519.1837594025435,671.2371575332155,-623.9166666666667
525.1725681930747,671.6034487704246,-626.5000000000001
531.1718003197082,671.6994377842187,-629.0833333333335
537.1692620202014,671.5249294717601,-631.6666666666669
543.1527631307982,671.0802785305876,-634.2500000000002
549.1101418633933,670.3663887376755,-636.8333333333336
555.0292895250204,669.3847111124571,-639.416666666667
560.8981751294233,668.1372409675505,-642.0000000000003
566.7048698506825,666.6265138531779,-644.5833333333337
572.4375712691965,664.8556004035233,-647.1666666666671
578.0846273607347,662.8281000955034,-649.7500000000005
583.6345601798039,660.5481339326366,-652.3333333333338
589.0760891891906,658.020336068882,-654.9166666666672
594.3981541882599,655.2498443894717,-657.5000000000006
599.5899377934087,652.2422900678828,-660.0833333333339
604.7817213985575,649.2347357462938,-660.0833333333339
609.9735050037062,646.2271814247049,-660.0833333333339
612.5693968062807,644.7234042639104,-660.0833333333339
615.1652886088551,643.219627103116,-660.0833333333339
617.7611804114296,641.7158499423215,-660.0833333333339
620.357072214004,640.212072781527,-660.0833333333339
622.9529640165784,638.7082956207325,-660.0833333333339
625.5488558191529,637.2045184599381,-660.0833333333339
628.1447476217273,635.7007412991436,-660.0833333333339
630.7406394243018,634.1969641383491,-660.0833333333339
633.3365312268762,632.6931869775547,-660.0833333333339
635.9324230294507,631.1894098167602,-660.0833333333339
638.5283148320251,629.6856326559657,-660.0833333333339
641.1242066345995,628.1818554951712,-660.0833333333339
643.720098437174,626.6780783343768,-660.0833333333339
646.3159902397484,625.1743011735823,-660.0833333333339
648.9118820423229,623.6705240127878,-660.0833333333339
651.5077738448973,622.1667468519934,-660.0833333333339
654.1036656474718,620.6629696911989,-660.0833333333339
656.6995574500462,619.1591925304044,-660.0833333333339
659.2954492526206,617.65541536961,-660.0833333333339
661.8913410551951,616.1516382088155,-660.0833333333339
664.6602923112745,614.5476092373013,-660.0833333333339
667.6023030208588,612.8433284550676,-660.0833333333339
670.7173731839481,611.0387958621143,-660.0833333333339
674.0055028005423,609.1340114584413,-660.0833333333339
677.4666918706415,607.1289752440487,-660.0833333333339
681.1009403942456,605.0236872189364,-660.0833333333339
684.9082483713547,602.8181473831045,-660.0833333333339
688.8886158019687,600.512355736553,-660.0833333333339
693.0420426860877,598.1063122792818,-660.0833333333339
697.3685290237117,595.600017011291,-660.0833333333339
701.8680748148407,592.9934699325806,-660.0833333333339
706.5406800594747,590.2866710431506,-660.0833333333339
711.3863447576135,587.4796203430009,-660.0833333333339
716.4050689092574,584.5723178321316,-660.0833333333339
721.5968525144061,581.5647635105427,-660.0833333333339
726.7886361195549,578.5572091889537,-660.0833333333339
731.9804197247037,575.5496548673648,-660.0833333333339
737.1722033298524,572.5421005457758,-660.0833333333339
742.3639869350012,569.5345462241869,-660.0833333333339
747.55577054015,566.526991902598,-660.0833333333339
752.7475541452987,563.519437581009,-660.0833333333339
757.9393377504475,560.5118832594201,-660.0833333333339
763.1311213555963,557.5043289378311,-660.0833333333339
768.3229049607451,554.4967746162422,-660.0833333333339
773.5146885658938,551.4892202946533,-660.0833333333339
778.7064721710426,548.4816659730643,-660.0833333333339
783.8982557761914,545.4741116514754,-660.0833333333339
789.0900393813401,542.4665573298864,-660.0833333333339
794.2818229864889,539.4590030082975,-660.0833333333339
799.4736065916377,536.4514486867085,-660.0833333333339
804.6653901967865,533.4438943651196,-660.0833333333339
809.8571738019352,530.4363400435307,-660.0833333333339
815.1792388010045,527.6658483641204,-657.5000000000006
820.6207678103913,525.1380505003658,-654.9166666666672
826.1707006294605,522.858084337499,-652.3333333333338
831.8177567209987,520.830584029479,-649.7500000000005
837.5504581395127,519.0596705798245,-647.1666666666671
843.3571528607719,517.5489434654519,-644.5833333333337
849.2260384651747,516.3014733205453,-642.0000000000003
855.1451861268018,515.3197956953269,-639.416666666667
861.1025648593969,514.6059059024147,-636.8333333333336
867.0860659699938,514.1612549612423,-634.2500000000002
873.083527670487,513.9867466487837,-631.6666666666669
879.0827597971204,514.0827356625778,-629.0833333333335
885.0715685876515,514.4490268997869,-626.5000000000001
891.0377814658298,515.0848758537536,-623.9166666666667
896.9692717828125,515.9889901272505,-621.3333333333334
902.8539834652319,517.1595320593473,-618.75
908.6799555198131,518.5941224605554,-616.1666666666666
914.4353463447369,520.2898454486589,-613.5833333333333
920.1084577983328,522.2432543754019,-610.9999999999999
925.6877589761816,524.4503788319865,-608.4166666666665
931.1619096482997,526.9067327191431,-605.8333333333331
936.6360603204178,529.3630866062996,-605.8333333333331
942.1102109925358,531.8194404934561,-605.8333333333331
947.5843616646539,534.2757943806126,-605.8333333333331
953.058512336772,536.7321482677692,-605.8333333333331
958.53266300889,539.1885021549257,-605.8333333333331
964.0068136810081,541.6448560420822,-605.8333333333331
969.4809643531262,544.1012099292387,-605.8333333333331
974.9551150252443,546.5575638163953,-605.8333333333331
980.4292656973623,549.0139177035518,-605.8333333333331
985.9034163694804,551.4702715907083,-605.8333333333331
991.3775670415985,553.9266254778648,-605.8333333333331
996.8517177137165,556.3829793650214,-605.8333333333331
1002.3258683858346,558.8393332521779,-605.8333333333331
1007.8000190579527,561.2956871393344,-605.8333333333331
1013.2741697300708,563.7520410264909,-605.8333333333331
1018.7483204021888,566.2083949136475,-605.8333333333331
1024.222471074307,568.664748800804,-605.8333333333331
1029.696621746425,571.1211026879605,-605.8333333333331
1035.1707724185433,573.577456575117,-605.8333333333331
1040.6449230906615,576.0338104622736,-605.8333333333331
1046.1190737627796,578.4901643494301,-605.8333333333331
1051.5932244348978,580.9465182365866,-605.8333333333331
1057.067375107016,583.4028721237431,-605.8333333333331
1062.646676284865,585.6099965803278,-608.4166666666665
1068.319787738461,587.5634055070708,-610.9999999999999
1074.0751785633847,589.2591284951743,-613.5833333333333
1079.9011506179659,590.6937188963824,-616.1666666666666
1085.7858623003854,591.8642608284791,-618.75
1091.717352617368,592.7683751019761,-621.3333333333334
1097.6835654955462,593.4042240559428,-623.9166666666667
1103.6723742860775,593.7705152931519,-626.5000000000001
1109.6716064127108,593.866504306946,-629.0833333333335
1115.669068113204,593.6919959944873,-631.6666666666669
1121.652569223801,593.2473450533149,-634.2500000000002
1127.6099479563961,592.5334552604028,-636.8333333333336
1133.5290956180231,591.5517776351844,-639.416666666667
1139.3979812224259,590.3043074902778,-642.0000000000003
1145.204675943685,588.7935803759052,-644.5833333333337
1150.937377362199,587.0226669262506,-647.1666666666671
1156.5844334537371,584.9951666182307,-649.7500000000005
1162.1343662728063,582.7152004553639,-652.3333333333338
1167.5758952821932,580.1874025916093,-654.9166666666672
1172.8979602812624,577.416910912199,-657.5000000000006
1178.0897438864113,574.4093565906101,-660.0833333333339
1183.1406935179828,571.170852642901,-662.6666666666673
1188.0405428489528,567.7079815026775,-665.2500000000007
1192.9403921799228,564.245110362454,-665.2500000000007
1197.8402415108928,560.7822392222306,-665.2500000000007
1202.7400908418629,557.3193680820071,-665.2500000000007
1207.639940172833,553.8564969417837,-665.2500000000007
1212.378729995672,550.1762970810485,-667.833333333334
1216.9468284649713,546.2862487041275,-670.4166666666674
1221.3349506746863,542.1942585437524,-673.0000000000008
1225.5341775302084,537.9086437902005,-675.5833333333342
1229.5359738769048,533.4381151861573,-678.1666666666675
1233.3322058482797,528.7917593216641,-680.7500000000009
1236.9151573984964,523.9790201651338,-683.3333333333343
1240.2775459856548,519.0096798679768,-685.9166666666677
1243.4125373739505,513.8938388818523,-688.500000000001
1246.3137595246267,508.6418954289555,-691.0833333333344
1248.9753155474864,503.2645243670722,-693.6666666666678
1251.3917956866387,497.7726554923555,-696.2500000000011
1253.5582883161192,492.17745132392633,-698.8333333333345
1255.4703899230335,486.4902844154529,-701.4166666666679
1257.3824915299479,480.80311750697945,-701.4166666666679
1259.2945931368622,475.115950598506,-701.4166666666679
1261.2066947437766,469.42878369003256,-701.4166666666679
1263.118796350691,463.7416167815591,-701.4166666666679
1265.0308979576052,458.0544498730857,-701.4166666666679
1266.9429995645196,452.36728296461223,-701.4166666666679
1268.855101171434,446.6801160561388,-701.4166666666679
1270.7672027783483,440.99294914766534,-701.4166666666679
1272.6793043852626,435.3057822391919,-701.4166666666679
1274.591405992177,429.61861533071846,-701.4166666666679
1276.245230127079,423.8510451550885,-704.0000000000013
1277.637415303387,418.0147946091585,-706.5833333333346
1278.7651318297874,412.1217261863347,-709.166666666668
1279.6260875617343,406.18381786541664,-711.7500000000014
1280.2185325603562,400.2131387647106,-714.3333333333347
1280.5412626493014,394.2218246108968,-716.9166666666681
1280.5936218622915,388.2220530725118,-719.5000000000015
1280.6459810752815,382.2222815341268,-719.5000000000015
1280.6983402882715,376.2225099957418,-719.5000000000015
1280.7506995012616,370.2227384573568,-719.5000000000015
1280.8030587142516,364.2229669189718,-719.5000000000015
1280.8554179272417,358.2231953805868,-719.5000000000015
1280.9077771402317,352.2234238422018,-719.5000000000015
1280.9601363532217,346.2236523038168,-719.5000000000015
1281.0124955662118,340.2238807654318,-719.5000000000015
1281.0648547792018,334.22410922704677,-719.5000000000015
1281.1172139921919,328.22433768866176,-719.5000000000015
1281.169573205182,322.22456615027676,-719.5000000000015
1281.221932418172,316.22479461189175,-719.5000000000015
1281.274291631162,310.22502307350675,-719.5000000000015
1281.326650844152,304.22525153512174,-719.5000000000015
1281.379010057142,298.22547999673674,-719.5000000000015
1281.431369270132,292.22570845835173,-719.5000000000015
1281.4837284831221,286.2259369199667,-719.5000000000015
1281.5360876961122,280.2261653815817,-719.5000000000015
1281.5884469091022,274.2263938431967,-719.5000000000015
1281.6408061220923,268.2266223048117,-719.5000000000015
1281.6931653350823,262.2268507664267,-719.5000000000015
1281.7455245480724,256.2270792280417,-719.5000000000015
1281.7978837610624,250.22730768965667,-719.5000000000015
1281.8502429740524,244.22753615127164,-719.5000000000015
1281.6321248881684,238.23150208694125,-722.0833333333348
1281.143972840161,232.25139275867423,-724.6666666666682
1280.386779025346,226.29936306059597,-727.2500000000016
1279.3620824809122,220.38751081347195,-729.833333333335
1278.071965957747,214.52785217523578,-732.4166666666683
1276.5190516871317,208.7322972175014,-735.0000000000017
1274.7064960509165,203.01262571770138,-737.5833333333351
1272.637983166004,197.38046321605506,-740.1666666666684
1270.3177173961828,191.84725738603242,-742.7500000000018
1267.7504148065327,186.4242547663414,-745.3333333333352
1264.9412935777677,181.1224779017325,-747.9166666666686
1261.8960634000034,175.95270293908345,-750.5000000000019
1258.620913867504,170.92543772430034,-753.0833333333353
1255.122501897999,166.05090044455528,-755.6666666666687
1251.4079382021398,161.33899885927093,-758.250000000002
1247.4847728305972,156.79931016206612,-760.8333333333354
1243.360979828177,152.44106151459422,-763.4166666666688
1239.044941026145,148.2731112918404,-766.0000000000022
1234.545429005703,144.30393107699763,-768.5833333333355
1229.8715892672465,140.54158844251785,-771.1666666666689
1225.0329216416415,136.99373055233656,-773.7500000000023
1220.0392609813077,133.66756861860054,-776.3333333333356
1214.9007571703514,130.56986324449096,-778.916666666669
1209.6278544943796,127.70691068293353,-781.5000000000024
1204.231270411927,125.08453003912541,-784.0833333333358
1198.7219737706453,122.7080514428907,-786.6666666666691
1193.111162512529,120.58230521490466,-789.2500000000025
1187.4102409134966,118.71161204880684,-791.8333333333359
1181.6307964035846,117.09977422915877,-794.4166666666692
1175.784576014873,115.75006790309584,-797.0000000000026
1169.8834625050104,114.66523642138192,-799.583333333336
1163.9394502048688,113.84748476240122,-802.1666666666694
1157.9646206394207,113.29847505042109,-804.7500000000027
1151.9711179713895,113.0193231772349,-807.3333333333361
1145.9711243175846,113.01059653405194,-809.9166666666695
1139.9768349880935,113.27231285824426,-812.5000000000028
1134.0004336986574,113.80394019729445,-815.0833333333362
1128.0540678066131,114.60439799001783,-817.6666666666696
1122.1498236207356,115.67205926286118,-820.250000000003
1116.2997018351641,117.00475393681411,-822.8333333333363
1110.5155931373465,118.59977323821141,-825.4166666666697
1104.8092540395758,120.4538752044614,-828.0000000000031
1099.1922829832463,122.56329127350938,-830.5833333333364
1093.676096764398,124.92373394364287,-833.1666666666698
1088.2719073284625,127.53040548806968,-835.7500000000032
1082.990698981382,130.37800770655582,-838.3333333333366
1077.8432060634148,133.46075269430273,-840.9166666666699
1072.8398911310119,136.77237460617536,-843.5000000000033
1067.9909236911074,140.30614239236968,-846.0833333333367
1063.3061595310476,144.05487347963373,-848.66666666667
1058.795120686174,148.01094837023442,-851.2500000000034
1054.4669760857728,152.16632612899684,-853.8333333333368
1050.330522916733,156.5125607269379,-856.4166666666702
1046.39416874279,161.04081820827477,-859.0000000000035
1042.665914415701,165.7418946459157,-861.5833333333369
1039.1533378130816,170.6062348489372,-864.1666666666703
1035.8635784359624,175.62395178402394,-866.7500000000036
1032.8033228973686,180.78484667139634,-869.333333333337
1029.7430673587749,185.94574155876873,-869.333333333337
1026.682811820181,191.10663644614112,-869.333333333337
1023.393052443062,196.12435338122788,-866.7500000000036
1019.8804758404426,200.98869358424938,-864.1666666666703
1016.1522215133537,205.6897700218903,-861.5833333333369
1012.2158673394109,210.21802750322718,-859.0000000000035
1008.079414170371,214.56426210116823,-856.4166666666702
1003.7512695699697,218.71963985993065,-853.8333333333368
999.2402307250961,222.67571475053134,-851.2500000000034
994.5554665650363,226.4244458377954,-848.66666666667
989.7064991251317,229.9582136239897,-846.0833333333367
984.7031841927288,233.26983553586234,-843.5000000000033
979.5556912747618,236.35258052360925,-840.9166666666699
974.2744829276812,239.2001827420954,-838.3333333333366
968.8702934917459,241.8068542865222,-835.7500000000032
963.3541072728975,244.1672969566557,-833.1666666666698
960.5456217447328,245.2220049911797,-830.5833333333364
957.7133546835545,246.2110769269682,-829.2500000000031
954.8588398119405,247.1339771641197,-827.9166666666697
951.9836229000504,247.99020593587485,-826.5833333333363
949.0892609285639,248.7792995792489,-825.250000000003
946.1773212455485,249.50083078611357,-823.9166666666696
943.2493807177119,250.1544088345917,-822.5833333333362
940.3070248765023,250.73967980064023,-821.2500000000028
937.3518470595138,251.25632674970623,-819.9166666666695
934.1876875802105,251.73391945226234,-818.5833333333361
930.8142502524801,252.1580899319924,-817.1666666666695
927.2318427920565,252.51355693116585,-815.6666666666695
923.4414889457776,252.78414466185325,-814.0833333333361
919.4450465190005,252.95280980186828,-812.4166666666695
915.2453308253847,253.00167791823435,-810.6666666666695
910.846242953809,252.91209054102384,-808.8333333333361
906.2529021025517,252.66466413949917,-806.9166666666695
901.4717810710027,252.2393622682595,-804.9166666666695
896.5108438243402,251.61558215100987,-802.8333333333361
891.3796838573547,250.77225695086116,-800.6666666666695
886.0896618808595,249.68797493579427,-798.4166666666695
880.6540411392303,248.34111668298078,-796.0833333333361
875.0881184423927,246.71001137282238,-793.6666666666695
869.409348762344,244.77311309956167,-791.1666666666695
863.8236509336314,242.58222748723165,-788.5833333333361
858.3423781877757,240.14180762877712,-786.0000000000027
852.86110544192,237.70138777032258,-786.0000000000027
847.3798326960643,235.26096791186805,-786.0000000000027
841.7941348673517,233.07008229953803,-788.5833333333361
836.115365187303,231.13318402627732,-791.1666666666695
830.3550660609874,229.45420994209167,-793.7500000000028
824.524945606462,228.0365726521881,-796.3333333333362
818.6368538573925,226.88315358067132,-798.9166666666696
812.7027586772209,225.99629711389397,-801.500000000003
806.7347214338398,225.3778058353652,-804.0833333333363
800.7448724842122,225.02893686190265,-806.6666666666697
794.7453865187682,224.9503992884749,-809.2500000000031
788.7484578156913,225.14235274692768,-811.8333333333364
782.7662754553916,225.60440708152368,-814.4166666666698
776.8109985455437,226.3356231419549,-817.0000000000032
770.8947315070459,227.33451469221637,-819.5833333333366
765.0294994711328,228.5990514314608,-822.1666666666699
759.2272238376493,230.1266631206943,-824.7500000000033
753.499698044163,231.91424480692552,-827.3333333333367
747.8585635951681,233.95816313414977,-829.91666666667
742.3152864001005,236.25426372834065,-832.5000000000034
736.8811334682597,238.7978796414389,-835.0833333333368
731.567150008006,241.58384083717556,-837.6666666666702
726.3841369767798,244.60648469944903,-840.2500000000035
721.3426291275742,247.8596675418971,-842.8333333333369
716.4528735964825,251.33677709527012,-845.4166666666703
711.7248090748424,255.03074594722437,-848.0000000000036
707.1680456083109,258.9340659072179,-850.583333333337
702.7918450639293,263.03880326731223,-853.1666666666704
698.6051023048794,267.3366149278604,-855.7500000000038
694.6163271111961,271.81876535530665,-858.3333333333371
690.8336268831805,276.47614433762817,-860.9166666666705
687.2646901626728,281.2992855013317,-863.5000000000039
683.695753442165,286.1224266650353,-863.5000000000039
680.1268167216573,290.94556782873883,-863.5000000000039
676.5578800011496,295.7687089924424,-863.5000000000039
672.9889432806418,300.59185015614594,-863.5000000000039
669.4200065601341,305.4149913198495,-863.5000000000039
665.8510698396263,310.23813248355304,-863.5000000000039
662.2821331191186,315.0612736472566,-863.5000000000039
658.7131963986109,319.88441481096015,-863.5000000000039
655.1442596781031,324.7075559746637,-863.5000000000039
651.3615594500875,329.3649349569852,-860.9166666666705
647.3727842564042,333.84708538443147,-858.3333333333371
643.1860414973544,338.14489704497964,-855.7500000000038
638.8098409529728,342.24963440507395,-853.1666666666704
634.2530774864413,346.1529543650675,-850.583333333337
629.5250129648011,349.84692321702175,-848.0000000000036
624.6352574337094,353.3240327703948,-845.4166666666703
619.5937495845038,356.57721561284285,-842.8333333333369
614.4107365532776,359.5998594751163,-840.2500000000035
609.096753093024,362.385820670853,-837.6666666666702
603.6626001611831,364.9294365839512,-835.0833333333368
598.1193229661155,367.2255371781421,-832.5000000000034
592.4781885171207,369.26945550536635,-829.91666666667
586.7506627236344,371.0570371915976,-827.3333333333367
580.9483870901508,372.5846488808311,-824.7500000000033
575.0831550542377,373.8491856200755,-822.1666666666699
569.1668880157399,374.848077170337,-819.5833333333366
563.2116111058921,375.5792932307682,-817.0000000000032
557.2294287455924,376.04134756536416,-814.4166666666698
551.2325000425154,376.233301023817,-811.8333333333364
545.2330140770714,376.1547634503892,-809.2500000000031
539.2431651274438,375.8058944769267,-806.6666666666697
533.2751278840627,375.18740319839793,-804.0833333333363
527.3410327038912,374.30054673162056,-801.500000000003
521.4529409548215,373.14712766010376,-798.9166666666696
515.6228205002961,371.7294903702002,-796.3333333333362
509.8625213739805,370.05051628601456,-793.7500000000028
504.18375169393187,368.1136180127539,-791.1666666666695
498.5980538652192,365.92273240042385,-788.5833333333361
493.11678111936345,363.4823125419693,-786.0000000000027
487.7510744382834,360.79731872212295,-783.4166666666694
482.5118399096501,357.8732083353597,-780.833333333336
477.4097265596766,354.7159247934487,-778.2500000000026
472.4551047083989,351.3318854451488,-775.6666666666692
467.6580448914424,347.72796853260195,-773.0833333333359
463.02829739111587,343.9114992109356,-770.5000000000025
458.5752724184381,339.8902346594906,-767.9166666666691
454.3080209863771,335.6723483149368,-765.3333333333358
450.23521651317924,331.26641325832287,-762.7500000000024
446.3651371931798,326.6813847898276,-760.166666666669
442.70564917092713,321.9265822266301,-757.5833333333356
439.26419055282065,317.0116699608963,-755.0000000000023
436.0477562887591,311.94663781638127,-752.4166666666689
433.0628839545283,306.74178074357485,-749.8333333333355
430.07801162029745,301.53692367076843,-749.8333333333355
427.0931392860666,296.332066597962,-749.8333333333355
424.1082669518358,291.1272095251556,-749.8333333333355
420.89183268777424,286.06217738064055,-752.4166666666689
417.45037406966776,281.14726511490676,-755.0000000000023
413.7908860474151,276.3924625517093,-757.5833333333356
409.92080672741565,271.807434083214,-760.166666666669
405.8480022542178,267.40149902660005,-762.7500000000024
401.5807508221568,263.18361268204626,-765.3333333333358
397.127725849479,259.1623481306013,-767.9166666666691
392.4979783491525,255.3458788089349,-770.5000000000025
387.700918532196,251.74196189638806,-773.0833333333359
382.7462966809183,248.3579225480882,-775.6666666666692
377.64418333094477,245.2006390061772,-778.2500000000026
372.4049488023115,242.276528619414,-780.833333333336
367.03924212123144,239.59153479956765,-783.4166666666694
361.5579693753757,237.15111494111312,-786.0000000000027
355.972271546663,234.9602293287831,-788.5833333333361
350.2935018666144,233.02333105552242,-791.1666666666695
344.53320274029875,231.34435697133677,-793.7500000000028
338.7030822857734,229.9267196814332,-796.3333333333362
332.87296183124806,228.50908239152966,-796.3333333333362
327.0428413767227,227.0914451016261,-796.3333333333362
321.2127209221974,225.67380781172255,-796.3333333333362
315.38260046767203,224.256170521819,-796.3333333333362
309.5524800131467,222.83853323191545,-796.3333333333362
303.72235955862135,221.4208959420119,-796.3333333333362
297.892239104096,220.00325865210834,-796.3333333333362
292.0041473550264,218.84983958059155,-798.9166666666696
286.0700521748549,217.9629831138142,-801.500000000003
280.1020149314738,217.34449183528542,-804.0833333333363
274.11216598184615,216.99562286182288,-806.6666666666697
268.1126800164021,216.91708528839513,-809.2500000000031
262.1157513133252,217.10903874684792,-811.8333333333364
256.1335689530255,217.5710930814439,-814.4166666666698
250.17829204317758,218.30230914187513,-817.0000000000032
244.2620250046797,219.3012006921366,-819.5833333333366
238.39679296876665,220.56573743138102,-822.1666666666699
232.5945173352831,222.09334912061453,-824.7500000000033
226.8669915417968,223.88093080684575,-827.3333333333367
221.22585709280193,225.92484913407,-829.91666666667
215.68257989773434,228.22094972826088,-832.5000000000034
210.2484269658936,230.76456564135913,-835.0833333333368
204.93444350563993,233.5505268370958,-837.6666666666702
199.75143047441375,236.57317069936926,-840.2500000000035
194.70992262520815,239.82635354181733,-842.8333333333369
189.66841477600255,243.0795363842654,-842.8333333333369
184.62690692679695,246.33271922671346,-842.8333333333369
179.58539907759135,249.58590206916153,-842.8333333333369
174.54389122838575,252.8390849116096,-842.8333333333369
169.50238337918015,256.0922677540577,-842.8333333333369
164.46087552997454,259.3454505965057,-842.8333333333369
159.41936768076894,262.59863343895375,-842.8333333333369
154.37785983156334,265.8518162814018,-842.8333333333369
149.33635198235774,269.10499912384984,-842.8333333333369
144.29484413315214,272.3581819662979,-842.8333333333369
139.40508860206043,275.83529151967093,-845.4166666666703
134.67702408042032,279.5292603716252,-848.0000000000036
130.12026061388886,283.43258033161874,-850.583333333337
125.74406006950721,287.53731769171304,-853.1666666666704
121.55731731045742,291.8351293522612,-855.7500000000038
117.56854211677408,296.31727977970746,-858.3333333333371
113.78584188875843,300.974658762029,-860.9166666666705
110.2169051682507,305.79779992573253,-863.5000000000039
106.86898601125503,310.776899976768,-866.0833333333372
103.52106685425936,315.75600002780345,-866.0833333333372
100.17314769726369,320.7351000788389,-866.0833333333372
96.82522854026801,325.71420012987437,-866.0833333333372
93.47730938327234,330.69330018090983,-866.0833333333372
90.12939022627667,335.6724002319453,-866.0833333333372
86.781471069281,340.65150028298075,-866.0833333333372
83.43355191228532,345.6306003340162,-866.0833333333372
80.08563275528965,350.60970038505167,-866.0833333333372
76.73771359829398,355.5888004360871,-866.0833333333372
73.61761683071903,360.71373908557047,-868.6666666666706
70.73168421720307,365.9740996198157,-871.250000000004
68.08578157113591,371.3591900728661,-873.8333333333374
65.68528683207745,376.8580649584907,-876.4166666666707
63.535079134806054,382.45954751747405,-879.0000000000041
61.639528892214386,388.1522524349813,-881.5833333333375
60.00248891221004,393.9246089818231,-884.1666666666708
58.627286566675984,399.7648845325859,-886.7500000000042
57.25208422114193,405.60516008334866,-886.7500000000042
55.87688187560787,411.44543563411145,-886.7500000000042
54.501679530073815,417.28571118487423,-886.7500000000042
53.12647718453976,423.125986735637,-886.7500000000042
51.7512748390057,428.9662622863998,-886.7500000000042
50.376072493471646,434.8065378371626,-886.7500000000042
49.00087014793759,440.64681338792536,-886.7500000000042
47.625667802403534,446.48708893868815,-886.7500000000042
46.25046545686948,452.32736448945093,-886.7500000000042
44.87526311133542,458.1676400402137,-886.7500000000042
43.500060765801365,464.0079155909765,-886.7500000000042
42.12485842026731,469.8481911417393,-886.7500000000042
40.74965607473325,475.68846669250206,-886.7500000000042
39.374453729199196,481.52874224326484,-886.7500000000042
37.99925138366514,487.3690177940276,-886.7500000000042
36.888681845397294,493.2653416742662,-889.3333333333376
36.04500240676532,499.2057292882885,-891.916666666671
35.469927891644424,505.17810647849166,-894.5000000000043
35.164627169943465,511.17033406673704,-897.0833333333377
35.129720781813965,517.1702325278835,-899.6666666666711
35.36527967636884,523.1656067453279,-902.2500000000044
35.87082506747452,529.1442707982357,-904.8333333333378
36.64532940690953,535.0940727300815,-907.4166666666712
37.68721847291158,541.0029192481546,-910.0000000000045
38.994374569868015,546.8588003038276,-912.5833333333379
40.564140832646146,552.6498135036263,-915.1666666666713
42.393326626814684,558.3641883014858,-917.7500000000047
44.47821403377993,563.9903099230185,-920.333333333338
46.81456540765551,569.5167429731684,-922.9166666666714
49.39763198850573,574.9322546792674,-925.5000000000048
52.222163554455754,580.2258377222499,-928.0833333333381
55.28241909305025,585.3867326096218,-930.6666666666715
58.57217847017016,590.4044495447081,-933.2500000000049
62.08475507279021,595.2687897477291,-935.8333333333383
65.81300939987983,599.9698661853695,-938.4166666666716
69.74936357382326,604.4981236667057,-941.000000000005
73.88581674286381,608.8443582646462,-943.5833333333384
78.21396134326568,612.999736023408,-946.1666666666717
82.72500018813989,616.955810914008,-948.7500000000051
87.40976434820018,620.7045420012713,-951.3333333333385
92.25873178810535,624.2383097874649,-953.9166666666719
97.26204672050866,627.5499316993368,-956.5000000000052
102.4095396384762,630.632676687083,-959.0833333333386
107.69074798555712,633.4802789055683,-961.666666666672
113.0949374214929,636.0869504499943,-964.2500000000053
118.61112364034166,638.447393120127,-966.8333333333387
124.22809469667138,640.5568091891741,-969.4166666666721
129.93443379444247,642.4109111554233,-972.0000000000055
135.71854249226038,644.0059304568197,-974.5833333333388
141.56866427783203,645.3386251307717,-977.1666666666722
147.47290846370987,646.4062864036141,-979.7500000000056
153.41927435575434,647.2067441963366,-982.3333333333389
159.3956756451906,647.7383715353859,-984.9166666666723
165.3899649746818,648.0000878595773,-987.5000000000057
171.38995862848665,647.9913612163934,-990.083333333339
177.38346129651777,647.7122093432064,-992.6666666666724
183.35829086196568,647.1631996312253,-995.2500000000058
189.30230316210714,646.3454479722437,-997.8333333333392
195.20341667196953,645.260616490529,-1000.4166666666725
201.0496370606808,643.9109101644651,-1003.0000000000059
206.82908157059256,642.2990723448162,-1005.5833333333393
212.53000316962476,640.4283791787175,-1008.1666666666727
218.14081442774062,638.3026329507306,-1010.750000000006
223.65011106902202,635.9261543544951,-1013.3333333333394
229.0466951514742,633.3037737106862,-1015.9166666666728
234.3195978274457,630.4408211491279,-1018.5000000000061
239.5925005034172,627.5778685875697,-1018.5000000000061
244.8654031793887,624.7149160260115,-1018.5000000000061
250.1383058553602,621.8519634644532,-1018.5000000000061
255.41120853133168,618.989010902895,-1018.5000000000061
260.8077926137839,616.366630259086,-1015.9166666666728
266.3170892550653,613.9901516628505,-1013.3333333333394
271.92790051318116,611.8644054348637,-1010.750000000006
277.62882211221336,609.993712268765,-1008.1666666666727
283.40826662212515,608.381874449116,-1005.5833333333393
289.25448701083644,607.0321681230522,-1003.0000000000059
295.15560052069884,605.9473366413374,-1000.4166666666725
301.0996128208403,605.1295849823558,-997.8333333333392
307.07444238628824,604.5805752703748,-995.2500000000058
313.06794505431935,604.3014233971877,-992.6666666666724
319.06793870812425,604.2926967540038,-990.083333333339
325.0622280376154,604.5544130781952,-987.5000000000057
328.0504286823335,604.8202267477199,-984.9166666666723
331.0316350386897,605.1555007562878,-983.5833333333389
334.2024059103278,605.5870237331634,-982.2500000000056
337.55898489492694,606.1286670845926,-980.8333333333389
341.0967792230701,606.7950088075532,-979.3333333333389
344.81025742762836,607.6012839617474,-977.7500000000056
348.6928436716492,608.5633255708997,-976.0833333333389
352.7368095239706,609.6974949521029,-974.3333333333389
356.9331641072629,611.0206004699213,-972.5000000000056
361.27154369018086,612.549803724731,-970.5833333333389
365.74010195315105,614.3025122145948,-968.5833333333389
370.3254023250769,616.2962575592206,-966.5000000000056
375.0123139645935,618.5485584457284,-964.3333333333389
379.7839131427418,621.0767675516163,-962.0833333333389
384.62139197188674,623.8979018230708,-959.7500000000056
389.50397661573953,627.0284556391891,-957.3333333333389
394.4088573042817,630.4841965772755,-954.8333333333389
399.1529947467451,634.1575002574817,-952.2500000000056
403.726746228396,638.0409004923399,-949.6666666666722
408.1208153531379,642.126504061825,-947.0833333333388
412.3262709389374,646.4060067567497,-944.5000000000055
416.5317265247369,650.6855094516743,-944.5000000000055
420.9257956494788,654.7711130211594,-947.0833333333388
425.4995471311297,658.6545132560176,-949.6666666666722
430.2436845735931,662.3278169362238,-952.2500000000056
435.14856526213526,665.7835578743102,-954.8333333333389
440.20421976272166,669.0147120907939,-957.4166666666723
445.4003721854286,672.0147120907934,-960.0000000000057
450.7264610707424,674.7774602128154,-962.583333333339
456.1716608562947,677.2973410225803,-965.1666666666724
461.72490388040035,679.5692327266944,-967.7500000000058
467.3749028776758,681.5885175829706,-970.3333333333392
473.11017392101365,683.3510912862382,-972.9166666666725
478.91905976328246,684.8533713105643,-975.5000000000059
484.78975353130926,686.0923041909299,-978.0833333333393
490.71032272398486,687.0653717295627,-980.6666666666727
496.66873346571447,687.7705961143091,-983.250000000006
502.65287496591793,688.2065439386441,-985.8333333333394
508.6505841348633,688.3723291151473,-988.4166666666728
514.6496703058017,688.267614676523,-991.0000000000061
520.6379400131533,687.8926134605045,-993.5833333333395
526.603221776383,687.2480876772503,-996.1666666666729
532.5333908391895,686.3353473601102,-998.7500000000063
538.4163938137252,685.1562477029125,-1001.3333333333396
544.2402731797562,683.7131852891829,-1003.916666666673
549.9931915889651,682.0090932209587,-1006.5000000000064
555.7461099981741,680.3050011527345,-1006.5000000000064
561.4990284073831,678.6009090845102,-1006.5000000000064
567.2519468165921,676.896817016286,-1006.5000000000064
573.004865225801,675.1927249480618,-1006.5000000000064
578.75778363501,673.4886328798376,-1006.5000000000064
584.510702044219,671.7845408116134,-1006.5000000000064
590.263620453428,670.0804487433892,-1006.5000000000064
596.0165388626369,668.376356675165,-1006.5000000000064
601.7694572718459,666.6722646069408,-1006.5000000000064
607.4397216078804,664.7106065430838,-1009.0833333333397
613.0158067532411,662.4953696592071,-1011.6666666666731
618.4863790147034,660.0310565435256,-1014.2500000000065
623.840319159659,657.3226760451035,-1016.8333333333399
629.066745016555,654.3757330930991,-1019.4166666666732
634.1550335934933,651.1962175076993,-1022.0000000000066
639.094842670033,647.7905918254881,-1024.5833333333399
644.0346517465728,644.384966143277,-1024.5833333333399
648.9744608231125,640.9793404610658,-1024.5833333333399
653.9142698996523,637.5737147788547,-1024.5833333333399
658.854078976192,634.1680890966435,-1024.5833333333399
663.7938880527317,630.7624634144323,-1024.5833333333399
668.7336971292715,627.3568377322212,-1024.5833333333399
673.6735062058112,623.95121205001,-1024.5833333333399
678.613315282351,620.5455863677988,-1024.5833333333399
683.5531243588907,617.1399606855877,-1024.5833333333399
688.4929334354305,613.7343350033765,-1024.5833333333399
693.4327425119702,610.3287093211653,-1024.5833333333399
698.37255158851,606.9230836389542,-1024.5833333333399
703.1538407367879,603.2982699774593,-1027.166666666673
707.7668917292282,599.4616359655753,-1029.7500000000064
712.2023282913633,595.4209797684614,-1032.3333333333396
716.6377648534984,591.3803235713475,-1032.3333333333396
721.0732014156335,587.3396673742336,-1032.3333333333396
725.5086379777687,583.2990111771197,-1032.3333333333396
729.9440745399038,579.2583549800058,-1032.3333333333396
734.3795111020389,575.217698782892,-1032.3333333333396
738.814947664174,571.177042585778,-1032.3333333333396
743.2503842263092,567.1363863886642,-1032.3333333333396
747.6858207884443,563.0957301915503,-1032.3333333333396
752.1212573505794,559.0550739944364,-1032.3333333333396
756.5566939127145,555.0144177973225,-1032.3333333333396
760.9921304748497,550.9737616002086,-1032.3333333333396
765.4275670369848,546.9331054030947,-1032.3333333333396
769.8630035991199,542.8924492059808,-1032.3333333333396
774.298440161255,538.8517930088669,-1032.3333333333396
778.7338767233902,534.811136811753,-1032.3333333333396
783.1693132855253,530.7704806146392,-1032.3333333333396
787.7823642779656,526.9338466027551,-1029.7500000000064
792.5636534262435,523.3090329412603,-1027.166666666673
797.5034625027832,519.9034072590491,-1024.5833333333399
802.5917510797215,516.7238916736493,-1022.0000000000065
807.8181769366175,513.7769487216449,-1019.4166666666731
813.1721170815732,511.06856822322294,-1016.8333333333397
818.6426893430355,508.60425510754146,-1014.2500000000064
824.2187744883962,506.3890182236647,-1011.666666666673
829.8890388244307,504.4273601598078,-1009.0833333333396
835.6419572336397,502.72326809158363,-1006.5000000000063
841.4658365996706,501.280205677854,-1003.9166666666729
847.3488395742064,500.10110602065635,-1001.3333333333395
853.2790086370129,499.1883657035162,-998.7500000000061
859.2442904002426,498.5438399202619,-996.1666666666728
865.2325601075942,498.16883870424346,-993.5833333333394
871.2316462785325,498.0641242656191,-991.000000000006
877.2293554474779,498.2299094421223,-988.4166666666727
883.2134969476814,498.6658572664573,-985.8333333333393
889.171907689411,499.3710816512037,-983.2500000000059
895.0924768820865,500.3441491898365,-980.6666666666725
900.9631706501134,501.5830820702021,-978.0833333333392
906.7720564923821,503.0853620945282,-975.5000000000058
912.5073275357199,504.84793579779586,-972.9166666666724
918.1573265329954,506.86722065407207,-970.333333333339
923.710569557101,509.13911235818614,-967.7500000000057
929.1557693426533,511.65899316795105,-965.1666666666723
934.4818582279672,514.4217412899732,-962.5833333333389
939.8079471132811,517.1844894119953,-962.5833333333389
945.134035998595,519.9472375340174,-962.5833333333389
950.4601248839089,522.7099856560395,-962.5833333333389
955.7862137692227,525.4727337780616,-962.5833333333389
961.1123026545366,528.2354819000838,-962.5833333333389
966.4383915398505,530.9982300221059,-962.5833333333389
971.7644804251644,533.760978144128,-962.5833333333389
977.0905693104783,536.5237262661501,-962.5833333333389
982.4166581957921,539.2864743881722,-962.5833333333389
987.742747081106,542.0492225101943,-962.5833333333389
993.0688359664199,544.8119706322165,-962.5833333333389
998.3949248517338,547.5747187542386,-962.5833333333389
1003.7210137370477,550.3374668762607,-962.5833333333389
1009.0471026223615,553.1002149982828,-962.5833333333389
1014.3731915076754,555.8629631203049,-962.5833333333389
1019.6992803929893,558.625711242327,-962.5833333333389
1025.025369278303,561.3884593643492,-962.5833333333389
1030.3514581636168,564.1512074863713,-962.5833333333389
1035.6775470489306,566.9139556083934,-962.5833333333389
1041.0036359342444,569.6767037304155,-962.5833333333389
1046.3297248195581,572.4394518524376,-962.5833333333389
1051.655813704872,575.2021999744597,-962.5833333333389
1056.9819025901857,577.9649480964819,-962.5833333333389
1062.4271023757378,580.4848289062468,-965.1666666666723
1067.9803453998434,582.7567206103608,-967.7500000000057
1073.6303443971187,584.776005466637,-970.333333333339
1079.3656154404566,586.5385791699047,-972.9166666666724
1085.1745012827255,588.0408591942307,-975.5000000000058
1091.0451950507522,589.2797920745963,-978.0833333333392
1096.9657642434279,590.2528596132291,-980.6666666666725
1102.9241749851576,590.9580839979756,-983.2500000000059
1108.9083164853612,591.3940318223106,-985.8333333333393
1114.9060256543066,591.5598169988137,-988.4166666666727
1120.905111825245,591.4551025601894,-991.000000000006
1126.8933815325965,591.080101344171,-993.5833333333394
1132.8586632958263,590.4355755609167,-996.1666666666728
1138.7888323586328,589.5228352437766,-998.7500000000061
1144.6718353331685,588.343735586579,-1001.3333333333395
1150.4957146991994,586.9006731728493,-1003.9166666666729
1156.2486331084083,585.1965811046251,-1006.5000000000063
1161.9188974444428,583.2349230407682,-1009.0833333333396
1167.4949825898034,581.0196861568915,-1011.666666666673
1172.9655548512656,578.55537304121,-1014.2500000000064
1178.3194949962212,575.846992542788,-1016.8333333333397
1183.5459208531172,572.9000495907836,-1019.4166666666731
1188.6342094300553,569.7205340053838,-1022.0000000000065
1193.574018506595,566.3149083231726,-1024.5833333333399
1198.3553076548728,562.6900946616778,-1027.166666666673
1202.9683586473132,558.8534606497938,-1029.7500000000064
1207.4037952094484,554.8128044526799,-1032.3333333333396
1211.6526020777014,550.5763389215696,-1034.9166666666729
1215.7061433233948,546.1526749007083,-1037.5000000000061
1219.5561799057405,541.5508037253493,-1040.0833333333394
1223.194886418133,536.7800789463798,-1042.6666666666727
1226.6148669937102,531.8501973187265,-1045.250000000006
1229.8091703378514,526.7711790921783,-1047.8333333333392
1232.7713038570566,521.5533476446897,-1050.4166666666724
1235.4952468554934,516.2073084995592,-1053.0000000000057
1237.9754627723846,510.7439277691323,-1055.583333333339
1240.4556786892758,505.28054703870544,-1055.583333333339
1242.935894606167,499.81716630827856,-1055.583333333339
1245.4161105230583,494.3537855778517,-1055.583333333339
1247.8963264399495,488.8904048474248,-1055.583333333339
1250.3765423568407,483.4270241169979,-1055.583333333339
1252.8567582737319,477.96364338657105,-1055.583333333339
1255.336974190623,472.5002626561442,-1055.583333333339
1257.8171901075143,467.0368819257173,-1055.583333333339
1260.2974060244055,461.5735011952904,-1055.583333333339
1262.7776219412967,456.11012046486354,-1055.583333333339
1265.257837858188,450.64673973443666,-1055.583333333339
1267.7380537750792,445.1833590040098,-1055.583333333339
1270.2182696919704,439.7199782735829,-1055.583333333339
1272.6984856088616,434.25659754315603,-1055.583333333339
1275.1787015257528,428.79321681272916,-1055.583333333339
1277.658917442644,423.3298360823023,-1055.583333333339
1280.1391333595352,417.8664553518754,-1055.583333333339
1282.6193492764264,412.4030746214485,-1055.583333333339
1285.0995651933176,406.93969389102165,-1055.583333333339
1287.3310128562994,401.3700761907326,-1058.1666666666722
1289.3091567278755,395.70554206837573,-1060.7500000000055
1291.0299761241415,389.95760499448267,-1063.3333333333387
1292.489973387041,384.1379479605737,-1065.916666666672
1293.6861809935435,378.2583997328486,-1068.5000000000052
